signature,id,id_source,type,brand,category,subcategory,model,generation,version,name,years,photo_folder,quick_photo_1,quick_photo_2,photo_mode,photo_1,photo_2,article_file,article_exists
fcfc1331c4ff125e26922876f2339986d3f740bb,car-00001,excel,car,Abarth,,,500,Gen 1,-,Abarth 500,2008–2013,assets/vehicles/abarth/car-00001/,assets/vehicles/_quick/car-00001-1.webp,assets/vehicles/_quick/car-00001-2.webp,,,,content/articles/abarth/car-00001.md,no
d6771289caa416ca85028361aee08bf03f5e6067,car-00002,excel,car,Abarth,,,500,Gen 1,Esseesse,Abarth 500 Esseesse,2008–2013,assets/vehicles/abarth/car-00002/,assets/vehicles/_quick/car-00002-1.webp,assets/vehicles/_quick/car-00002-2.webp,,,,content/articles/abarth/car-00002.md,no
e556ea4f6327516697033920ffaf673f190991be,car-00003,excel,car,Abarth,,,500,Gen 1,C,Abarth 500 C,2010–2014,assets/vehicles/abarth/car-00003/,assets/vehicles/_quick/car-00003-1.webp,assets/vehicles/_quick/car-00003-2.webp,,,,content/articles/abarth/car-00003.md,no
cc9f64d2abd2bb7c2ccfe916c9932bb274f94094,car-00004,excel,car,Abarth,,,595,Gen 1,Competizione,Abarth 595 Competizione,2012–2015,assets/vehicles/abarth/car-00004/,assets/vehicles/_quick/car-00004-1.webp,assets/vehicles/_quick/car-00004-2.webp,,,,content/articles/abarth/car-00004.md,no
f34b0c718b38c1c065d0ea858ba96fb8a1fa3144,car-00005,excel,car,Abarth,,,Grande Punto,Gen 1,-,Abarth Grande Punto,2007–2010,assets/vehicles/abarth/car-00005/,assets/vehicles/_quick/car-00005-1.webp,assets/vehicles/_quick/car-00005-2.webp,,,,content/articles/abarth/car-00005.md,no
a37dcf2dcba495c0126e2e8945dfeeb990ecfbb0,car-00006,excel,car,Abarth,,,Grande Punto,Gen 1,Esseesse,Abarth Grande Punto Esseesse,2007–2010,assets/vehicles/abarth/car-00006/,assets/vehicles/_quick/car-00006-1.webp,assets/vehicles/_quick/car-00006-2.webp,,,,content/articles/abarth/car-00006.md,no
6a05357e42e7e9bb054c82ad7819c2ae717dd9d1,car-00007,excel,car,Abarth,,,Punto,Gen 1,EVO,Abarth Punto EVO,2010–2013,assets/vehicles/abarth/car-00007/,assets/vehicles/_quick/car-00007-1.webp,assets/vehicles/_quick/car-00007-2.webp,,,,content/articles/abarth/car-00007.md,no
c3454ad69c4dfcb49907c0f8af33639cb154cab6,car-00008,excel,car,Abarth,,,Punto,Gen 1,Esseesse,Abarth Punto Esseesse,2010–2013,assets/vehicles/abarth/car-00008/,assets/vehicles/_quick/car-00008-1.webp,assets/vehicles/_quick/car-00008-2.webp,,,,content/articles/abarth/car-00008.md,no
626597aa5524be4c78dc745d52242f0df25dc48a,car-00009,excel,car,Abarth,,,Punto,Gen 1,Scorpione,Abarth Punto Scorpione,2012,assets/vehicles/abarth/car-00009/,assets/vehicles/_quick/car-00009-1.webp,assets/vehicles/_quick/car-00009-2.webp,,,,content/articles/abarth/car-00009.md,no
fdc13796571ed0764b9091bdcbc706c3384dc2d0,car-00010,excel,car,Abarth,,,Punto,Gen 1,Supersport,Abarth Punto Supersport,2012–2013,assets/vehicles/abarth/car-00010/,assets/vehicles/_quick/car-00010-1.webp,assets/vehicles/_quick/car-00010-2.webp,,,,content/articles/abarth/car-00010.md,no
92fc27c617f12946dcd31b5235c07630c9fc458d,car-00011,excel,car,Alfa Romeo,,,145,Gen 1,1.4 TS,Alfa Romeo 145 1.4 TS,1996–1999,assets/vehicles/alfa-romeo/car-00011/,assets/vehicles/_quick/car-00011-1.webp,assets/vehicles/_quick/car-00011-2.webp,,,,content/articles/alfa-romeo/car-00011.md,no
b344c37c026ad94dd36d49f1aedb8691ae293bff,car-00012,excel,car,Alfa Romeo,,,145,Gen 1,1.6,Alfa Romeo 145 1.6,1994-1996–,assets/vehicles/alfa-romeo/car-00012/,assets/vehicles/_quick/car-00012-1.webp,assets/vehicles/_quick/car-00012-2.webp,,,,content/articles/alfa-romeo/car-00012.md,no
97e6da31330ee8edf407734419d6dd31fb8a3e1f,car-00013,excel,car,Alfa Romeo,,,145,Gen 1,1.6 TS,Alfa Romeo 145 1.6 TS,1996-2001–,assets/vehicles/alfa-romeo/car-00013/,assets/vehicles/_quick/car-00013-1.webp,assets/vehicles/_quick/car-00013-2.webp,,,,content/articles/alfa-romeo/car-00013.md,no
27d72f8c4625ab1c2effca728041010ed018d8db,car-00014,excel,car,Alfa Romeo,,,145,Gen 1,1.7 16v,Alfa Romeo 145 1.7 16v,1994-1996–,assets/vehicles/alfa-romeo/car-00014/,assets/vehicles/_quick/car-00014-1.webp,assets/vehicles/_quick/car-00014-2.webp,,,,content/articles/alfa-romeo/car-00014.md,no
396daddb0f76224a6e67dead2e6902e8f5900435,car-00015,excel,car,Alfa Romeo,,,145,Gen 1,1.8 TS,Alfa Romeo 145 1.8 TS,1996-1999–,assets/vehicles/alfa-romeo/car-00015/,assets/vehicles/_quick/car-00015-1.webp,assets/vehicles/_quick/car-00015-2.webp,,,,content/articles/alfa-romeo/car-00015.md,no
719a9c3cd4a6537d4f637b89122f9a4c5719362c,car-00016,excel,car,Alfa Romeo,,,145,Gen 1,Quadrifoglio,Alfa Romeo 145 Quadrifoglio,1995–1998,assets/vehicles/alfa-romeo/car-00016/,assets/vehicles/_quick/car-00016-1.webp,assets/vehicles/_quick/car-00016-2.webp,,,,content/articles/alfa-romeo/car-00016.md,no
556514e1b87eda87dd027993648c144e85184928,car-00017,excel,car,Alfa Romeo,,,146,Gen 1,1.6,Alfa Romeo 146 1.6,1995-1996–,assets/vehicles/alfa-romeo/car-00017/,assets/vehicles/_quick/car-00017-1.webp,assets/vehicles/_quick/car-00017-2.webp,,,,content/articles/alfa-romeo/car-00017.md,no
2574f0bfabc38b6fe4fa7169978f919a719f07a8,car-00018,excel,car,Alfa Romeo,,,146,Gen 1,1.7 16v,Alfa Romeo 146 1.7 16v,1995-1996–,assets/vehicles/alfa-romeo/car-00018/,assets/vehicles/_quick/car-00018-1.webp,assets/vehicles/_quick/car-00018-2.webp,,,,content/articles/alfa-romeo/car-00018.md,no
22ae22f3b7e9c965f62b921963be483cd0d7c27e,car-00019,excel,car,Alfa Romeo,,,146,Gen 1,1.8 TS,Alfa Romeo 146 1.8 TS,1996-2000–,assets/vehicles/alfa-romeo/car-00019/,assets/vehicles/_quick/car-00019-1.webp,assets/vehicles/_quick/car-00019-2.webp,,,,content/articles/alfa-romeo/car-00019.md,no
e4e99ceeeef5e1ee801f92cbe84e38f25a536ccb,car-00020,excel,car,Alfa Romeo,,,146,Gen 1,ti,Alfa Romeo 146 ti,1996–1998,assets/vehicles/alfa-romeo/car-00020/,assets/vehicles/_quick/car-00020-1.webp,assets/vehicles/_quick/car-00020-2.webp,,,,content/articles/alfa-romeo/car-00020.md,no
44be89c68b22acc9c25f50d80f650bf6107e7205,car-00021,excel,car,Alfa Romeo,,,147,Gen 1,1.6 TS,Alfa Romeo 147 1.6 TS,2001-2010–,assets/vehicles/alfa-romeo/car-00021/,assets/vehicles/_quick/car-00021-1.webp,assets/vehicles/_quick/car-00021-2.webp,,,,content/articles/alfa-romeo/car-00021.md,no
e98337d0581a51a32c7c7cfb5ae86d85c6f01a3b,car-00022,excel,car,Alfa Romeo,,,147,Gen 1,1.6 TS 16v,Alfa Romeo 147 1.6 TS 16v,2001-2010–,assets/vehicles/alfa-romeo/car-00022/,assets/vehicles/_quick/car-00022-1.webp,assets/vehicles/_quick/car-00022-2.webp,,,,content/articles/alfa-romeo/car-00022.md,no
55143ea0a0ba034fff3395045295a47c808ce705,car-00023,excel,car,Alfa Romeo,,,147,Gen 1,1.9 JTD,Alfa Romeo 147 1.9 JTD,2006-2010–,assets/vehicles/alfa-romeo/car-00023/,assets/vehicles/_quick/car-00023-1.webp,assets/vehicles/_quick/car-00023-2.webp,,,,content/articles/alfa-romeo/car-00023.md,no
582ac74b9a534cdfa93f0332bdca8463c3e12210,car-00024,excel,car,Alfa Romeo,,,147,Gen 1,1.9 JTD,Alfa Romeo 147 1.9 JTD,2001-2006–,assets/vehicles/alfa-romeo/car-00024/,assets/vehicles/_quick/car-00024-1.webp,assets/vehicles/_quick/car-00024-2.webp,,,,content/articles/alfa-romeo/car-00024.md,no
9eb46eceae872f7eea1335faf0fab49522b8f7ae,car-00025,excel,car,Alfa Romeo,,,147,Gen 1,1.9 JTD 16v,Alfa Romeo 147 1.9 JTD 16v,2004-2010–,assets/vehicles/alfa-romeo/car-00025/,assets/vehicles/_quick/car-00025-1.webp,assets/vehicles/_quick/car-00025-2.webp,,,,content/articles/alfa-romeo/car-00025.md,no
b0a669f50279df8474f98d750bee529362ea70b3,car-00026,excel,car,Alfa Romeo,,,147,Gen 1,1.9 JTD 16v,Alfa Romeo 147 1.9 JTD 16v,2002-2005–,assets/vehicles/alfa-romeo/car-00026/,assets/vehicles/_quick/car-00026-1.webp,assets/vehicles/_quick/car-00026-2.webp,,,,content/articles/alfa-romeo/car-00026.md,no
b22e9be006059f660a0b8c6a6acbe7ec1fc0509f,car-00027,excel,car,Alfa Romeo,,,147,Gen 1,1.9 JTD Q2,Alfa Romeo 147 1.9 JTD Q2,2006-2010–,assets/vehicles/alfa-romeo/car-00027/,assets/vehicles/_quick/car-00027-1.webp,assets/vehicles/_quick/car-00027-2.webp,,,,content/articles/alfa-romeo/car-00027.md,no
e14b780d59e8d7968b0554c3442692c5e44fa6b8,car-00028,excel,car,Alfa Romeo,,,147,Gen 1,2.0 TS,Alfa Romeo 147 2.0 TS,2001-2010–,assets/vehicles/alfa-romeo/car-00028/,assets/vehicles/_quick/car-00028-1.webp,assets/vehicles/_quick/car-00028-2.webp,,,,content/articles/alfa-romeo/car-00028.md,no
6593515a6ceda495945e6b4aee2be395aee44b8e,car-00029,excel,car,Alfa Romeo,,,147,Gen 1,2.0 TS Selespeed,Alfa Romeo 147 2.0 TS Selespeed,2001-2008–,assets/vehicles/alfa-romeo/car-00029/,assets/vehicles/_quick/car-00029-1.webp,assets/vehicles/_quick/car-00029-2.webp,,,,content/articles/alfa-romeo/car-00029.md,no
f1fd27b095e90c74ffbc05d93aa310772bcddd4a,car-00030,excel,car,Alfa Romeo,,,147,Gen 1,Ducatti Corse,Alfa Romeo 147 Ducatti Corse,2008,assets/vehicles/alfa-romeo/car-00030/,assets/vehicles/_quick/car-00030-1.webp,assets/vehicles/_quick/car-00030-2.webp,,,,content/articles/alfa-romeo/car-00030.md,no
f97e767730242bcd552a9dc8ab8933eae1308a4b,car-00031,excel,car,Alfa Romeo,,,147,Gen 1,GTA,Alfa Romeo 147 GTA,2003–2006,assets/vehicles/alfa-romeo/car-00031/,assets/vehicles/_quick/car-00031-1.webp,assets/vehicles/_quick/car-00031-2.webp,,,,content/articles/alfa-romeo/car-00031.md,no
532d5f3a4576c398752206c681fadb70f495057e,car-00032,excel,car,Alfa Romeo,,,155,Gen 1,1.6 TS,Alfa Romeo 155 1.6 TS,1996-1998–,assets/vehicles/alfa-romeo/car-00032/,assets/vehicles/_quick/car-00032-1.webp,assets/vehicles/_quick/car-00032-2.webp,,,,content/articles/alfa-romeo/car-00032.md,no
4f579ede161e6352bc414fb0ffd637c03272a94f,car-00033,excel,car,Alfa Romeo,,,155,Gen 1,1.7 TS,Alfa Romeo 155 1.7 TS,1993-1996–,assets/vehicles/alfa-romeo/car-00033/,assets/vehicles/_quick/car-00033-1.webp,assets/vehicles/_quick/car-00033-2.webp,,,,content/articles/alfa-romeo/car-00033.md,no
1f0bb173b3ad4efe07ea03f41cd11f619f994132,car-00034,excel,car,Alfa Romeo,,,155,Gen 1,1.8 TS,Alfa Romeo 155 1.8 TS,1995-1998–,assets/vehicles/alfa-romeo/car-00034/,assets/vehicles/_quick/car-00034-1.webp,assets/vehicles/_quick/car-00034-2.webp,,,,content/articles/alfa-romeo/car-00034.md,no
2366122c3f7dfea5c4df86f17372aa90054e17a0,car-00035,excel,car,Alfa Romeo,,,155,Gen 1,1.8 TS,Alfa Romeo 155 1.8 TS,1992-1995–,assets/vehicles/alfa-romeo/car-00035/,assets/vehicles/_quick/car-00035-1.webp,assets/vehicles/_quick/car-00035-2.webp,,,,content/articles/alfa-romeo/car-00035.md,no
75615d2a341bd3ebdda698f80fd894fd571b19ef,car-00036,excel,car,Alfa Romeo,,,155,Gen 1,2.0 TS,Alfa Romeo 155 2.0 TS,1992-1995–,assets/vehicles/alfa-romeo/car-00036/,assets/vehicles/_quick/car-00036-1.webp,assets/vehicles/_quick/car-00036-2.webp,,,,content/articles/alfa-romeo/car-00036.md,no
8b5ce44b8c523b531def2408c7d5fdf189601509,car-00037,excel,car,Alfa Romeo,,,155,Gen 1,2.0 TS,Alfa Romeo 155 2.0 TS,1995-1998–,assets/vehicles/alfa-romeo/car-00037/,assets/vehicles/_quick/car-00037-1.webp,assets/vehicles/_quick/car-00037-2.webp,,,,content/articles/alfa-romeo/car-00037.md,no
d7464ddfea7d1835ddbb3ce666e7572b1af0c30b,car-00038,excel,car,Alfa Romeo,,,155,Gen 1,2.5 TD,Alfa Romeo 155 2.5 TD,1993-1998–,assets/vehicles/alfa-romeo/car-00038/,assets/vehicles/_quick/car-00038-1.webp,assets/vehicles/_quick/car-00038-2.webp,,,,content/articles/alfa-romeo/car-00038.md,no
b8d35a410451d1735da6a2ec58f051a2bf13349e,car-00039,excel,car,Alfa Romeo,,,155,Gen 1,2.5 V6,Alfa Romeo 155 2.5 V6,1992-1998–,assets/vehicles/alfa-romeo/car-00039/,assets/vehicles/_quick/car-00039-1.webp,assets/vehicles/_quick/car-00039-2.webp,,,,content/articles/alfa-romeo/car-00039.md,no
f2ad6dcd962b6d3fdf31b6ba152ebc07dc7d1cb0,car-00040,excel,car,Alfa Romeo,,,155,Gen 1,Q4,Alfa Romeo 155 Q4,1992-1998–,assets/vehicles/alfa-romeo/car-00040/,assets/vehicles/_quick/car-00040-1.webp,assets/vehicles/_quick/car-00040-2.webp,,,,content/articles/alfa-romeo/car-00040.md,no
3227da51ed27cf8d583937bfc004f71b6c0e9139,car-00041,excel,car,Alfa Romeo,,,156,Gen 1,1.6 TS,Alfa Romeo 156 1.6 TS,1997-2005–,assets/vehicles/alfa-romeo/car-00041/,assets/vehicles/_quick/car-00041-1.webp,assets/vehicles/_quick/car-00041-2.webp,,,,content/articles/alfa-romeo/car-00041.md,no
eec3c4d00fc79cc6c022aae86d59c3feead45cca,car-00042,excel,car,Alfa Romeo,,,156,Gen 1,1.8 TS,Alfa Romeo 156 1.8 TS,1997-2005–,assets/vehicles/alfa-romeo/car-00042/,assets/vehicles/_quick/car-00042-1.webp,assets/vehicles/_quick/car-00042-2.webp,,,,content/articles/alfa-romeo/car-00042.md,no
bdb72853cc9e556a68dc97fcc4a5fce23594d98e,car-00043,excel,car,Alfa Romeo,,,156,Gen 1,1.9 JTD,Alfa Romeo 156 1.9 JTD,2001-2006–,assets/vehicles/alfa-romeo/car-00043/,assets/vehicles/_quick/car-00043-1.webp,assets/vehicles/_quick/car-00043-2.webp,,,,content/articles/alfa-romeo/car-00043.md,no
15d0a024406d3c250526d66d4d0abfdccf297d4f,car-00044,excel,car,Alfa Romeo,,,156,Gen 1,1.9 JTD,Alfa Romeo 156 1.9 JTD,1997-2000–,assets/vehicles/alfa-romeo/car-00044/,assets/vehicles/_quick/car-00044-1.webp,assets/vehicles/_quick/car-00044-2.webp,,,,content/articles/alfa-romeo/car-00044.md,no
5dbe1ec4d7b7892e58b4ff182be565649462d915,car-00045,excel,car,Alfa Romeo,,,156,Gen 1,1.9 JTD 16v,Alfa Romeo 156 1.9 JTD 16v,2002-2005–,assets/vehicles/alfa-romeo/car-00045/,assets/vehicles/_quick/car-00045-1.webp,assets/vehicles/_quick/car-00045-2.webp,,,,content/articles/alfa-romeo/car-00045.md,no
7b745eb2f718d4b115353d428203a5e4392a6488,car-00046,excel,car,Alfa Romeo,,,156,Gen 1,1.9 JTD SW,Alfa Romeo 156 1.9 JTD SW,2000-2000–,assets/vehicles/alfa-romeo/car-00046/,assets/vehicles/_quick/car-00046-1.webp,assets/vehicles/_quick/car-00046-2.webp,,,,content/articles/alfa-romeo/car-00046.md,no
1253a3032016cd3c537df9ddafafcfd571fcc12a,car-00047,excel,car,Alfa Romeo,,,156,Gen 1,2.0 JTS,Alfa Romeo 156 2.0 JTS,2002-2005–,assets/vehicles/alfa-romeo/car-00047/,assets/vehicles/_quick/car-00047-1.webp,assets/vehicles/_quick/car-00047-2.webp,,,,content/articles/alfa-romeo/car-00047.md,no
cc2fc8ffdb58a521f6db90f7ec669bad741efc3c,car-00048,excel,car,Alfa Romeo,,,156,Gen 1,2.0 TS,Alfa Romeo 156 2.0 TS,1997-2002–,assets/vehicles/alfa-romeo/car-00048/,assets/vehicles/_quick/car-00048-1.webp,assets/vehicles/_quick/car-00048-2.webp,,,,content/articles/alfa-romeo/car-00048.md,no
161a4b19ad878ab423caa9c889138ebc73cbf86d,car-00049,excel,car,Alfa Romeo,,,156,Gen 1,2.0 TS Selespeed,Alfa Romeo 156 2.0 TS Selespeed,1999-2002–,assets/vehicles/alfa-romeo/car-00049/,assets/vehicles/_quick/car-00049-1.webp,assets/vehicles/_quick/car-00049-2.webp,,,,content/articles/alfa-romeo/car-00049.md,no
935356dda2c92c6218c28a872c553977007423d8,car-00050,excel,car,Alfa Romeo,,,156,Gen 1,2.0 TS SW,Alfa Romeo 156 2.0 TS SW,2000-2002–,assets/vehicles/alfa-romeo/car-00050/,assets/vehicles/_quick/car-00050-1.webp,assets/vehicles/_quick/car-00050-2.webp,,,,content/articles/alfa-romeo/car-00050.md,no
4c7333f14b2df8f2a2dfbd1034a9145f1c036ac4,car-00051,excel,car,Alfa Romeo,,,156,Gen 1,2.4 JTD,Alfa Romeo 156 2.4 JTD,2003-2005–,assets/vehicles/alfa-romeo/car-00051/,assets/vehicles/_quick/car-00051-1.webp,assets/vehicles/_quick/car-00051-2.webp,,,,content/articles/alfa-romeo/car-00051.md,no
636fd6b0d034298fe144567e431c2dd473164c72,car-00052,excel,car,Alfa Romeo,,,156,Gen 1,2.4 JTD,Alfa Romeo 156 2.4 JTD,2002-2003–,assets/vehicles/alfa-romeo/car-00052/,assets/vehicles/_quick/car-00052-1.webp,assets/vehicles/_quick/car-00052-2.webp,,,,content/articles/alfa-romeo/car-00052.md,no
dc65fb7a2ed8027b6916d329780d67ba05681d06,car-00053,excel,car,Alfa Romeo,,,156,Gen 1,2.4 JTD,Alfa Romeo 156 2.4 JTD,2000-2002–,assets/vehicles/alfa-romeo/car-00053/,assets/vehicles/_quick/car-00053-1.webp,assets/vehicles/_quick/car-00053-2.webp,,,,content/articles/alfa-romeo/car-00053.md,no
a221fe36504aa8fa27f382cf92106b503cf423d4,car-00054,excel,car,Alfa Romeo,,,156,Gen 1,2.4 JTD,Alfa Romeo 156 2.4 JTD,1997-2001–,assets/vehicles/alfa-romeo/car-00054/,assets/vehicles/_quick/car-00054-1.webp,assets/vehicles/_quick/car-00054-2.webp,,,,content/articles/alfa-romeo/car-00054.md,no
f9d944f4f92ddc2b4292ec1b2dde6d8f8dbc46e5,car-00055,excel,car,Alfa Romeo,,,156,Gen 1,2.4 JTD SW,Alfa Romeo 156 2.4 JTD SW,2003-2005–,assets/vehicles/alfa-romeo/car-00055/,assets/vehicles/_quick/car-00055-1.webp,assets/vehicles/_quick/car-00055-2.webp,,,,content/articles/alfa-romeo/car-00055.md,no
ee75905ad5e272db0d718fd22d030edf01656663,car-00056,excel,car,Alfa Romeo,,,156,Gen 1,2.4 JTD SW,Alfa Romeo 156 2.4 JTD SW,2000-2002–,assets/vehicles/alfa-romeo/car-00056/,assets/vehicles/_quick/car-00056-1.webp,assets/vehicles/_quick/car-00056-2.webp,,,,content/articles/alfa-romeo/car-00056.md,no
747572360d026c34c29430e6940adae6bb82bfd4,car-00057,excel,car,Alfa Romeo,,,156,Gen 1,2.4 JTD SW,Alfa Romeo 156 2.4 JTD SW,2002-2003–,assets/vehicles/alfa-romeo/car-00057/,assets/vehicles/_quick/car-00057-1.webp,assets/vehicles/_quick/car-00057-2.webp,,,,content/articles/alfa-romeo/car-00057.md,no
edc016230ab69dcc38584cf3c3156c419804b4d1,car-00058,excel,car,Alfa Romeo,,,156,Gen 1,2.5 V6,Alfa Romeo 156 2.5 V6,1997-2005–,assets/vehicles/alfa-romeo/car-00058/,assets/vehicles/_quick/car-00058-1.webp,assets/vehicles/_quick/car-00058-2.webp,,,,content/articles/alfa-romeo/car-00058.md,no
a92a577c53ddc051477b647bbfc0aa1a64ea9f10,car-00059,excel,car,Alfa Romeo,,,156,Gen 1,2.5 V6 Q-System,Alfa Romeo 156 2.5 V6 Q-System,1998-2005–,assets/vehicles/alfa-romeo/car-00059/,assets/vehicles/_quick/car-00059-1.webp,assets/vehicles/_quick/car-00059-2.webp,,,,content/articles/alfa-romeo/car-00059.md,no
e7bd4bded2b8946dc60db4fe8cdd1652d66e5fbc,car-00060,excel,car,Alfa Romeo,,,156,Gen 1,2.5 V6 SW,Alfa Romeo 156 2.5 V6 SW,1997-2005–,assets/vehicles/alfa-romeo/car-00060/,assets/vehicles/_quick/car-00060-1.webp,assets/vehicles/_quick/car-00060-2.webp,,,,content/articles/alfa-romeo/car-00060.md,no
a8f6dd3ed70627a2cdaabc5a590b86faf33c7a21,car-00061,excel,car,Alfa Romeo,,,156,Gen 1,Crosswagon Q4,Alfa Romeo 156 Crosswagon Q4,2004-2007–,assets/vehicles/alfa-romeo/car-00061/,assets/vehicles/_quick/car-00061-1.webp,assets/vehicles/_quick/car-00061-2.webp,,,,content/articles/alfa-romeo/car-00061.md,no
63a043f2d74a8edd3c8a64af3241b1f5343f17ab,car-00062,excel,car,Alfa Romeo,,,156,Gen 1,GTA,Alfa Romeo 156 GTA,2002-2005–,assets/vehicles/alfa-romeo/car-00062/,assets/vehicles/_quick/car-00062-1.webp,assets/vehicles/_quick/car-00062-2.webp,,,,content/articles/alfa-romeo/car-00062.md,no
033b2f3de7f4a541246f2fb157cf5445b8c004aa,car-00063,excel,car,Alfa Romeo,,,156,Gen 1,GTA SW,Alfa Romeo 156 GTA SW,2002-2005–,assets/vehicles/alfa-romeo/car-00063/,assets/vehicles/_quick/car-00063-1.webp,assets/vehicles/_quick/car-00063-2.webp,,,,content/articles/alfa-romeo/car-00063.md,no
629220d79801790f3b6b526790ffb51a9602073c,car-00064,excel,car,Alfa Romeo,,,159,Gen 1,1.8 MPI,Alfa Romeo 159 1.8 MPI,2007-2010–,assets/vehicles/alfa-romeo/car-00064/,assets/vehicles/_quick/car-00064-1.webp,assets/vehicles/_quick/car-00064-2.webp,,,,content/articles/alfa-romeo/car-00064.md,no
09387f146ada9afd0e1b9fc59924dc804a0d2176,car-00065,excel,car,Alfa Romeo,,,159,Gen 1,1.9 JTDm,Alfa Romeo 159 1.9 JTDm,2005-2010–,assets/vehicles/alfa-romeo/car-00065/,assets/vehicles/_quick/car-00065-1.webp,assets/vehicles/_quick/car-00065-2.webp,,,,content/articles/alfa-romeo/car-00065.md,no
09387f146ada9afd0e1b9fc59924dc804a0d2176,car-00066,excel,car,Alfa Romeo,,,159,Gen 1,1.9 JTDm,Alfa Romeo 159 1.9 JTDm,2005-2010–,assets/vehicles/alfa-romeo/car-00066/,assets/vehicles/_quick/car-00066-1.webp,assets/vehicles/_quick/car-00066-2.webp,,,,content/articles/alfa-romeo/car-00066.md,no
eb7b6f924fceb43077afebd31cb80fea64df5b8d,car-00067,excel,car,Alfa Romeo,,,159,Gen 1,1.9 JTS,Alfa Romeo 159 1.9 JTS,2005-2009–,assets/vehicles/alfa-romeo/car-00067/,assets/vehicles/_quick/car-00067-1.webp,assets/vehicles/_quick/car-00067-2.webp,,,,content/articles/alfa-romeo/car-00067.md,no
608cca7f935d62998d88f74d5dbdbbf6d460c21d,car-00068,excel,car,Alfa Romeo,,,159,Gen 1,1750 TBI,Alfa Romeo 159 1750 TBI,2009-2011–,assets/vehicles/alfa-romeo/car-00068/,assets/vehicles/_quick/car-00068-1.webp,assets/vehicles/_quick/car-00068-2.webp,,,,content/articles/alfa-romeo/car-00068.md,no
332e28b4d11b25c3b32dfa5c1409dbc171617b19,car-00069,excel,car,Alfa Romeo,,,159,Gen 1,2.0 JTDm,Alfa Romeo 159 2.0 JTDm,2009-2011–,assets/vehicles/alfa-romeo/car-00069/,assets/vehicles/_quick/car-00069-1.webp,assets/vehicles/_quick/car-00069-2.webp,,,,content/articles/alfa-romeo/car-00069.md,no
9cc624d09d1412a3375530a90961ffa4aef2ad29,car-00070,excel,car,Alfa Romeo,,,159,Gen 1,2.0 JTDm SW,Alfa Romeo 159 2.0 JTDm SW,2009-2011–,assets/vehicles/alfa-romeo/car-00070/,assets/vehicles/_quick/car-00070-1.webp,assets/vehicles/_quick/car-00070-2.webp,,,,content/articles/alfa-romeo/car-00070.md,no
5894861ee06a2341d4a64ee78ad110386d5cf8dd,car-00071,excel,car,Alfa Romeo,,,159,Gen 1,2.2 JTS,Alfa Romeo 159 2.2 JTS,2005-2009–,assets/vehicles/alfa-romeo/car-00071/,assets/vehicles/_quick/car-00071-1.webp,assets/vehicles/_quick/car-00071-2.webp,,,,content/articles/alfa-romeo/car-00071.md,no
56e6fb952765fb7fa78d923d3bc76d0618e0cec8,car-00072,excel,car,Alfa Romeo,,,159,Gen 1,2.4 JTDm,Alfa Romeo 159 2.4 JTDm,2005-2010–,assets/vehicles/alfa-romeo/car-00072/,assets/vehicles/_quick/car-00072-1.webp,assets/vehicles/_quick/car-00072-2.webp,,,,content/articles/alfa-romeo/car-00072.md,no
d43d13f5629f54afd7111e4dcc9d7cf6b92d6cf5,car-00073,excel,car,Alfa Romeo,,,159,Gen 1,2.4 JTDm Q4,Alfa Romeo 159 2.4 JTDm Q4,2007-2010–,assets/vehicles/alfa-romeo/car-00073/,assets/vehicles/_quick/car-00073-1.webp,assets/vehicles/_quick/car-00073-2.webp,,,,content/articles/alfa-romeo/car-00073.md,no
d234f598b337c1df9d18eb770937abc1b1c86d92,car-00074,excel,car,Alfa Romeo,,,159,Gen 1,2.4 JTDm SW Q4,Alfa Romeo 159 2.4 JTDm SW Q4,2007-2010–,assets/vehicles/alfa-romeo/car-00074/,assets/vehicles/_quick/car-00074-1.webp,assets/vehicles/_quick/car-00074-2.webp,,,,content/articles/alfa-romeo/car-00074.md,no
664745d7403599a747033e9b8cb3b908ec448828,car-00075,excel,car,Alfa Romeo,,,159,Gen 1,3.2 V6 Q4,Alfa Romeo 159 3.2 V6 Q4,2005-2010–,assets/vehicles/alfa-romeo/car-00075/,assets/vehicles/_quick/car-00075-1.webp,assets/vehicles/_quick/car-00075-2.webp,,,,content/articles/alfa-romeo/car-00075.md,no
4e24e3001a0911a427a43cdf86ae9574b9b7d008,car-00076,excel,car,Alfa Romeo,,,159,Gen 1,3.2 V6 Q4 SW,Alfa Romeo 159 3.2 V6 Q4 SW,2006-2010–,assets/vehicles/alfa-romeo/car-00076/,assets/vehicles/_quick/car-00076-1.webp,assets/vehicles/_quick/car-00076-2.webp,,,,content/articles/alfa-romeo/car-00076.md,no
8128ea884f10054b9811cb6363d6bcf2e0f306f4,car-00077,excel,car,Alfa Romeo,,,1600,Gen 1,TZ,Alfa Romeo 1600 TZ,1963–1964,assets/vehicles/alfa-romeo/car-00077/,assets/vehicles/_quick/car-00077-1.webp,assets/vehicles/_quick/car-00077-2.webp,,,,content/articles/alfa-romeo/car-00077.md,no
7fdd0b3d4a460bd97f1579c99d93d12f829047c6,car-00078,excel,car,Alfa Romeo,,,1600,Gen 1,TZ2,Alfa Romeo 1600 TZ2,1964–1965,assets/vehicles/alfa-romeo/car-00078/,assets/vehicles/_quick/car-00078-1.webp,assets/vehicles/_quick/car-00078-2.webp,,,,content/articles/alfa-romeo/car-00078.md,no
877730e6cc2a9d90e4180d7b03752556f80baca1,car-00079,excel,car,Alfa Romeo,,,164,Gen 1,2.0 Turbo,Alfa Romeo 164 2.0 Turbo,1987-1990–,assets/vehicles/alfa-romeo/car-00079/,assets/vehicles/_quick/car-00079-1.webp,assets/vehicles/_quick/car-00079-2.webp,,,,content/articles/alfa-romeo/car-00079.md,no
1a263cdee2136797f2299db55a284d92c7d8cc57,car-00080,excel,car,Alfa Romeo,,,164,Gen 1,2.0 Twin Spark,Alfa Romeo 164 2.0 Twin Spark,1987-1992–,assets/vehicles/alfa-romeo/car-00080/,assets/vehicles/_quick/car-00080-1.webp,assets/vehicles/_quick/car-00080-2.webp,,,,content/articles/alfa-romeo/car-00080.md,no
6798547402f0371df25e5fd080d50fa5145095ea,car-00081,excel,car,Alfa Romeo,,,164,Gen 1,2.0 Twin Spark,Alfa Romeo 164 2.0 Twin Spark,1992-1998–,assets/vehicles/alfa-romeo/car-00081/,assets/vehicles/_quick/car-00081-1.webp,assets/vehicles/_quick/car-00081-2.webp,,,,content/articles/alfa-romeo/car-00081.md,no
f58d061e83592aa5409f86351307074fed779bc6,car-00082,excel,car,Alfa Romeo,,,164,Gen 1,2.5 TD,Alfa Romeo 164 2.5 TD,1992-1998–,assets/vehicles/alfa-romeo/car-00082/,assets/vehicles/_quick/car-00082-1.webp,assets/vehicles/_quick/car-00082-2.webp,,,,content/articles/alfa-romeo/car-00082.md,no
90031a37c61e81b370fa81a98ccf47fc8898c29d,car-00083,excel,car,Alfa Romeo,,,164,Gen 1,Q4,Alfa Romeo 164 Q4,1993-1998–,assets/vehicles/alfa-romeo/car-00083/,assets/vehicles/_quick/car-00083-1.webp,assets/vehicles/_quick/car-00083-2.webp,,,,content/articles/alfa-romeo/car-00083.md,no
8bf36924579ca9aad77278fd069c9e1c0eab0259,car-00084,excel,car,Alfa Romeo,,,164,Gen 1,V6,Alfa Romeo 164 V6,1992-1998–,assets/vehicles/alfa-romeo/car-00084/,assets/vehicles/_quick/car-00084-1.webp,assets/vehicles/_quick/car-00084-2.webp,,,,content/articles/alfa-romeo/car-00084.md,no
d57dc11c21bf2ccb8378c598ea5f6179fb54ada5,car-00085,excel,car,Alfa Romeo,,,164,Gen 1,V6,Alfa Romeo 164 V6,1987-1990–,assets/vehicles/alfa-romeo/car-00085/,assets/vehicles/_quick/car-00085-1.webp,assets/vehicles/_quick/car-00085-2.webp,,,,content/articles/alfa-romeo/car-00085.md,no
34073ec43b2f8297d6ca8bfc583e98cc4a01a541,car-00086,excel,car,Alfa Romeo,,,164,Gen 1,V6,Alfa Romeo 164 V6,1990-1992–,assets/vehicles/alfa-romeo/car-00086/,assets/vehicles/_quick/car-00086-1.webp,assets/vehicles/_quick/car-00086-2.webp,,,,content/articles/alfa-romeo/car-00086.md,no
28dfdd5288713e0687bbce4712d479a09f144e49,car-00087,excel,car,Alfa Romeo,,,164,Gen 1,V6 Auto,Alfa Romeo 164 V6 Auto,1989-1992–,assets/vehicles/alfa-romeo/car-00087/,assets/vehicles/_quick/car-00087-1.webp,assets/vehicles/_quick/car-00087-2.webp,,,,content/articles/alfa-romeo/car-00087.md,no
6a15e799f435d50712429f3f3748f1c4e4194939,car-00088,excel,car,Alfa Romeo,,,164,Gen 1,V6 QV,Alfa Romeo 164 V6 QV,1992-1993–,assets/vehicles/alfa-romeo/car-00088/,assets/vehicles/_quick/car-00088-1.webp,assets/vehicles/_quick/car-00088-2.webp,,,,content/articles/alfa-romeo/car-00088.md,no
3e80e4105d486d02a2b694b602ef1cc5483f8b6a,car-00089,excel,car,Alfa Romeo,,,164,Gen 1,V6 QV,Alfa Romeo 164 V6 QV,1990-1992–,assets/vehicles/alfa-romeo/car-00089/,assets/vehicles/_quick/car-00089-1.webp,assets/vehicles/_quick/car-00089-2.webp,,,,content/articles/alfa-romeo/car-00089.md,no
2bb06ee3ca9489f1fad0f861b7e31ae8ba109e49,car-00090,excel,car,Alfa Romeo,,,164,Gen 1,V6 T,Alfa Romeo 164 V6 T,1991-1992–,assets/vehicles/alfa-romeo/car-00090/,assets/vehicles/_quick/car-00090-1.webp,assets/vehicles/_quick/car-00090-2.webp,,,,content/articles/alfa-romeo/car-00090.md,no
361db4909a23561c09b2316a9139607e1c12f0bf,car-00091,excel,car,Alfa Romeo,,,166,Gen 1,2.0 TS,Alfa Romeo 166 2.0 TS,1998-2002–,assets/vehicles/alfa-romeo/car-00091/,assets/vehicles/_quick/car-00091-1.webp,assets/vehicles/_quick/car-00091-2.webp,,,,content/articles/alfa-romeo/car-00091.md,no
e952e7144e1efbdb873b2ce9cc25acabf098094f,car-00092,excel,car,Alfa Romeo,,,166,Gen 1,2.0 V6 Turbo,Alfa Romeo 166 2.0 V6 Turbo,1998-2002–,assets/vehicles/alfa-romeo/car-00092/,assets/vehicles/_quick/car-00092-1.webp,assets/vehicles/_quick/car-00092-2.webp,,,,content/articles/alfa-romeo/car-00092.md,no
8cba4cf54dbdb6fe81d38ec74577a140449db5f1,car-00093,excel,car,Alfa Romeo,,,166,Gen 1,2.4 Jtd,Alfa Romeo 166 2.4 Jtd,2003-2006–,assets/vehicles/alfa-romeo/car-00093/,assets/vehicles/_quick/car-00093-1.webp,assets/vehicles/_quick/car-00093-2.webp,,,,content/articles/alfa-romeo/car-00093.md,no
003040e7b9dffaf44a0bb4e0be587ec8acfc3e1a,car-00094,excel,car,Alfa Romeo,,,166,Gen 1,2.4 Jtd,Alfa Romeo 166 2.4 Jtd,1998-2002–,assets/vehicles/alfa-romeo/car-00094/,assets/vehicles/_quick/car-00094-1.webp,assets/vehicles/_quick/car-00094-2.webp,,,,content/articles/alfa-romeo/car-00094.md,no
66443c7b941d38938dbc7a62e94a678f9cd33c2b,car-00095,excel,car,Alfa Romeo,,,166,Gen 1,2.5 V6,Alfa Romeo 166 2.5 V6,1998-2002–,assets/vehicles/alfa-romeo/car-00095/,assets/vehicles/_quick/car-00095-1.webp,assets/vehicles/_quick/car-00095-2.webp,,,,content/articles/alfa-romeo/car-00095.md,no
fca1896acacbcb1fd149768ae8c8539c9afe6a51,car-00096,excel,car,Alfa Romeo,,,166,Gen 1,2.5 V6 Auto,Alfa Romeo 166 2.5 V6 Auto,1998-2002–,assets/vehicles/alfa-romeo/car-00096/,assets/vehicles/_quick/car-00096-1.webp,assets/vehicles/_quick/car-00096-2.webp,,,,content/articles/alfa-romeo/car-00096.md,no
23381c901ee9438a61777c44ab9cb5b5d339eec4,car-00097,excel,car,Alfa Romeo,,,166,Gen 1,3.0 V6,Alfa Romeo 166 3.0 V6,1998-2003–,assets/vehicles/alfa-romeo/car-00097/,assets/vehicles/_quick/car-00097-1.webp,assets/vehicles/_quick/car-00097-2.webp,,,,content/articles/alfa-romeo/car-00097.md,no
36e128c4df1d9973d8544449b44ffcf35d1a9b24,car-00098,excel,car,Alfa Romeo,,,166,Gen 1,3.0 V6 Sportronic,Alfa Romeo 166 3.0 V6 Sportronic,1998-2003–,assets/vehicles/alfa-romeo/car-00098/,assets/vehicles/_quick/car-00098-1.webp,assets/vehicles/_quick/car-00098-2.webp,,,,content/articles/alfa-romeo/car-00098.md,no
30e106f7a07ba16e3455b181ca7583ee0df09cf1,car-00099,excel,car,Alfa Romeo,,,166,Gen 1,3.2 V6,Alfa Romeo 166 3.2 V6,2003-2007–,assets/vehicles/alfa-romeo/car-00099/,assets/vehicles/_quick/car-00099-1.webp,assets/vehicles/_quick/car-00099-2.webp,,,,content/articles/alfa-romeo/car-00099.md,no
b06601934cc12bf2330c2b92c68aad4f57a49f73,car-00100,excel,car,Alfa Romeo,,,1750,Gen 1,Berlina,Alfa Romeo 1750 Berlina,1968–1972,assets/vehicles/alfa-romeo/car-00100/,assets/vehicles/_quick/car-00100-1.webp,assets/vehicles/_quick/car-00100-2.webp,,,,content/articles/alfa-romeo/car-00100.md,no
82a00126b2a86371c88a856d6ba0196c99dfcbff,car-00101,excel,car,Alfa Romeo,,,1750,Gen 1,GTV,Alfa Romeo 1750 GTV,1967–1973,assets/vehicles/alfa-romeo/car-00101/,assets/vehicles/_quick/car-00101-1.webp,assets/vehicles/_quick/car-00101-2.webp,,,,content/articles/alfa-romeo/car-00101.md,no
d56ce02675b9eb48b6957ee12a3101ddcc2ce36d,car-00102,excel,car,Alfa Romeo,,,2000,Gen 1,Berlina,Alfa Romeo 2000 Berlina,1971–1977,assets/vehicles/alfa-romeo/car-00102/,assets/vehicles/_quick/car-00102-1.webp,assets/vehicles/_quick/car-00102-2.webp,,,,content/articles/alfa-romeo/car-00102.md,no
b7a28ba8efd676b5e5db7e5d4a539ac8823df079,car-00103,excel,car,Alfa Romeo,,,2000,Gen 1,GTV,Alfa Romeo 2000 GTV,1971–1975,assets/vehicles/alfa-romeo/car-00103/,assets/vehicles/_quick/car-00103-1.webp,assets/vehicles/_quick/car-00103-2.webp,,,,content/articles/alfa-romeo/car-00103.md,no
12b2503f8e1a7f393ecda99c22300d9459c47848,car-00104,excel,car,Alfa Romeo,,,2000,Gen 1,GTV,Alfa Romeo 2000 GTV,1975–1976,assets/vehicles/alfa-romeo/car-00104/,assets/vehicles/_quick/car-00104-1.webp,assets/vehicles/_quick/car-00104-2.webp,,,,content/articles/alfa-romeo/car-00104.md,no
adc3a72f4d60b37e3c1e5f8027816fc919392a38,car-00105,excel,car,Alfa Romeo,,,2000,Gen 1,Sportiva,Alfa Romeo 2000 Sportiva,1954,assets/vehicles/alfa-romeo/car-00105/,assets/vehicles/_quick/car-00105-1.webp,assets/vehicles/_quick/car-00105-2.webp,,,,content/articles/alfa-romeo/car-00105.md,no
86289224c0551d08d59edfb29777d9d841dc7d41,car-00106,excel,car,Alfa Romeo,,,2600,Gen 1,Coupé Sprint,Alfa Romeo 2600 Coupé Sprint,1962-1968–,assets/vehicles/alfa-romeo/car-00106/,assets/vehicles/_quick/car-00106-1.webp,assets/vehicles/_quick/car-00106-2.webp,,,,content/articles/alfa-romeo/car-00106.md,no
6179e5e4d2a9a39eb559e5d7314694490b3c6738,car-00107,excel,car,Alfa Romeo,,,33,Gen 1,1.5 Quadrfoglio Verde,Alfa Romeo 33 1.5 Quadrfoglio Verde,1984-1990–,assets/vehicles/alfa-romeo/car-00107/,assets/vehicles/_quick/car-00107-1.webp,assets/vehicles/_quick/car-00107-2.webp,,,,content/articles/alfa-romeo/car-00107.md,no
225d261ab57dd00ce5521fb22fe60ce98622762a,car-00108,excel,car,Alfa Romeo,,,33,Gen 1,1.7 16v,Alfa Romeo 33 1.7 16v,1990-1992–,assets/vehicles/alfa-romeo/car-00108/,assets/vehicles/_quick/car-00108-1.webp,assets/vehicles/_quick/car-00108-2.webp,,,,content/articles/alfa-romeo/car-00108.md,no
13205a88625afa76b1553ddd3a0fa1e0d0b0c55b,car-00109,excel,car,Alfa Romeo,,,33,Gen 1,1.7 ie,Alfa Romeo 33 1.7 ie,1988-1994–,assets/vehicles/alfa-romeo/car-00109/,assets/vehicles/_quick/car-00109-1.webp,assets/vehicles/_quick/car-00109-2.webp,,,,content/articles/alfa-romeo/car-00109.md,no
e92d584cf347a2e706dca34082eb7ffd2334d370,car-00110,excel,car,Alfa Romeo,,,33,Gen 1,1.7 Permanent4,Alfa Romeo 33 1.7 Permanent4,1991-1992–,assets/vehicles/alfa-romeo/car-00110/,assets/vehicles/_quick/car-00110-1.webp,assets/vehicles/_quick/car-00110-2.webp,,,,content/articles/alfa-romeo/car-00110.md,no
d5e520ee232acee157ee5d9a6d5e1c4c6fd196c3,car-00111,excel,car,Alfa Romeo,,,33,Gen 1,1.7 Permanent4 cat,Alfa Romeo 33 1.7 Permanent4 cat,1991-1992–,assets/vehicles/alfa-romeo/car-00111/,assets/vehicles/_quick/car-00111-1.webp,assets/vehicles/_quick/car-00111-2.webp,,,,content/articles/alfa-romeo/car-00111.md,no
4efdf79b8006e2dd59f5b4f9cd5688a6e7d1d0c8,car-00112,excel,car,Alfa Romeo,,,33,Gen 1,1.7 QV,Alfa Romeo 33 1.7 QV,1986-1990–,assets/vehicles/alfa-romeo/car-00112/,assets/vehicles/_quick/car-00112-1.webp,assets/vehicles/_quick/car-00112-2.webp,,,,content/articles/alfa-romeo/car-00112.md,no
d6d68ea9ebccc63005948c6f07134b7c40aa98e3,car-00113,excel,car,Alfa Romeo,,,4C,Gen 1,-,Alfa Romeo 4C,2013-2019–,assets/vehicles/alfa-romeo/car-00113/,assets/vehicles/_quick/car-00113-1.webp,assets/vehicles/_quick/car-00113-2.webp,,,,content/articles/alfa-romeo/car-00113.md,no
2db83672e0481eafa196243bca52affbf213dd47,car-00114,excel,car,Alfa Romeo,,,4C,Gen 1,Spider,Alfa Romeo 4C Spider,2015-2019–,assets/vehicles/alfa-romeo/car-00114/,assets/vehicles/_quick/car-00114-1.webp,assets/vehicles/_quick/car-00114-2.webp,,,,content/articles/alfa-romeo/car-00114.md,no
fe2a3b43432fb38aa4c49b7ac6d2c88bcbdb9999,car-00115,excel,car,Alfa Romeo,,,75,Gen 1,1.8,Alfa Romeo 75 1.8,1985-1989–,assets/vehicles/alfa-romeo/car-00115/,assets/vehicles/_quick/car-00115-1.webp,assets/vehicles/_quick/car-00115-2.webp,,,,content/articles/alfa-romeo/car-00115.md,no
0173c283210792e4b80beb6551f13f11b8e9b785,car-00116,excel,car,Alfa Romeo,,,75,Gen 1,1.8 ie,Alfa Romeo 75 1.8 ie,1988-1993–,assets/vehicles/alfa-romeo/car-00116/,assets/vehicles/_quick/car-00116-1.webp,assets/vehicles/_quick/car-00116-2.webp,,,,content/articles/alfa-romeo/car-00116.md,no
3cef717b7e2436715123a82ac24e5294a7da9236,car-00117,excel,car,Alfa Romeo,,,75,Gen 1,2.0,Alfa Romeo 75 2.0,1985-1989–,assets/vehicles/alfa-romeo/car-00117/,assets/vehicles/_quick/car-00117-1.webp,assets/vehicles/_quick/car-00117-2.webp,,,,content/articles/alfa-romeo/car-00117.md,no
4c5f9deb7a17bc2031441c439356d601d644209c,car-00118,excel,car,Alfa Romeo,,,75,Gen 1,2.0i Twin Spark,Alfa Romeo 75 2.0i Twin Spark,1987-1992–,assets/vehicles/alfa-romeo/car-00118/,assets/vehicles/_quick/car-00118-1.webp,assets/vehicles/_quick/car-00118-2.webp,,,,content/articles/alfa-romeo/car-00118.md,no
d324ae6e620fd3a25a8c79a6f5b02283e67eef44,car-00119,excel,car,Alfa Romeo,,,75,Gen 1,2.5 V6,Alfa Romeo 75 2.5 V6,1985-1988–,assets/vehicles/alfa-romeo/car-00119/,assets/vehicles/_quick/car-00119-1.webp,assets/vehicles/_quick/car-00119-2.webp,,,,content/articles/alfa-romeo/car-00119.md,no
21b672230d27c636ce62628a01ff7a8953086e15,car-00120,excel,car,Alfa Romeo,,,75,Gen 1,2.5 V6 Auto,Alfa Romeo 75 2.5 V6 Auto,1987-1991–,assets/vehicles/alfa-romeo/car-00120/,assets/vehicles/_quick/car-00120-1.webp,assets/vehicles/_quick/car-00120-2.webp,,,,content/articles/alfa-romeo/car-00120.md,no
26f9e87ac9a640d4523a073ca2fa8261d766c26c,car-00121,excel,car,Alfa Romeo,,,75,Gen 1,3.0 V6,Alfa Romeo 75 3.0 V6,1987-1989–,assets/vehicles/alfa-romeo/car-00121/,assets/vehicles/_quick/car-00121-1.webp,assets/vehicles/_quick/car-00121-2.webp,,,,content/articles/alfa-romeo/car-00121.md,no
f500740fd6e2c9fa6075fe5c4296810fb56dfe9b,car-00122,excel,car,Alfa Romeo,,,75,Gen 1,3.0 V6,Alfa Romeo 75 3.0 V6,1988-1992–,assets/vehicles/alfa-romeo/car-00122/,assets/vehicles/_quick/car-00122-1.webp,assets/vehicles/_quick/car-00122-2.webp,,,,content/articles/alfa-romeo/car-00122.md,no
01d3c615a1ee609d264abfe5f20f871599e619c9,car-00123,excel,car,Alfa Romeo,,,75,Gen 1,3.0 V6 Quadrifoglio Verde,Alfa Romeo 75 3.0 V6 Quadrifoglio Verde,1990–1992,assets/vehicles/alfa-romeo/car-00123/,assets/vehicles/_quick/car-00123-1.webp,assets/vehicles/_quick/car-00123-2.webp,,,,content/articles/alfa-romeo/car-00123.md,no
45396b4678426cb2d1d0112736bc5a034a6580d7,car-00124,excel,car,Alfa Romeo,,,75,Gen 1,Turbo,Alfa Romeo 75 Turbo,1990-1992–,assets/vehicles/alfa-romeo/car-00124/,assets/vehicles/_quick/car-00124-1.webp,assets/vehicles/_quick/car-00124-2.webp,,,,content/articles/alfa-romeo/car-00124.md,no
9ce9c4e9583df0a8a56482883dfc28d1f6f0505f,car-00125,excel,car,Alfa Romeo,,,75,Gen 1,Turbo,Alfa Romeo 75 Turbo,1985-1989–,assets/vehicles/alfa-romeo/car-00125/,assets/vehicles/_quick/car-00125-1.webp,assets/vehicles/_quick/car-00125-2.webp,,,,content/articles/alfa-romeo/car-00125.md,no
ac5cf53a317496508ca7e2871cd75aeebd0ac9b3,car-00126,excel,car,Alfa Romeo,,,90,Gen 1,2.0i,Alfa Romeo 90 2.0i,1984-1987–,assets/vehicles/alfa-romeo/car-00126/,assets/vehicles/_quick/car-00126-1.webp,assets/vehicles/_quick/car-00126-2.webp,,,,content/articles/alfa-romeo/car-00126.md,no
b32a84cfa99cb65a74d0baaf5d89877c9f14426f,car-00127,excel,car,Alfa Romeo,,,90,Gen 1,2.5 V6,Alfa Romeo 90 2.5 V6,1984-1987–,assets/vehicles/alfa-romeo/car-00127/,assets/vehicles/_quick/car-00127-1.webp,assets/vehicles/_quick/car-00127-2.webp,,,,content/articles/alfa-romeo/car-00127.md,no
1eead278614149d25109533954d94a6d1d432f08,car-00128,excel,car,Alfa Romeo,,,Alfa 6,Gen 1,2.0,Alfa Romeo Alfa 6 2.0,1983–1987,assets/vehicles/alfa-romeo/car-00128/,assets/vehicles/_quick/car-00128-1.webp,assets/vehicles/_quick/car-00128-2.webp,,,,content/articles/alfa-romeo/car-00128.md,no
716b2c2cc775ca9e63709890c8a095273845f374,car-00129,excel,car,Alfa Romeo,,,Alfa 6,Gen 1,2.5 Iniezione Quadrifoglio Oro,Alfa Romeo Alfa 6 2.5 Iniezione Quadrifoglio Oro,1983–1987,assets/vehicles/alfa-romeo/car-00129/,assets/vehicles/_quick/car-00129-1.webp,assets/vehicles/_quick/car-00129-2.webp,,,,content/articles/alfa-romeo/car-00129.md,no
de9bc6d4191ccbaf04f0616b53d1af3f1502e71b,car-00130,excel,car,Alfa Romeo,,,Alfa 6,Gen 1,2.5 Iniezione Quadrifoglio Oro Auto,Alfa Romeo Alfa 6 2.5 Iniezione Quadrifoglio Oro Auto,1983–1987,assets/vehicles/alfa-romeo/car-00130/,assets/vehicles/_quick/car-00130-1.webp,assets/vehicles/_quick/car-00130-2.webp,,,,content/articles/alfa-romeo/car-00130.md,no
82c34d71eacb8ffef025b28bda5c4fd21e0b4c8b,car-00131,excel,car,Alfa Romeo,,,Alfa 6,Gen 1,2.5 Turbodiesel,Alfa Romeo Alfa 6 2.5 Turbodiesel,1983–1987,assets/vehicles/alfa-romeo/car-00131/,assets/vehicles/_quick/car-00131-1.webp,assets/vehicles/_quick/car-00131-2.webp,,,,content/articles/alfa-romeo/car-00131.md,no
7b7c54ff6eea478de56aafe9c257daa6458539d2,car-00132,excel,car,Alfa Romeo,,,Alfa 6,Gen 1,2.5 V6,Alfa Romeo Alfa 6 2.5 V6,1979–1983,assets/vehicles/alfa-romeo/car-00132/,assets/vehicles/_quick/car-00132-1.webp,assets/vehicles/_quick/car-00132-2.webp,,,,content/articles/alfa-romeo/car-00132.md,no
fcff398ad6c38f5a9f4faec4a8c50707ad1fd0de,car-00133,excel,car,Alfa Romeo,,,Alfa 6,Gen 1,2.5 V6 Auto,Alfa Romeo Alfa 6 2.5 V6 Auto,1979–1983,assets/vehicles/alfa-romeo/car-00133/,assets/vehicles/_quick/car-00133-1.webp,assets/vehicles/_quick/car-00133-2.webp,,,,content/articles/alfa-romeo/car-00133.md,no
5e0d581d22987a6669a2ee28cfe25d5b9b594c2d,car-00134,excel,car,Alfa Romeo,,,Alfasud,Gen 1,1.5 Ti,Alfa Romeo Alfasud 1.5 Ti,1980-1982–,assets/vehicles/alfa-romeo/car-00134/,assets/vehicles/_quick/car-00134-1.webp,assets/vehicles/_quick/car-00134-2.webp,,,,content/articles/alfa-romeo/car-00134.md,no
52463ce3a5a5e8ce86a8ca7805a7bc7b8b785bfa,car-00135,excel,car,Alfa Romeo,,,Alfasud,Gen 1,1.5 Ti,Alfa Romeo Alfasud 1.5 Ti,1982-1983–,assets/vehicles/alfa-romeo/car-00135/,assets/vehicles/_quick/car-00135-1.webp,assets/vehicles/_quick/car-00135-2.webp,,,,content/articles/alfa-romeo/car-00135.md,no
36b1ee9f8a8dbdfae7d3d68bf92e228eca408606,car-00136,excel,car,Alfa Romeo,,,Alfasud,Gen 1,Sprint 1.5 QV,Alfa Romeo Alfasud Sprint 1.5 QV,1983-1987–,assets/vehicles/alfa-romeo/car-00136/,assets/vehicles/_quick/car-00136-1.webp,assets/vehicles/_quick/car-00136-2.webp,,,,content/articles/alfa-romeo/car-00136.md,no
aeb61339be8a63c59e3208e1fa60ad40f9a4650e,car-00137,excel,car,Alfa Romeo,,,Alfasud,Gen 1,Sprint 1.7 QV,Alfa Romeo Alfasud Sprint 1.7 QV,1988-1989–,assets/vehicles/alfa-romeo/car-00137/,assets/vehicles/_quick/car-00137-1.webp,assets/vehicles/_quick/car-00137-2.webp,,,,content/articles/alfa-romeo/car-00137.md,no
a407292683c9b11aca5503df1d3325ea2ddf28ea,car-00138,excel,car,Alfa Romeo,,,Alfasud,Gen 1,Sprint Veloce,Alfa Romeo Alfasud Sprint Veloce,1979-1983–,assets/vehicles/alfa-romeo/car-00138/,assets/vehicles/_quick/car-00138-1.webp,assets/vehicles/_quick/car-00138-2.webp,,,,content/articles/alfa-romeo/car-00138.md,no
c33d11c511ace4ece2c184d87884c1f8a74f24d9,car-00139,excel,car,Alfa Romeo,,,Alfetta,Gen 1,1.8,Alfa Romeo Alfetta 1.8,1972-1981–,assets/vehicles/alfa-romeo/car-00139/,assets/vehicles/_quick/car-00139-1.webp,assets/vehicles/_quick/car-00139-2.webp,,,,content/articles/alfa-romeo/car-00139.md,no
f6d1251a2f021b1425b5e8c03b3c36ed6ba448ff,car-00140,excel,car,Alfa Romeo,,,Alfetta,Gen 1,2.0 Quadrifoglio Oro,Alfa Romeo Alfetta 2.0 Quadrifoglio Oro,1983-1984–,assets/vehicles/alfa-romeo/car-00140/,assets/vehicles/_quick/car-00140-1.webp,assets/vehicles/_quick/car-00140-2.webp,,,,content/articles/alfa-romeo/car-00140.md,no
8188d3398eae87195033f8a141708242306c45a5,car-00141,excel,car,Alfa Romeo,,,Alfetta,Gen 1,2000,Alfa Romeo Alfetta 2000,1977-1978–,assets/vehicles/alfa-romeo/car-00141/,assets/vehicles/_quick/car-00141-1.webp,assets/vehicles/_quick/car-00141-2.webp,,,,content/articles/alfa-romeo/car-00141.md,no
6c9482e7bbc6043c97eb49fd51475b0ba8351a17,car-00142,excel,car,Alfa Romeo,,,Alfetta,Gen 1,2000,Alfa Romeo Alfetta 2000,1979-1985–,assets/vehicles/alfa-romeo/car-00142/,assets/vehicles/_quick/car-00142-1.webp,assets/vehicles/_quick/car-00142-2.webp,,,,content/articles/alfa-romeo/car-00142.md,no
e063991ab2376676dc9e8c2861f15c485e0b249e,car-00143,excel,car,Alfa Romeo,,,Alfetta,Gen 1,GT,Alfa Romeo Alfetta GT,1975-1978–,assets/vehicles/alfa-romeo/car-00143/,assets/vehicles/_quick/car-00143-1.webp,assets/vehicles/_quick/car-00143-2.webp,,,,content/articles/alfa-romeo/car-00143.md,no
76f32fbcb0362fa125dc2be5c60c6f668fe9ffd7,car-00144,excel,car,Alfa Romeo,,,Alfetta,Gen 1,GT 1800,Alfa Romeo Alfetta GT 1800,1974-1976–,assets/vehicles/alfa-romeo/car-00144/,assets/vehicles/_quick/car-00144-1.webp,assets/vehicles/_quick/car-00144-2.webp,,,,content/articles/alfa-romeo/car-00144.md,no
97a9b3c11efd98b09203761e85da2f0f2234363b,car-00145,excel,car,Alfa Romeo,,,Alfetta,Gen 1,GTV 2.0,Alfa Romeo Alfetta GTV 2.0,1980-1983–,assets/vehicles/alfa-romeo/car-00145/,assets/vehicles/_quick/car-00145-1.webp,assets/vehicles/_quick/car-00145-2.webp,,,,content/articles/alfa-romeo/car-00145.md,no
85a8568669f4f5d84e0b3976b7683cb0bfcb90f2,car-00146,excel,car,Alfa Romeo,,,Alfetta,Gen 1,GTV 2.0 Turbodelta,Alfa Romeo Alfetta GTV 2.0 Turbodelta,1979-1980–,assets/vehicles/alfa-romeo/car-00146/,assets/vehicles/_quick/car-00146-1.webp,assets/vehicles/_quick/car-00146-2.webp,,,,content/articles/alfa-romeo/car-00146.md,no
06a606223e04abfff0b7d025905fc2efb17606d7,car-00147,excel,car,Alfa Romeo,,,Alfetta,Gen 1,GTV 2000,Alfa Romeo Alfetta GTV 2000,1975-1978–,assets/vehicles/alfa-romeo/car-00147/,assets/vehicles/_quick/car-00147-1.webp,assets/vehicles/_quick/car-00147-2.webp,,,,content/articles/alfa-romeo/car-00147.md,no
2ab642ca1738e8c62132a6530a4e6ceb8b4671cd,car-00148,excel,car,Alfa Romeo,,,Alfetta,Gen 1,GTV6,Alfa Romeo Alfetta GTV6,1980-1987–,assets/vehicles/alfa-romeo/car-00148/,assets/vehicles/_quick/car-00148-1.webp,assets/vehicles/_quick/car-00148-2.webp,,,,content/articles/alfa-romeo/car-00148.md,no
ad8abce16effe72441a66da2b105e0cb538f2846,car-00149,excel,car,Alfa Romeo,,,Alfetta,Gen 1,GTV6 3.0,Alfa Romeo Alfetta GTV6 3.0,1983-1984–,assets/vehicles/alfa-romeo/car-00149/,assets/vehicles/_quick/car-00149-1.webp,assets/vehicles/_quick/car-00149-2.webp,,,,content/articles/alfa-romeo/car-00149.md,no
c25a8ee93f5d7da62c208437c5679a257dacbdae,car-00150,excel,car,Alfa Romeo,,,Brera,Gen 1,1.8 TBi,Alfa Romeo Brera 1.8 TBi,2009–2010,assets/vehicles/alfa-romeo/car-00150/,assets/vehicles/_quick/car-00150-1.webp,assets/vehicles/_quick/car-00150-2.webp,,,,content/articles/alfa-romeo/car-00150.md,no
ead2c00549d549816636757da3e854ec0cff2263,car-00151,excel,car,Alfa Romeo,,,Brera,Gen 1,2.2 JTS Fase 1,Alfa Romeo Brera 2.2 JTS Fase 1,2005–2008,assets/vehicles/alfa-romeo/car-00151/,assets/vehicles/_quick/car-00151-1.webp,assets/vehicles/_quick/car-00151-2.webp,,,,content/articles/alfa-romeo/car-00151.md,no
2c666bb00ddc0d3f65c505f00314069da9ff4167,car-00152,excel,car,Alfa Romeo,,,Brera,Gen 1,2.2 JTS Fase 2,Alfa Romeo Brera 2.2 JTS Fase 2,2008–2010,assets/vehicles/alfa-romeo/car-00152/,assets/vehicles/_quick/car-00152-1.webp,assets/vehicles/_quick/car-00152-2.webp,,,,content/articles/alfa-romeo/car-00152.md,no
013c17d74bcf7026f3f3cbcde5153204d2bdf2ab,car-00153,excel,car,Alfa Romeo,,,Brera,Gen 1,2.4 JTDm,Alfa Romeo Brera 2.4 JTDm,2008-2010–,assets/vehicles/alfa-romeo/car-00153/,assets/vehicles/_quick/car-00153-1.webp,assets/vehicles/_quick/car-00153-2.webp,,,,content/articles/alfa-romeo/car-00153.md,no
b6a833e414470b97648e6ef0d4399a098ad3f744,car-00154,excel,car,Alfa Romeo,,,Brera,Gen 1,2.4 JTDm,Alfa Romeo Brera 2.4 JTDm,2006-2010–,assets/vehicles/alfa-romeo/car-00154/,assets/vehicles/_quick/car-00154-1.webp,assets/vehicles/_quick/car-00154-2.webp,,,,content/articles/alfa-romeo/car-00154.md,no
2c35500c186d39fad7ca7c31de8dbdede1ee46a3,car-00155,excel,car,Alfa Romeo,,,Brera,Gen 1,3.2 JTS Q2,Alfa Romeo Brera 3.2 JTS Q2,2008-2010–,assets/vehicles/alfa-romeo/car-00155/,assets/vehicles/_quick/car-00155-1.webp,assets/vehicles/_quick/car-00155-2.webp,,,,content/articles/alfa-romeo/car-00155.md,no
1f1fc98dd3c4978d51225b699a9277b1d1033876,car-00156,excel,car,Alfa Romeo,,,Brera,Gen 1,3.2 JTS Q4,Alfa Romeo Brera 3.2 JTS Q4,2005-2010–,assets/vehicles/alfa-romeo/car-00156/,assets/vehicles/_quick/car-00156-1.webp,assets/vehicles/_quick/car-00156-2.webp,,,,content/articles/alfa-romeo/car-00156.md,no
9845616d70eab97c1ff2b623307996967fca03d9,car-00157,excel,car,Alfa Romeo,,,Giulia,Gen 1,1300,Alfa Romeo Giulia 1300,1964–1971,assets/vehicles/alfa-romeo/car-00157/,assets/vehicles/_quick/car-00157-1.webp,assets/vehicles/_quick/car-00157-2.webp,,,,content/articles/alfa-romeo/car-00157.md,no
3638d13abce46f7982376ec6de7a00835350ac3b,car-00158,excel,car,Alfa Romeo,,,Giulia,Gen 1,1300 Super,Alfa Romeo Giulia 1300 Super,1970–1971,assets/vehicles/alfa-romeo/car-00158/,assets/vehicles/_quick/car-00158-1.webp,assets/vehicles/_quick/car-00158-2.webp,,,,content/articles/alfa-romeo/car-00158.md,no
818faca609a5c5cd63b4c8d85c65974830123b4a,car-00159,excel,car,Alfa Romeo,,,Giulia,Gen 1,1300 Ti,Alfa Romeo Giulia 1300 Ti,1966–1971,assets/vehicles/alfa-romeo/car-00159/,assets/vehicles/_quick/car-00159-1.webp,assets/vehicles/_quick/car-00159-2.webp,,,,content/articles/alfa-romeo/car-00159.md,no
b2d5d466424915fbb65229bb81afa82b0913dd36,car-00160,excel,car,Alfa Romeo,,,Giulia,Gen 1,1600 S,Alfa Romeo Giulia 1600 S,1968–1970,assets/vehicles/alfa-romeo/car-00160/,assets/vehicles/_quick/car-00160-1.webp,assets/vehicles/_quick/car-00160-2.webp,,,,content/articles/alfa-romeo/car-00160.md,no
be70e2c599e7a21226d3573c93ba53de621acc51,car-00161,excel,car,Alfa Romeo,,,Giulia,Gen 1,1600 Super,Alfa Romeo Giulia 1600 Super,1965–1969,assets/vehicles/alfa-romeo/car-00161/,assets/vehicles/_quick/car-00161-1.webp,assets/vehicles/_quick/car-00161-2.webp,,,,content/articles/alfa-romeo/car-00161.md,no
9b1229282f8155349f17dff357d587157e8cfddf,car-00162,excel,car,Alfa Romeo,,,Giulia,Gen 1,1600 Super,Alfa Romeo Giulia 1600 Super,1969–1971,assets/vehicles/alfa-romeo/car-00162/,assets/vehicles/_quick/car-00162-1.webp,assets/vehicles/_quick/car-00162-2.webp,,,,content/articles/alfa-romeo/car-00162.md,no
e12455616e9c41a0c5870c20a9e00306010249aa,car-00163,excel,car,Alfa Romeo,,,Giulia,Gen 1,1600 Ti,Alfa Romeo Giulia 1600 Ti,1962–1967,assets/vehicles/alfa-romeo/car-00163/,assets/vehicles/_quick/car-00163-1.webp,assets/vehicles/_quick/car-00163-2.webp,,,,content/articles/alfa-romeo/car-00163.md,no
fe1b6909f2e3fec251c320e9b391465d84d749a5,car-00164,excel,car,Alfa Romeo,,,Giulia,Gen 1,1600 Ti Super,Alfa Romeo Giulia 1600 Ti Super,1963–1965,assets/vehicles/alfa-romeo/car-00164/,assets/vehicles/_quick/car-00164-1.webp,assets/vehicles/_quick/car-00164-2.webp,,,,content/articles/alfa-romeo/car-00164.md,no
f7d838e5fc8f8b3f1e05515f7a7ba40b3b8956a5,car-00165,excel,car,Alfa Romeo,,,Giulia,Gen 1,Diesel,Alfa Romeo Giulia Diesel,1976–1977,assets/vehicles/alfa-romeo/car-00165/,assets/vehicles/_quick/car-00165-1.webp,assets/vehicles/_quick/car-00165-2.webp,,,,content/articles/alfa-romeo/car-00165.md,no
ebc18bb9ce2e4d7d1856eda3ead71860ea335766,car-00166,excel,car,Alfa Romeo,,,Giulia,Gen 1,GT 1300 Junior,Alfa Romeo Giulia GT 1300 Junior,1966–1974,assets/vehicles/alfa-romeo/car-00166/,assets/vehicles/_quick/car-00166-1.webp,assets/vehicles/_quick/car-00166-2.webp,,,,content/articles/alfa-romeo/car-00166.md,no
271e0fd49e131a4f0e8ce613350f1ef2ebec57cc,car-00167,excel,car,Alfa Romeo,,,Giulia,II,2.0 T,Alfa Romeo Giulia 2.0 T,2016–2022,assets/vehicles/alfa-romeo/car-00167/,assets/vehicles/_quick/car-00167-1.webp,assets/vehicles/_quick/car-00167-2.webp,,,,content/articles/alfa-romeo/car-00167.md,no
4dfd1e0ad1314bea1ce03d4d3748e05956086254,car-00168,excel,car,Alfa Romeo,,,Giulia,II,2.0 T Veloce Q4,Alfa Romeo Giulia 2.0 T Veloce Q4,2016–2020,assets/vehicles/alfa-romeo/car-00168/,assets/vehicles/_quick/car-00168-1.webp,assets/vehicles/_quick/car-00168-2.webp,,,,content/articles/alfa-romeo/car-00168.md,no
b937ad24cd3b0223dfc6adbefc5cc5c7b689856d,car-00169,excel,car,Alfa Romeo,,,Giulia,II,2.0 TB Q2 Veloce,Alfa Romeo Giulia 2.0 TB Q2 Veloce,2019-–,assets/vehicles/alfa-romeo/car-00169/,assets/vehicles/_quick/car-00169-1.webp,assets/vehicles/_quick/car-00169-2.webp,,,,content/articles/alfa-romeo/car-00169.md,no
2f6b4f8b064bd2fbb90da3f44b4671dbdc2b18a0,car-00170,excel,car,Alfa Romeo,,,Giulia,II,2.2 D AT8,Alfa Romeo Giulia 2.2 D AT8,2018-–,assets/vehicles/alfa-romeo/car-00170/,assets/vehicles/_quick/car-00170-1.webp,assets/vehicles/_quick/car-00170-2.webp,,,,content/articles/alfa-romeo/car-00170.md,no
2f6b4f8b064bd2fbb90da3f44b4671dbdc2b18a0,car-00171,excel,car,Alfa Romeo,,,Giulia,II,2.2 D AT8,Alfa Romeo Giulia 2.2 D AT8,2018-–,assets/vehicles/alfa-romeo/car-00171/,assets/vehicles/_quick/car-00171-1.webp,assets/vehicles/_quick/car-00171-2.webp,,,,content/articles/alfa-romeo/car-00171.md,no
1fd7f874ab94a53ef0dcae49540442572f2a2f07,car-00172,excel,car,Alfa Romeo,,,Giulia,II,2.2 JTDm,Alfa Romeo Giulia 2.2 JTDm,2016-2018–,assets/vehicles/alfa-romeo/car-00172/,assets/vehicles/_quick/car-00172-1.webp,assets/vehicles/_quick/car-00172-2.webp,,,,content/articles/alfa-romeo/car-00172.md,no
0dea152c443acffb1abcaa2a99ee8f0c728febc7,car-00173,excel,car,Alfa Romeo,,,Giulia,II,2.2 JTDm,Alfa Romeo Giulia 2.2 JTDm,2016-2017–,assets/vehicles/alfa-romeo/car-00173/,assets/vehicles/_quick/car-00173-1.webp,assets/vehicles/_quick/car-00173-2.webp,,,,content/articles/alfa-romeo/car-00173.md,no
10410ea431e10737287bfc4e2d562d7578a5e1a0,car-00174,excel,car,Alfa Romeo,,,Giulia,II,2.2 JTDm Auto,Alfa Romeo Giulia 2.2 JTDm Auto,2016-2018–,assets/vehicles/alfa-romeo/car-00174/,assets/vehicles/_quick/car-00174-1.webp,assets/vehicles/_quick/car-00174-2.webp,,,,content/articles/alfa-romeo/car-00174.md,no
7a5a05dd857f55b7afa3bf99cf8b5c050f32fde0,car-00175,excel,car,Alfa Romeo,,,Giulia,II,2.2 JTDm Q4 Veloce,Alfa Romeo Giulia 2.2 JTDm Q4 Veloce,2016-2021–,assets/vehicles/alfa-romeo/car-00175/,assets/vehicles/_quick/car-00175-1.webp,assets/vehicles/_quick/car-00175-2.webp,,,,content/articles/alfa-romeo/car-00175.md,no
06eab44ce2223f8cc4d4e5e1553583c1419e7263,car-00176,excel,car,Alfa Romeo,,,Giulia,II,2.2TurboD AT8,Alfa Romeo Giulia 2.2TurboD AT8,2018-–,assets/vehicles/alfa-romeo/car-00176/,assets/vehicles/_quick/car-00176-1.webp,assets/vehicles/_quick/car-00176-2.webp,,,,content/articles/alfa-romeo/car-00176.md,no
b06d017ce7764e8e73f848261fb0d45c1c030385,car-00177,excel,car,Alfa Romeo,,,Giulia,II,GTAm,Alfa Romeo Giulia GTAm,2021-–,assets/vehicles/alfa-romeo/car-00177/,assets/vehicles/_quick/car-00177-1.webp,assets/vehicles/_quick/car-00177-2.webp,,,,content/articles/alfa-romeo/car-00177.md,no
22657e6240ca6a26cbdf709252278e4d742cf5dc,car-00178,excel,car,Alfa Romeo,,,Giulia,II,QV,Alfa Romeo Giulia QV,2016-2018–,assets/vehicles/alfa-romeo/car-00178/,assets/vehicles/_quick/car-00178-1.webp,assets/vehicles/_quick/car-00178-2.webp,,,,content/articles/alfa-romeo/car-00178.md,no
e77b9bd7ed903f67c47b14b74586c0991d48ded3,car-00179,excel,car,Alfa Romeo,,,Giulia,II,QV Auto,Alfa Romeo Giulia QV Auto,2016-–,assets/vehicles/alfa-romeo/car-00179/,assets/vehicles/_quick/car-00179-1.webp,assets/vehicles/_quick/car-00179-2.webp,,,,content/articles/alfa-romeo/car-00179.md,no
1521690e261f0e7f27bea216ad6557badc1980e4,car-00180,excel,car,Alfa Romeo,,,Giulia,Gen 1,Nuova Super 1300,Alfa Romeo Giulia Nuova Super 1300,1974–1978,assets/vehicles/alfa-romeo/car-00180/,assets/vehicles/_quick/car-00180-1.webp,assets/vehicles/_quick/car-00180-2.webp,,,,content/articles/alfa-romeo/car-00180.md,no
54602dccddda800ca0f21cf3306a368655b9012b,car-00181,excel,car,Alfa Romeo,,,Giulia,Gen 1,Nuova Super 1600,Alfa Romeo Giulia Nuova Super 1600,1974–1979,assets/vehicles/alfa-romeo/car-00181/,assets/vehicles/_quick/car-00181-1.webp,assets/vehicles/_quick/car-00181-2.webp,,,,content/articles/alfa-romeo/car-00181.md,no
91b3286bf3606e2b20adbf9b1245a6b15da1fb2a,car-00182,excel,car,Alfa Romeo,,,Giulia,Gen 1,Sprint GT,Alfa Romeo Giulia Sprint GT,1963–1967,assets/vehicles/alfa-romeo/car-00182/,assets/vehicles/_quick/car-00182-1.webp,assets/vehicles/_quick/car-00182-2.webp,,,,content/articles/alfa-romeo/car-00182.md,no
4ca7e455c744883817cb5defee8451a1d5279ec2,car-00183,excel,car,Alfa Romeo,,,Giulia,Gen 1,Sprint GTA,Alfa Romeo Giulia Sprint GTA,1965–1967,assets/vehicles/alfa-romeo/car-00183/,assets/vehicles/_quick/car-00183-1.webp,assets/vehicles/_quick/car-00183-2.webp,,,,content/articles/alfa-romeo/car-00183.md,no
ae25f3cbfd6069fc87a91c65c29ac5f3309f2380,car-00184,excel,car,Alfa Romeo,,,Giulia,Gen 1,Sprint GTC,Alfa Romeo Giulia Sprint GTC,1965–1966,assets/vehicles/alfa-romeo/car-00184/,assets/vehicles/_quick/car-00184-1.webp,assets/vehicles/_quick/car-00184-2.webp,,,,content/articles/alfa-romeo/car-00184.md,no
a6816414fd4ddfafc86feb15fcaa045311e61bdf,car-00185,excel,car,Alfa Romeo,,,Giulia,Gen 1,Sprint GTV,Alfa Romeo Giulia Sprint GTV,1966–1968,assets/vehicles/alfa-romeo/car-00185/,assets/vehicles/_quick/car-00185-1.webp,assets/vehicles/_quick/car-00185-2.webp,,,,content/articles/alfa-romeo/car-00185.md,no
7bdcd12da1a5f9c1cd227f092554e035e21d7375,car-00186,excel,car,Alfa Romeo,,,Giulia,Gen 1,SS 1600,Alfa Romeo Giulia SS 1600,1963–1964,assets/vehicles/alfa-romeo/car-00186/,assets/vehicles/_quick/car-00186-1.webp,assets/vehicles/_quick/car-00186-2.webp,,,,content/articles/alfa-romeo/car-00186.md,no
6ac98bab16c2a6a21693da46cee310bb76072c57,car-00187,excel,car,Alfa Romeo,,,Giulia,Gen 1,SS 1600,Alfa Romeo Giulia SS 1600,1964–1966,assets/vehicles/alfa-romeo/car-00187/,assets/vehicles/_quick/car-00187-1.webp,assets/vehicles/_quick/car-00187-2.webp,,,,content/articles/alfa-romeo/car-00187.md,no
98cac5041b15cc103c2101314be0efd0d3b35d04,car-00188,excel,car,Alfa Romeo,,,Giulia,Gen 1,Super 1.3,Alfa Romeo Giulia Super 1.3,1971–1974,assets/vehicles/alfa-romeo/car-00188/,assets/vehicles/_quick/car-00188-1.webp,assets/vehicles/_quick/car-00188-2.webp,,,,content/articles/alfa-romeo/car-00188.md,no
045e746cdaacb152f1f3389e9c048dea51f71316,car-00189,excel,car,Alfa Romeo,,,Giulia,Gen 1,Super 1.6,Alfa Romeo Giulia Super 1.6,1971–1974,assets/vehicles/alfa-romeo/car-00189/,assets/vehicles/_quick/car-00189-1.webp,assets/vehicles/_quick/car-00189-2.webp,,,,content/articles/alfa-romeo/car-00189.md,no
d5cc8604047e707e703d5f54ef9001469acd0a24,car-00190,excel,car,Alfa Romeo,,,Giulietta,III,1.4 MultiAir,Alfa Romeo Giulietta 1.4 MultiAir,2010-2018–,assets/vehicles/alfa-romeo/car-00190/,assets/vehicles/_quick/car-00190-1.webp,assets/vehicles/_quick/car-00190-2.webp,,,,content/articles/alfa-romeo/car-00190.md,no
1d626946f8b261bcf9ba9db229ac7e6c5e675767,car-00191,excel,car,Alfa Romeo,,,Giulietta,III,1.4 MultiAir,Alfa Romeo Giulietta 1.4 MultiAir,2015-2018–,assets/vehicles/alfa-romeo/car-00191/,assets/vehicles/_quick/car-00191-1.webp,assets/vehicles/_quick/car-00191-2.webp,,,,content/articles/alfa-romeo/car-00191.md,no
a5aa4cbda5658903139eacb7c6b792cf3ba12967,car-00192,excel,car,Alfa Romeo,,,Giulietta,III,1.4 MultiAir TCT,Alfa Romeo Giulietta 1.4 MultiAir TCT,2010-2018–,assets/vehicles/alfa-romeo/car-00192/,assets/vehicles/_quick/car-00192-1.webp,assets/vehicles/_quick/car-00192-2.webp,,,,content/articles/alfa-romeo/car-00192.md,no
c79ffe815e0438313055a55fb8dd576217479f3d,car-00193,excel,car,Alfa Romeo,,,Giulietta,III,1.4 T-Jet,Alfa Romeo Giulietta 1.4 T-Jet,2012-2018–,assets/vehicles/alfa-romeo/car-00193/,assets/vehicles/_quick/car-00193-1.webp,assets/vehicles/_quick/car-00193-2.webp,,,,content/articles/alfa-romeo/car-00193.md,no
894802e71ddad8633b5e674f21b6b59e9754cdf2,car-00194,excel,car,Alfa Romeo,,,Giulietta,III,1.4 T-Jet,Alfa Romeo Giulietta 1.4 T-Jet,2010-–,assets/vehicles/alfa-romeo/car-00194/,assets/vehicles/_quick/car-00194-1.webp,assets/vehicles/_quick/car-00194-2.webp,,,,content/articles/alfa-romeo/car-00194.md,no
d87c85470a2116d3f660594640ebc755468dd102,car-00195,excel,car,Alfa Romeo,,,Giulietta,III,1.6 JTDm,Alfa Romeo Giulietta 1.6 JTDm,2015-2020–,assets/vehicles/alfa-romeo/car-00195/,assets/vehicles/_quick/car-00195-1.webp,assets/vehicles/_quick/car-00195-2.webp,,,,content/articles/alfa-romeo/car-00195.md,no
1fc5db1ab6ed67270be72ee58cb315f3d5d0c560,car-00196,excel,car,Alfa Romeo,,,Giulietta,III,1.6 JTDm,Alfa Romeo Giulietta 1.6 JTDm,2010-2015–,assets/vehicles/alfa-romeo/car-00196/,assets/vehicles/_quick/car-00196-1.webp,assets/vehicles/_quick/car-00196-2.webp,,,,content/articles/alfa-romeo/car-00196.md,no
92b5354c1971309216c0487b3823f1ce8b19598e,car-00197,excel,car,Alfa Romeo,,,Giulietta,III,1.6 JTDm TCT,Alfa Romeo Giulietta 1.6 JTDm TCT,2015-2020–,assets/vehicles/alfa-romeo/car-00197/,assets/vehicles/_quick/car-00197-1.webp,assets/vehicles/_quick/car-00197-2.webp,,,,content/articles/alfa-romeo/car-00197.md,no
f25eae29c620b44041f4699bf07b020349b89993,car-00198,excel,car,Alfa Romeo,,,Giulietta,III,1750 QV,Alfa Romeo Giulietta 1750 QV,2010-2014–,assets/vehicles/alfa-romeo/car-00198/,assets/vehicles/_quick/car-00198-1.webp,assets/vehicles/_quick/car-00198-2.webp,,,,content/articles/alfa-romeo/car-00198.md,no
ca8971295831ba76ee4950f12fbfb59a96dcd27a,car-00199,excel,car,Alfa Romeo,,,Giulietta,III,1750 QV TCT,Alfa Romeo Giulietta 1750 QV TCT,2014-2018–,assets/vehicles/alfa-romeo/car-00199/,assets/vehicles/_quick/car-00199-1.webp,assets/vehicles/_quick/car-00199-2.webp,,,,content/articles/alfa-romeo/car-00199.md,no
fea5fef64b6f00de14a6bbff8254fb264f7f146f,car-00200,excel,car,Alfa Romeo,,,Giulietta,III,2.0 JTDm,Alfa Romeo Giulietta 2.0 JTDm,2010-2014–,assets/vehicles/alfa-romeo/car-00200/,assets/vehicles/_quick/car-00200-1.webp,assets/vehicles/_quick/car-00200-2.webp,,,,content/articles/alfa-romeo/car-00200.md,no
50fbdb5f577d3258b0219f20dcdd227aaf314cbb,car-00201,excel,car,Alfa Romeo,,,Giulietta,III,2.0 JTDm,Alfa Romeo Giulietta 2.0 JTDm,2013-2015–,assets/vehicles/alfa-romeo/car-00201/,assets/vehicles/_quick/car-00201-1.webp,assets/vehicles/_quick/car-00201-2.webp,,,,content/articles/alfa-romeo/car-00201.md,no
9e83ff159958af7519387de62dbe1ed4fd929d14,car-00202,excel,car,Alfa Romeo,,,Giulietta,III,2.0 JTDm,Alfa Romeo Giulietta 2.0 JTDm,2010-2013–,assets/vehicles/alfa-romeo/car-00202/,assets/vehicles/_quick/car-00202-1.webp,assets/vehicles/_quick/car-00202-2.webp,,,,content/articles/alfa-romeo/car-00202.md,no
89892bf1b65ccb50be78410143b9bfc87623e076,car-00203,excel,car,Alfa Romeo,,,Giulietta,III,2.0 JTDm TCT,Alfa Romeo Giulietta 2.0 JTDm TCT,2010-2014–,assets/vehicles/alfa-romeo/car-00203/,assets/vehicles/_quick/car-00203-1.webp,assets/vehicles/_quick/car-00203-2.webp,,,,content/articles/alfa-romeo/car-00203.md,no
42e122fddc98522e85f044ca09812f8974922809,car-00204,excel,car,Alfa Romeo,,,Giulietta,III,2.0 JTDm TCT,Alfa Romeo Giulietta 2.0 JTDm TCT,2014-2018–,assets/vehicles/alfa-romeo/car-00204/,assets/vehicles/_quick/car-00204-1.webp,assets/vehicles/_quick/car-00204-2.webp,,,,content/articles/alfa-romeo/car-00204.md,no
a40a711e9c895c14a32750ac00dc3fb0e4b1424e,car-00205,excel,car,Alfa Romeo,,,Giulietta,III,QV Squadra Corse,Alfa Romeo Giulietta QV Squadra Corse,2015-2016–,assets/vehicles/alfa-romeo/car-00205/,assets/vehicles/_quick/car-00205-1.webp,assets/vehicles/_quick/car-00205-2.webp,,,,content/articles/alfa-romeo/car-00205.md,no
062638118e85d4feda7658a3c8b625edae05e45b,car-00206,excel,car,Alfa Romeo,,,GT,Gen 1,1.8 TS,Alfa Romeo GT 1.8 TS,2005-2007–,assets/vehicles/alfa-romeo/car-00206/,assets/vehicles/_quick/car-00206-1.webp,assets/vehicles/_quick/car-00206-2.webp,,,,content/articles/alfa-romeo/car-00206.md,no
bee667d451cea70ec969e0942ca68a946f305ad8,car-00207,excel,car,Alfa Romeo,,,GT,Gen 1,1.9 JTD,Alfa Romeo GT 1.9 JTD,2003-2010–,assets/vehicles/alfa-romeo/car-00207/,assets/vehicles/_quick/car-00207-1.webp,assets/vehicles/_quick/car-00207-2.webp,,,,content/articles/alfa-romeo/car-00207.md,no
d7783efbaea182a7434818ee50395643c0633e9f,car-00208,excel,car,Alfa Romeo,,,GT,Gen 1,1300 Junior,Alfa Romeo GT 1300 Junior,1974–1976,assets/vehicles/alfa-romeo/car-00208/,assets/vehicles/_quick/car-00208-1.webp,assets/vehicles/_quick/car-00208-2.webp,,,,content/articles/alfa-romeo/car-00208.md,no
aaafa8cdc0de8f6a496ffa21a64bda6190539d1e,car-00209,excel,car,Alfa Romeo,,,GT,Gen 1,1300 Junior Zagato,Alfa Romeo GT 1300 Junior Zagato,1969–1972,assets/vehicles/alfa-romeo/car-00209/,assets/vehicles/_quick/car-00209-1.webp,assets/vehicles/_quick/car-00209-2.webp,,,,content/articles/alfa-romeo/car-00209.md,no
1f17cb03e1f2a4561d7ea8e58d69008fdeef63c1,car-00210,excel,car,Alfa Romeo,,,GT,Gen 1,1600 Junior,Alfa Romeo GT 1600 Junior,1972–1796,assets/vehicles/alfa-romeo/car-00210/,assets/vehicles/_quick/car-00210-1.webp,assets/vehicles/_quick/car-00210-2.webp,,,,content/articles/alfa-romeo/car-00210.md,no
3f997a49b04954cf8507b9f5cda4c2322e347ce9,car-00211,excel,car,Alfa Romeo,,,GT,Gen 1,1600 Junior Zagato,Alfa Romeo GT 1600 Junior Zagato,1972–1975,assets/vehicles/alfa-romeo/car-00211/,assets/vehicles/_quick/car-00211-1.webp,assets/vehicles/_quick/car-00211-2.webp,,,,content/articles/alfa-romeo/car-00211.md,no
414ccaa8a7004ff5f57454ddeb706b36d602167b,car-00212,excel,car,Alfa Romeo,,,GT,Gen 1,2.0 JTS,Alfa Romeo GT 2.0 JTS,2003-2010–,assets/vehicles/alfa-romeo/car-00212/,assets/vehicles/_quick/car-00212-1.webp,assets/vehicles/_quick/car-00212-2.webp,,,,content/articles/alfa-romeo/car-00212.md,no
1691dd6ff63bf81eaedb101acc8dc25e4266bc24,car-00213,excel,car,Alfa Romeo,,,GT,Gen 1,2.0 JTS Selespeed,Alfa Romeo GT 2.0 JTS Selespeed,2004-2008–,assets/vehicles/alfa-romeo/car-00213/,assets/vehicles/_quick/car-00213-1.webp,assets/vehicles/_quick/car-00213-2.webp,,,,content/articles/alfa-romeo/car-00213.md,no
86d2d9d1238a4c9044d473f69114991da8271fda,car-00214,excel,car,Alfa Romeo,,,GT,Gen 1,V6 3.2,Alfa Romeo GT V6 3.2,2003-2007–,assets/vehicles/alfa-romeo/car-00214/,assets/vehicles/_quick/car-00214-1.webp,assets/vehicles/_quick/car-00214-2.webp,,,,content/articles/alfa-romeo/car-00214.md,no
b27c03d4d7e58d45c0a7461138d4b1db2c315910,car-00215,excel,car,Alfa Romeo,,,GTA,Gen 1,1300 Junior,Alfa Romeo GTA 1300 Junior,1968–1973,assets/vehicles/alfa-romeo/car-00215/,assets/vehicles/_quick/car-00215-1.webp,assets/vehicles/_quick/car-00215-2.webp,,,,content/articles/alfa-romeo/car-00215.md,no
bbd994f29500d352da91905fb5e089351f6be2a7,car-00216,excel,car,Alfa Romeo,,,GTA,Gen 1,1300 Junior Autodelta,Alfa Romeo GTA 1300 Junior Autodelta,1969–1972,assets/vehicles/alfa-romeo/car-00216/,assets/vehicles/_quick/car-00216-1.webp,assets/vehicles/_quick/car-00216-2.webp,,,,content/articles/alfa-romeo/car-00216.md,no
0858e5a5986f97cf008bacbd9222a95d52ee9031,car-00217,excel,car,Alfa Romeo,,,GTV,Gen 1,1.8 TS,Alfa Romeo GTV 1.8 TS,1998-2001–,assets/vehicles/alfa-romeo/car-00217/,assets/vehicles/_quick/car-00217-1.webp,assets/vehicles/_quick/car-00217-2.webp,,,,content/articles/alfa-romeo/car-00217.md,no
caa8d130b29a45e32a4b6e6d51f8a68e4ff0c523,car-00218,excel,car,Alfa Romeo,,,GTV,Gen 1,2.0 TS,Alfa Romeo GTV 2.0 TS,1995-1998–,assets/vehicles/alfa-romeo/car-00218/,assets/vehicles/_quick/car-00218-1.webp,assets/vehicles/_quick/car-00218-2.webp,,,,content/articles/alfa-romeo/car-00218.md,no
67b35c05ca4e3c115106142ef93ccd98153f99da,car-00219,excel,car,Alfa Romeo,,,GTV,Gen 1,V6 2.0 T,Alfa Romeo GTV V6 2.0 T,1995-1998–,assets/vehicles/alfa-romeo/car-00219/,assets/vehicles/_quick/car-00219-1.webp,assets/vehicles/_quick/car-00219-2.webp,,,,content/articles/alfa-romeo/car-00219.md,no
15e84a37f2f165bc5c3b6aad4d73b5bd24bc68e2,car-00220,excel,car,Alfa Romeo,,,GTV,Gen 1,V6 24v,Alfa Romeo GTV V6 24v,1996-1998–,assets/vehicles/alfa-romeo/car-00220/,assets/vehicles/_quick/car-00220-1.webp,assets/vehicles/_quick/car-00220-2.webp,,,,content/articles/alfa-romeo/car-00220.md,no
4704778a1d30d6122223894cfe54f82acbac14f1,car-00221,excel,car,Alfa Romeo,,,GTV,Gen 1,V6 24v bv6,Alfa Romeo GTV V6 24v bv6,1998-2002–,assets/vehicles/alfa-romeo/car-00221/,assets/vehicles/_quick/car-00221-1.webp,assets/vehicles/_quick/car-00221-2.webp,,,,content/articles/alfa-romeo/car-00221.md,no
44ccb52ab855b68aa476193d6d8047b6b3544843,car-00222,excel,car,Alfa Romeo,,,GTV,Gen 1,V6 3.2,Alfa Romeo GTV V6 3.2,2003-2006–,assets/vehicles/alfa-romeo/car-00222/,assets/vehicles/_quick/car-00222-1.webp,assets/vehicles/_quick/car-00222-2.webp,,,,content/articles/alfa-romeo/car-00222.md,no
caa06b7fa0c78499e853e02385378df7d9390298,car-00223,excel,car,Alfa Romeo,,,MiTo,Gen 1,0.9 TwinAir,Alfa Romeo MiTo 0.9 TwinAir,2013-2018–,assets/vehicles/alfa-romeo/car-00223/,assets/vehicles/_quick/car-00223-1.webp,assets/vehicles/_quick/car-00223-2.webp,,,,content/articles/alfa-romeo/car-00223.md,no
d5f06e4f4bf0f0d7cb30638ddc5db417812c3a75,car-00224,excel,car,Alfa Romeo,,,MiTo,Gen 1,1.4 MPI,Alfa Romeo MiTo 1.4 MPI,2011-2013–,assets/vehicles/alfa-romeo/car-00224/,assets/vehicles/_quick/car-00224-1.webp,assets/vehicles/_quick/car-00224-2.webp,,,,content/articles/alfa-romeo/car-00224.md,no
8a944229ad00d932a81b35da74d3f6c45729fd22,car-00225,excel,car,Alfa Romeo,,,MiTo,Gen 1,1.4 T-Jet,Alfa Romeo MiTo 1.4 T-Jet,2009-2009–,assets/vehicles/alfa-romeo/car-00225/,assets/vehicles/_quick/car-00225-1.webp,assets/vehicles/_quick/car-00225-2.webp,,,,content/articles/alfa-romeo/car-00225.md,no
4d4c5bf9e77a8d5cd655d4e58e3767bab48e132a,car-00226,excel,car,Alfa Romeo,,,MiTo,Gen 1,1.4 T-Jet,Alfa Romeo MiTo 1.4 T-Jet,2008-2010–,assets/vehicles/alfa-romeo/car-00226/,assets/vehicles/_quick/car-00226-1.webp,assets/vehicles/_quick/car-00226-2.webp,,,,content/articles/alfa-romeo/car-00226.md,no
5aaca0a6dbee913ec81ede867e48eff6ead3b01f,car-00227,excel,car,Alfa Romeo,,,MiTo,Gen 1,1.4 TB MultiAir,Alfa Romeo MiTo 1.4 TB MultiAir,2009-2014–,assets/vehicles/alfa-romeo/car-00227/,assets/vehicles/_quick/car-00227-1.webp,assets/vehicles/_quick/car-00227-2.webp,,,,content/articles/alfa-romeo/car-00227.md,no
67356e1c55c4ccd7db1d21344d8d66068bd524d0,car-00228,excel,car,Alfa Romeo,,,MiTo,Gen 1,1.4 TB MultiAir TCT,Alfa Romeo MiTo 1.4 TB MultiAir TCT,2014-2018–,assets/vehicles/alfa-romeo/car-00228/,assets/vehicles/_quick/car-00228-1.webp,assets/vehicles/_quick/car-00228-2.webp,,,,content/articles/alfa-romeo/car-00228.md,no
26d260d32211649e11050d48e54010ea691147bb,car-00229,excel,car,Alfa Romeo,,,MiTo,Gen 1,1.4 TB MultiAir TCT,Alfa Romeo MiTo 1.4 TB MultiAir TCT,2010-2014–,assets/vehicles/alfa-romeo/car-00229/,assets/vehicles/_quick/car-00229-1.webp,assets/vehicles/_quick/car-00229-2.webp,,,,content/articles/alfa-romeo/car-00229.md,no
95fd15b16d65025b94a3982d97a8bb5d8b469e11,car-00230,excel,car,Alfa Romeo,,,MiTo,Gen 1,1.6 JTDm,Alfa Romeo MiTo 1.6 JTDm,2008-2015–,assets/vehicles/alfa-romeo/car-00230/,assets/vehicles/_quick/car-00230-1.webp,assets/vehicles/_quick/car-00230-2.webp,,,,content/articles/alfa-romeo/car-00230.md,no
d01620b2c9d0b48d49243a41ddf58c33c3c90dde,car-00231,excel,car,Alfa Romeo,,,MiTo,Gen 1,QV,Alfa Romeo MiTo QV,2009-2014–,assets/vehicles/alfa-romeo/car-00231/,assets/vehicles/_quick/car-00231-1.webp,assets/vehicles/_quick/car-00231-2.webp,,,,content/articles/alfa-romeo/car-00231.md,no
629685d1bca5d551b2a0f485b025cc976ed2df13,car-00232,excel,car,Alfa Romeo,,,MiTo,Gen 1,QV TCT,Alfa Romeo MiTo QV TCT,2014-2018–,assets/vehicles/alfa-romeo/car-00232/,assets/vehicles/_quick/car-00232-1.webp,assets/vehicles/_quick/car-00232-2.webp,,,,content/articles/alfa-romeo/car-00232.md,no
114a3313b61df026f7fafa1445daf085d3dd7b83,car-00233,excel,car,Alfa Romeo,,,Montreal,Gen 1,-,Alfa Romeo Montreal,1970–1975,assets/vehicles/alfa-romeo/car-00233/,assets/vehicles/_quick/car-00233-1.webp,assets/vehicles/_quick/car-00233-2.webp,,,,content/articles/alfa-romeo/car-00233.md,no
0134fdbcbb565ed960ff77ec88fdb0901c07c618,car-00234,excel,car,Alfa Romeo,,,RZ,Gen 1,-,Alfa Romeo RZ,1992-1994–,assets/vehicles/alfa-romeo/car-00234/,assets/vehicles/_quick/car-00234-1.webp,assets/vehicles/_quick/car-00234-2.webp,,,,content/articles/alfa-romeo/car-00234.md,no
92103d0ebb660f7436e7119281bd2bc4ee2226f8,car-00235,excel,car,Alfa Romeo,,,Spider,916,2.0 TS 16V,Alfa Romeo Spider 2.0 TS 16V,1995–1998,assets/vehicles/alfa-romeo/car-00235/,assets/vehicles/_quick/car-00235-1.webp,assets/vehicles/_quick/car-00235-2.webp,,,,content/articles/alfa-romeo/car-00235.md,no
a862d341226a732f0cd38edc0ec0c88aeb5bc086,car-00236,excel,car,Alfa Romeo,,,Spider,916,3.0 V6,Alfa Romeo Spider 3.0 V6,1995–1999,assets/vehicles/alfa-romeo/car-00236/,assets/vehicles/_quick/car-00236-1.webp,assets/vehicles/_quick/car-00236-2.webp,,,,content/articles/alfa-romeo/car-00236.md,no
965cb466023a6bc9486ff84b0ca9de06189a3e49,car-00237,excel,car,Alfa Romeo,,,Spider,Gen 1,1300 Junior,Alfa Romeo Spider 1300 Junior,1968–1969,assets/vehicles/alfa-romeo/car-00237/,assets/vehicles/_quick/car-00237-1.webp,assets/vehicles/_quick/car-00237-2.webp,,,,content/articles/alfa-romeo/car-00237.md,no
f11ef4606f0c2ca587b7f440368634c3699ee0c0,car-00238,excel,car,Alfa Romeo,,,Spider,Gen 1,1300 Junior,Alfa Romeo Spider 1300 Junior,1969–1974,assets/vehicles/alfa-romeo/car-00238/,assets/vehicles/_quick/car-00238-1.webp,assets/vehicles/_quick/car-00238-2.webp,,,,content/articles/alfa-romeo/car-00238.md,no
1804ee36d695edb5c70ece998b2a4852e5dbffe8,car-00239,excel,car,Alfa Romeo,,,Spider,Gen 1,1300 Junior,Alfa Romeo Spider 1300 Junior,1974–1977,assets/vehicles/alfa-romeo/car-00239/,assets/vehicles/_quick/car-00239-1.webp,assets/vehicles/_quick/car-00239-2.webp,,,,content/articles/alfa-romeo/car-00239.md,no
35ba2e65a870f4d0a87c27722938d74f20982e51,car-00240,excel,car,Alfa Romeo,,,Spider,Gen 1,1600 Duetto,Alfa Romeo Spider 1600 Duetto,1966–1968,assets/vehicles/alfa-romeo/car-00240/,assets/vehicles/_quick/car-00240-1.webp,assets/vehicles/_quick/car-00240-2.webp,,,,content/articles/alfa-romeo/car-00240.md,no
96250cd902cede11aaf7deccb921f9c3e730ecb2,car-00241,excel,car,Alfa Romeo,,,Spider,Gen 1,1600 Junior,Alfa Romeo Spider 1600 Junior,1972–1974,assets/vehicles/alfa-romeo/car-00241/,assets/vehicles/_quick/car-00241-1.webp,assets/vehicles/_quick/car-00241-2.webp,,,,content/articles/alfa-romeo/car-00241.md,no
c4dad9c0f0e0dbe140f384a57d778a06d7d99eb3,car-00242,excel,car,Alfa Romeo,,,Spider,Gen 1,1600 Junior,Alfa Romeo Spider 1600 Junior,1974–1977,assets/vehicles/alfa-romeo/car-00242/,assets/vehicles/_quick/car-00242-1.webp,assets/vehicles/_quick/car-00242-2.webp,,,,content/articles/alfa-romeo/car-00242.md,no
86e04d796eaa3dc9458ca3ebab75886e6d0dd916,car-00243,excel,car,Alfa Romeo,,,Spider,Gen 1,1750 Veloce,Alfa Romeo Spider 1750 Veloce,1967–1969,assets/vehicles/alfa-romeo/car-00243/,assets/vehicles/_quick/car-00243-1.webp,assets/vehicles/_quick/car-00243-2.webp,,,,content/articles/alfa-romeo/car-00243.md,no
b9499127c41257ba2116cbb14ddd2b31207e0ab1,car-00244,excel,car,Alfa Romeo,,,Spider,Gen 1,1750 Veloce,Alfa Romeo Spider 1750 Veloce,1969–1972,assets/vehicles/alfa-romeo/car-00244/,assets/vehicles/_quick/car-00244-1.webp,assets/vehicles/_quick/car-00244-2.webp,,,,content/articles/alfa-romeo/car-00244.md,no
bceeccaa03ed81b5cc90443855bf7704cbb23b7b,car-00245,excel,car,Alfa Romeo,,,Spider,Gen 1,1800,Alfa Romeo Spider 1800,1980–1983,assets/vehicles/alfa-romeo/car-00245/,assets/vehicles/_quick/car-00245-1.webp,assets/vehicles/_quick/car-00245-2.webp,,,,content/articles/alfa-romeo/car-00245.md,no
c8da908a5b6ff63300acc345fb9392119f5b0166,car-00246,excel,car,Alfa Romeo,,,Spider,Gen 1,2000 Veloce,Alfa Romeo Spider 2000 Veloce,1971–1975,assets/vehicles/alfa-romeo/car-00246/,assets/vehicles/_quick/car-00246-1.webp,assets/vehicles/_quick/car-00246-2.webp,,,,content/articles/alfa-romeo/car-00246.md,no
e75ad3618ec039a8a6a078ef5c1eb978f8e27901,car-00247,excel,car,Alfa Romeo,,,Spider,Gen 1,2000 Veloce,Alfa Romeo Spider 2000 Veloce,1975–1981,assets/vehicles/alfa-romeo/car-00247/,assets/vehicles/_quick/car-00247-1.webp,assets/vehicles/_quick/car-00247-2.webp,,,,content/articles/alfa-romeo/car-00247.md,no
45b57097f358655c5ab5fe005f33701340c06086,car-00248,excel,car,Alfa Romeo,,,Spider,Gen 1,2000 Veloce,Alfa Romeo Spider 2000 Veloce,1981–1983,assets/vehicles/alfa-romeo/car-00248/,assets/vehicles/_quick/car-00248-1.webp,assets/vehicles/_quick/car-00248-2.webp,,,,content/articles/alfa-romeo/car-00248.md,no
3ee7e4553b41d36db2fa0284fd82b94938c778bf,car-00249,excel,car,Alfa Romeo,,,Spider,S4,1.6,Alfa Romeo Spider 1.6,1990–1992,assets/vehicles/alfa-romeo/car-00249/,assets/vehicles/_quick/car-00249-1.webp,assets/vehicles/_quick/car-00249-2.webp,,,,content/articles/alfa-romeo/car-00249.md,no
109e4abdb3e9da9b1503c3e4cf77b29f80f195c7,car-00250,excel,car,Alfa Romeo,,,Spider,S4,2.0 i.e. catalyst,Alfa Romeo Spider 2.0 i.e. catalyst,1990–1994,assets/vehicles/alfa-romeo/car-00250/,assets/vehicles/_quick/car-00250-1.webp,assets/vehicles/_quick/car-00250-2.webp,,,,content/articles/alfa-romeo/car-00250.md,no
e741b2513d2ff227bb19955dc1d17959d35da8d2,car-00251,excel,car,Alfa Romeo,,,Stelvio,Gen 1,2.0 T Q4,Alfa Romeo Stelvio 2.0 T Q4,2017-–,assets/vehicles/alfa-romeo/car-00251/,assets/vehicles/_quick/car-00251-1.webp,assets/vehicles/_quick/car-00251-2.webp,,,,content/articles/alfa-romeo/car-00251.md,no
e741b2513d2ff227bb19955dc1d17959d35da8d2,car-00252,excel,car,Alfa Romeo,,,Stelvio,Gen 1,2.0 T Q4,Alfa Romeo Stelvio 2.0 T Q4,2017-–,assets/vehicles/alfa-romeo/car-00252/,assets/vehicles/_quick/car-00252-1.webp,assets/vehicles/_quick/car-00252-2.webp,,,,content/articles/alfa-romeo/car-00252.md,no
9f502a2cfc3e5b35cb993348a46af3af847429a1,car-00253,excel,car,Alfa Romeo,,,Stelvio,Gen 1,2.2 D AT8,Alfa Romeo Stelvio 2.2 D AT8,2018-–,assets/vehicles/alfa-romeo/car-00253/,assets/vehicles/_quick/car-00253-1.webp,assets/vehicles/_quick/car-00253-2.webp,,,,content/articles/alfa-romeo/car-00253.md,no
9f502a2cfc3e5b35cb993348a46af3af847429a1,car-00254,excel,car,Alfa Romeo,,,Stelvio,Gen 1,2.2 D AT8,Alfa Romeo Stelvio 2.2 D AT8,2018-–,assets/vehicles/alfa-romeo/car-00254/,assets/vehicles/_quick/car-00254-1.webp,assets/vehicles/_quick/car-00254-2.webp,,,,content/articles/alfa-romeo/car-00254.md,no
516c30ba42fe916330f45ae5c8df0b9c628c424f,car-00255,excel,car,Alfa Romeo,,,Stelvio,Gen 1,2.2 D Auto,Alfa Romeo Stelvio 2.2 D Auto,2017-2018–,assets/vehicles/alfa-romeo/car-00255/,assets/vehicles/_quick/car-00255-1.webp,assets/vehicles/_quick/car-00255-2.webp,,,,content/articles/alfa-romeo/car-00255.md,no
8fe3f0c4a809bd436db10ba40c60b20782532eb5,car-00256,excel,car,Alfa Romeo,,,Stelvio,Gen 1,2.2 D Q4 AT8,Alfa Romeo Stelvio 2.2 D Q4 AT8,2018-–,assets/vehicles/alfa-romeo/car-00256/,assets/vehicles/_quick/car-00256-1.webp,assets/vehicles/_quick/car-00256-2.webp,,,,content/articles/alfa-romeo/car-00256.md,no
d4ef7e6d47012c3cfb890c68b78594bb766265b6,car-00257,excel,car,Alfa Romeo,,,Stelvio,Gen 1,2.2 D Q4 Auto,Alfa Romeo Stelvio 2.2 D Q4 Auto,2017-–,assets/vehicles/alfa-romeo/car-00257/,assets/vehicles/_quick/car-00257-1.webp,assets/vehicles/_quick/car-00257-2.webp,,,,content/articles/alfa-romeo/car-00257.md,no
bf6d576b7e599bb5f9f65de6a0e00e20b5be7ee8,car-00258,excel,car,Alfa Romeo,,,Stelvio,Gen 1,2.2 D Q4 Auto,Alfa Romeo Stelvio 2.2 D Q4 Auto,2017-2018–,assets/vehicles/alfa-romeo/car-00258/,assets/vehicles/_quick/car-00258-1.webp,assets/vehicles/_quick/car-00258-2.webp,,,,content/articles/alfa-romeo/car-00258.md,no
ec81cb0a7594c2157fa58e912e8797185d3c9a0d,car-00259,excel,car,Alfa Romeo,,,Stelvio,Gen 1,Quadrifoglio,Alfa Romeo Stelvio Quadrifoglio,2017-–,assets/vehicles/alfa-romeo/car-00259/,assets/vehicles/_quick/car-00259-1.webp,assets/vehicles/_quick/car-00259-2.webp,,,,content/articles/alfa-romeo/car-00259.md,no
9e153e88521fb12bce9e3102016bb01546514cc2,car-00260,excel,car,Alfa Romeo,,,SZ,Gen 1,-,Alfa Romeo SZ,1989-1991–,assets/vehicles/alfa-romeo/car-00260/,assets/vehicles/_quick/car-00260-1.webp,assets/vehicles/_quick/car-00260-2.webp,,,,content/articles/alfa-romeo/car-00260.md,no
b16e23712215917fca091025ce9b724171c1b220,car-00261,excel,car,Alfa Romeo,,,Tipo,Gen 1,33 Stradale,Alfa Romeo Tipo 33 Stradale,1968–1969,assets/vehicles/alfa-romeo/car-00261/,assets/vehicles/_quick/car-00261-1.webp,assets/vehicles/_quick/car-00261-2.webp,,,,content/articles/alfa-romeo/car-00261.md,no
ff2e2135b213bf86af16785431c5e9762ab7c074,car-00262,excel,car,Alfa Romeo,,,Tipo,Gen 1,33/2 Daytona Coupe,Alfa Romeo Tipo 33/2 Daytona Coupe,1968,assets/vehicles/alfa-romeo/car-00262/,assets/vehicles/_quick/car-00262-1.webp,assets/vehicles/_quick/car-00262-2.webp,,,,content/articles/alfa-romeo/car-00262.md,no
8b5edbc6f5f19b8ca92c22bc52571728e60e0444,car-00263,excel,car,Alfa Romeo,,,Tonale,Gen 1,1.5 HybrDI TCT7,Alfa Romeo Tonale 1.5 HybrDI TCT7,2022-–,assets/vehicles/alfa-romeo/car-00263/,assets/vehicles/_quick/car-00263-1.webp,assets/vehicles/_quick/car-00263-2.webp,,,,content/articles/alfa-romeo/car-00263.md,no
8b5edbc6f5f19b8ca92c22bc52571728e60e0444,car-00264,excel,car,Alfa Romeo,,,Tonale,Gen 1,1.5 HybrDI TCT7,Alfa Romeo Tonale 1.5 HybrDI TCT7,2022-–,assets/vehicles/alfa-romeo/car-00264/,assets/vehicles/_quick/car-00264-1.webp,assets/vehicles/_quick/car-00264-2.webp,,,,content/articles/alfa-romeo/car-00264.md,no
6c9974757ed5ddd5e059c6ef5d3df1a6c8555279,car-00265,excel,car,Alfa Romeo,,,Tonale,Gen 1,1.6 Multijet TCT7,Alfa Romeo Tonale 1.6 Multijet TCT7,2022-–,assets/vehicles/alfa-romeo/car-00265/,assets/vehicles/_quick/car-00265-1.webp,assets/vehicles/_quick/car-00265-2.webp,,,,content/articles/alfa-romeo/car-00265.md,no
4f4e4beb06c19cc08541e6f6ccbcdd056c7c11bd,car-00266,excel,car,Alfa Romeo,,,Tonale,Gen 1,HybrDI Q4,Alfa Romeo Tonale HybrDI Q4,2023-–,assets/vehicles/alfa-romeo/car-00266/,assets/vehicles/_quick/car-00266-1.webp,assets/vehicles/_quick/car-00266-2.webp,,,,content/articles/alfa-romeo/car-00266.md,no
a7c34820a8d0e5f5f6563f75d8c1cc25ec3d831b,car-00267,excel,car,Alpina,,,B6,F13,Biturbo,Alpina B6 Biturbo,2015-2017–,assets/vehicles/alpina/car-00267/,assets/vehicles/_quick/car-00267-1.webp,assets/vehicles/_quick/car-00267-2.webp,,,,content/articles/alpina/car-00267.md,no
9f9f8d4168f65febf74e08e30922c431c464cca0,car-00268,excel,car,Alpine,,,A110,Gen 1,1100,Alpine A110 1100,1965-1968–,assets/vehicles/alpine/car-00268/,assets/vehicles/_quick/car-00268-1.webp,assets/vehicles/_quick/car-00268-2.webp,,,,content/articles/alpine/car-00268.md,no
639192d7ae0bab49d519c5fd56534475f3c7ba50,car-00269,excel,car,Alpine,,,A110,Gen 1,1300 G,Alpine A110 1300 G,1967-1971–,assets/vehicles/alpine/car-00269/,assets/vehicles/_quick/car-00269-1.webp,assets/vehicles/_quick/car-00269-2.webp,,,,content/articles/alpine/car-00269.md,no
c610002b2bea25c7a40db971fa4c951472305ec1,car-00270,excel,car,Alpine,,,A110,Gen 1,1300 S bv4,Alpine A110 1300 S bv4,1966-1971–,assets/vehicles/alpine/car-00270/,assets/vehicles/_quick/car-00270-1.webp,assets/vehicles/_quick/car-00270-2.webp,,,,content/articles/alpine/car-00270.md,no
e5b7f9333903f410be95b32357ba78d475742cae,car-00271,excel,car,Alpine,,,A110,Gen 1,1300 S bv5,Alpine A110 1300 S bv5,1966-1971–,assets/vehicles/alpine/car-00271/,assets/vehicles/_quick/car-00271-1.webp,assets/vehicles/_quick/car-00271-2.webp,,,,content/articles/alpine/car-00271.md,no
8b3ae50db0b4ecab6c1662a3d05323b1ae660e9e,car-00272,excel,car,Alpine,,,A110,Gen 1,1600 bv5,Alpine A110 1600 bv5,1969-1970–,assets/vehicles/alpine/car-00272/,assets/vehicles/_quick/car-00272-1.webp,assets/vehicles/_quick/car-00272-2.webp,,,,content/articles/alpine/car-00272.md,no
d6649736c2c0ca84bcb1b75acafe38b71c522271,car-00273,excel,car,Alpine,,,A110,Gen 1,1600 S,Alpine A110 1600 S,1970-1971–,assets/vehicles/alpine/car-00273/,assets/vehicles/_quick/car-00273-1.webp,assets/vehicles/_quick/car-00273-2.webp,,,,content/articles/alpine/car-00273.md,no
0073ca3131ac41a42ad10074d234158a5f0724b4,car-00274,excel,car,Alpine,,,A110,Gen 1,1600 SC,Alpine A110 1600 SC,1972-1975–,assets/vehicles/alpine/car-00274/,assets/vehicles/_quick/car-00274-1.webp,assets/vehicles/_quick/car-00274-2.webp,,,,content/articles/alpine/car-00274.md,no
9381d8b6d0b4390bff68037d9b2955504afb5f1d,car-00275,excel,car,Alpine,,,A110,Gen 1,1600 SX,Alpine A110 1600 SX,1976-1978–,assets/vehicles/alpine/car-00275/,assets/vehicles/_quick/car-00275-1.webp,assets/vehicles/_quick/car-00275-2.webp,,,,content/articles/alpine/car-00275.md,no
8928b12de16ace1dc470f4311d400ad3b602b053,car-00276,excel,car,Alpine,,,A110,II,-,Alpine A110,2018-–,assets/vehicles/alpine/car-00276/,assets/vehicles/_quick/car-00276-1.webp,assets/vehicles/_quick/car-00276-2.webp,,,,content/articles/alpine/car-00276.md,no
0d17bbd5c15efd6ff9cf5c1139acfce070785307,car-00277,excel,car,Alpine,,,A110,II,R,Alpine A110 R,2023-–,assets/vehicles/alpine/car-00277/,assets/vehicles/_quick/car-00277-1.webp,assets/vehicles/_quick/car-00277-2.webp,,,,content/articles/alpine/car-00277.md,no
fb7aa8b19adaf5ebaf2b1f9076135703faaaa432,car-00278,excel,car,Alpine,,,A110,II,S,Alpine A110 S,2022-–,assets/vehicles/alpine/car-00278/,assets/vehicles/_quick/car-00278-1.webp,assets/vehicles/_quick/car-00278-2.webp,,,,content/articles/alpine/car-00278.md,no
621dcab54ba6f31d2acbb3bd5dc0b4a8929b44e5,car-00279,excel,car,Alpine,,,A110,II,S,Alpine A110 S,2019-2021–,assets/vehicles/alpine/car-00279/,assets/vehicles/_quick/car-00279-1.webp,assets/vehicles/_quick/car-00279-2.webp,,,,content/articles/alpine/car-00279.md,no
01311c189d70958c783a647d59139be5bf29727e,car-00280,excel,car,Alpine,,,V6,Gen 1,GT Turbo,Alpine V6 GT Turbo,1985-1988–,assets/vehicles/alpine/car-00280/,assets/vehicles/_quick/car-00280-1.webp,assets/vehicles/_quick/car-00280-2.webp,,,,content/articles/alpine/car-00280.md,no
b07b7e63c153600af63246d99744188421dbb509,car-00281,excel,car,Ascari,,,KZ1,Gen 1,-,Ascari KZ1,2003-2005–,assets/vehicles/ascari/car-00281/,assets/vehicles/_quick/car-00281-1.webp,assets/vehicles/_quick/car-00281-2.webp,,,,content/articles/ascari/car-00281.md,no
c64b3fe2aa5a1b375f2b66945907c715bdc77576,car-00282,excel,car,Ascari,,,KZ1,Gen 1,A10,Ascari KZ1 A10,2006-2007–,assets/vehicles/ascari/car-00282/,assets/vehicles/_quick/car-00282-1.webp,assets/vehicles/_quick/car-00282-2.webp,,,,content/articles/ascari/car-00282.md,no
cdb604145ab6bcc2f0f21618a3031d0396e24855,car-00283,excel,car,Aston Martin,,,DB9,Gen 1,-,Aston Martin DB9,2012-2015–,assets/vehicles/aston-martin/car-00283/,assets/vehicles/_quick/car-00283-1.webp,assets/vehicles/_quick/car-00283-2.webp,,,,content/articles/aston-martin/car-00283.md,no
487a498d0f21dfc0889adda9082b68c2f826db65,car-00284,excel,car,Aston Martin,,,DB9,Gen 1,-,Aston Martin DB9,2008-2012–,assets/vehicles/aston-martin/car-00284/,assets/vehicles/_quick/car-00284-1.webp,assets/vehicles/_quick/car-00284-2.webp,,,,content/articles/aston-martin/car-00284.md,no
219d53b475f88f60e08e25644cb3cd1d143c0b3a,car-00285,excel,car,Aston Martin,,,DB9,Gen 1,GT,Aston Martin DB9 GT,2015-2016–,assets/vehicles/aston-martin/car-00285/,assets/vehicles/_quick/car-00285-1.webp,assets/vehicles/_quick/car-00285-2.webp,,,,content/articles/aston-martin/car-00285.md,no
ba6777dd8ab3be6bc1903646df16a72c892fe4c5,car-00286,excel,car,Aston Martin,,,DB9,Gen 1,Touchtronic2,Aston Martin DB9 Touchtronic2,2004–2008,assets/vehicles/aston-martin/car-00286/,assets/vehicles/_quick/car-00286-1.webp,assets/vehicles/_quick/car-00286-2.webp,,,,content/articles/aston-martin/car-00286.md,no
8bcc5b69f69323dc172ce5b3448d783ea9d3d230,car-00287,excel,car,Aston Martin,,,DBX,Gen 1,707,Aston Martin DBX 707,2022-–,assets/vehicles/aston-martin/car-00287/,assets/vehicles/_quick/car-00287-1.webp,assets/vehicles/_quick/car-00287-2.webp,,,,content/articles/aston-martin/car-00287.md,no
296f4ed75f2d524011f910d2c1250850dca4acaa,car-00288,excel,car,Aston Martin,,,Vantage,Gen 1,-,Aston Martin Vantage,2005–2008,assets/vehicles/aston-martin/car-00288/,assets/vehicles/_quick/car-00288-1.webp,assets/vehicles/_quick/car-00288-2.webp,,,,content/articles/aston-martin/car-00288.md,no
c75c8706515d9e3e32fb73fd900a8aa287867b87,car-00289,excel,car,Aston Martin,,,Vantage,Gen 1,-,Aston Martin Vantage,2009–2013,assets/vehicles/aston-martin/car-00289/,assets/vehicles/_quick/car-00289-1.webp,assets/vehicles/_quick/car-00289-2.webp,,,,content/articles/aston-martin/car-00289.md,no
a5f63d4c305d915b4e9c5455f3253966ea651015,car-00290,excel,car,Aston Martin,,,Vantage,Gen 1,Sportshift,Aston Martin Vantage Sportshift,2009–2013,assets/vehicles/aston-martin/car-00290/,assets/vehicles/_quick/car-00290-1.webp,assets/vehicles/_quick/car-00290-2.webp,,,,content/articles/aston-martin/car-00290.md,no
6a80cec6c122beaca2627d402c4bbaff5b7a04d1,car-00291,excel,car,Aston Martin,,,Vantage,Gen 1,S Sportshift,Aston Martin Vantage S Sportshift,2012–2013,assets/vehicles/aston-martin/car-00291/,assets/vehicles/_quick/car-00291-1.webp,assets/vehicles/_quick/car-00291-2.webp,,,,content/articles/aston-martin/car-00291.md,no
b1f354347fe8c392c803298d6f1789d82ad4bf67,car-00292,excel,car,Aston Martin,,,Vantage,Gen 1,V12,Aston Martin Vantage V12,2009–2013,assets/vehicles/aston-martin/car-00292/,assets/vehicles/_quick/car-00292-1.webp,assets/vehicles/_quick/car-00292-2.webp,,,,content/articles/aston-martin/car-00292.md,no
c57efd469b645e305b1912145475da06aa3b6cfa,car-00293,excel,car,Aston Martin,,,Vantage,Gen 1,V12 AMR Coupe Sportshift,Aston Martin Vantage V12 AMR Coupe Sportshift,2017,assets/vehicles/aston-martin/car-00293/,assets/vehicles/_quick/car-00293-1.webp,assets/vehicles/_quick/car-00293-2.webp,,,,content/articles/aston-martin/car-00293.md,no
9272b3ffa666ddb517816753b8ee8854f098d4d2,car-00294,excel,car,Aston Martin,,,Vantage,Gen 1,V12 S,Aston Martin Vantage V12 S,2013–2018,assets/vehicles/aston-martin/car-00294/,assets/vehicles/_quick/car-00294-1.webp,assets/vehicles/_quick/car-00294-2.webp,,,,content/articles/aston-martin/car-00294.md,no
e5414bc236ec0216b8a3fb4af374a5709c05cd8b,car-00295,excel,car,Aston Martin,,,Vantage,Gen 1,GT8,Aston Martin Vantage GT8,2016–2018,assets/vehicles/aston-martin/car-00295/,assets/vehicles/_quick/car-00295-1.webp,assets/vehicles/_quick/car-00295-2.webp,,,,content/articles/aston-martin/car-00295.md,no
a43d1c7bc585b533c4ce074dddf149bb0f310b20,car-00296,excel,car,Aston Martin,,,Vantage,Gen 1,GT8 Sportshift II,Aston Martin Vantage GT8 Sportshift II,2016–2018,assets/vehicles/aston-martin/car-00296/,assets/vehicles/_quick/car-00296-1.webp,assets/vehicles/_quick/car-00296-2.webp,,,,content/articles/aston-martin/car-00296.md,no
8c161db8ca61ccc02fece624ea0af78ed6dcc4f4,car-00297,excel,car,Aston Martin,,,Vantage,Gen 1,V12 GT12,Aston Martin Vantage V12 GT12,2015–2016,assets/vehicles/aston-martin/car-00297/,assets/vehicles/_quick/car-00297-1.webp,assets/vehicles/_quick/car-00297-2.webp,,,,content/articles/aston-martin/car-00297.md,no
6d790cc26820ed46db232f4d6754572cc43dd0a9,car-00298,excel,car,Aston Martin,,,Vantage,Gen 1,N400,Aston Martin Vantage N400,2007–2008,assets/vehicles/aston-martin/car-00298/,assets/vehicles/_quick/car-00298-1.webp,assets/vehicles/_quick/car-00298-2.webp,,,,content/articles/aston-martin/car-00298.md,no
62ef347a8f49357c6574e360575ca925302efcab,car-00299,excel,car,Aston Martin,,,Vantage,Gen 1,N24,Aston Martin Vantage N24,,assets/vehicles/aston-martin/car-00299/,assets/vehicles/_quick/car-00299-1.webp,assets/vehicles/_quick/car-00299-2.webp,,,,content/articles/aston-martin/car-00299.md,no
731246d382a6e6362b496c8a5212904ccac5f759,car-00300,excel,car,Aston Martin,,,Vantage,Gen 1,N420,Aston Martin Vantage N420,2010–2011,assets/vehicles/aston-martin/car-00300/,assets/vehicles/_quick/car-00300-1.webp,assets/vehicles/_quick/car-00300-2.webp,,,,content/articles/aston-martin/car-00300.md,no
0fd33c8bfed3c37b6eb1cfabb561e54a29305993,car-00301,excel,car,Aston Martin,,,Vantage,Gen 1,N430,Aston Martin Vantage N430,2014–2015,assets/vehicles/aston-martin/car-00301/,assets/vehicles/_quick/car-00301-1.webp,assets/vehicles/_quick/car-00301-2.webp,,,,content/articles/aston-martin/car-00301.md,no
81733acb251a1a73fc4fe88cf69cce88e76139a8,car-00302,excel,car,Audi,,,80,B4,2.6 E,Audi 80 2.6 E,1991-1995–,assets/vehicles/audi/car-00302/,assets/vehicles/_quick/car-00302-1.webp,assets/vehicles/_quick/car-00302-2.webp,,,,content/articles/audi/car-00302.md,no
f3554abb2d67567d85e92ba725ba81be396b7974,car-00303,excel,car,Audi,,,A1,8X,1.2 TFSI,Audi A1 1.2 TFSI,2010-2014–,assets/vehicles/audi/car-00303/,assets/vehicles/_quick/car-00303-1.webp,assets/vehicles/_quick/car-00303-2.webp,,,,content/articles/audi/car-00303.md,no
3c873a90d0929c32aa1d448292f9d56def99ad50,car-00304,excel,car,Audi,,,A1,8X,1.4 TFSI,Audi A1 1.4 TFSI,2010-2014–,assets/vehicles/audi/car-00304/,assets/vehicles/_quick/car-00304-1.webp,assets/vehicles/_quick/car-00304-2.webp,,,,content/articles/audi/car-00304.md,no
93b6b5688493f99929030e81f23b6e0009379488,car-00305,excel,car,Audi,,,A1,8X,1.4 TFSI CoD,Audi A1 1.4 TFSI CoD,2013-2014–,assets/vehicles/audi/car-00305/,assets/vehicles/_quick/car-00305-1.webp,assets/vehicles/_quick/car-00305-2.webp,,,,content/articles/audi/car-00305.md,no
e8657f14b93546e79e0d79ea1b3ab0c270705c5b,car-00306,excel,car,Audi,,,A1,8X,1.4 TFSI CoD S-Tronic,Audi A1 1.4 TFSI CoD S-Tronic,2013-2014–,assets/vehicles/audi/car-00306/,assets/vehicles/_quick/car-00306-1.webp,assets/vehicles/_quick/car-00306-2.webp,,,,content/articles/audi/car-00306.md,no
e07a6fc8f570b8281d03ebc9bb7d624f650f1088,car-00307,excel,car,Audi,,,A1,8X,1.4 TFSI S-Tronic,Audi A1 1.4 TFSI S-Tronic,2010-2014–,assets/vehicles/audi/car-00307/,assets/vehicles/_quick/car-00307-1.webp,assets/vehicles/_quick/car-00307-2.webp,,,,content/articles/audi/car-00307.md,no
e07a6fc8f570b8281d03ebc9bb7d624f650f1088,car-00308,excel,car,Audi,,,A1,8X,1.4 TFSI S-Tronic,Audi A1 1.4 TFSI S-Tronic,2010-2014–,assets/vehicles/audi/car-00308/,assets/vehicles/_quick/car-00308-1.webp,assets/vehicles/_quick/car-00308-2.webp,,,,content/articles/audi/car-00308.md,no
4cfb2e024d75332cec3c3cce368d0dfd8cdf3451,car-00309,excel,car,Audi,,,A1,8X,1.6 TDI,Audi A1 1.6 TDI,2010-2014–,assets/vehicles/audi/car-00309/,assets/vehicles/_quick/car-00309-1.webp,assets/vehicles/_quick/car-00309-2.webp,,,,content/articles/audi/car-00309.md,no
69b324e78f4f22ec62c0f30768dfc1be0a5a1eba,car-00310,excel,car,Audi,,,A1,8X,1.8 TFSi,Audi A1 1.8 TFSi,2014-2018–,assets/vehicles/audi/car-00310/,assets/vehicles/_quick/car-00310-1.webp,assets/vehicles/_quick/car-00310-2.webp,,,,content/articles/audi/car-00310.md,no
b505f69b4bffa5696ff733259ce3269325508113,car-00311,excel,car,Audi,,,A1,8X,2.0 TDi,Audi A1 2.0 TDi,2011-2014–,assets/vehicles/audi/car-00311/,assets/vehicles/_quick/car-00311-1.webp,assets/vehicles/_quick/car-00311-2.webp,,,,content/articles/audi/car-00311.md,no
b505f69b4bffa5696ff733259ce3269325508113,car-00312,excel,car,Audi,,,A1,8X,2.0 TDI,Audi A1 2.0 TDI,2011-2014–,assets/vehicles/audi/car-00312/,assets/vehicles/_quick/car-00312-1.webp,assets/vehicles/_quick/car-00312-2.webp,,,,content/articles/audi/car-00312.md,no
a6c1af911875e6e49f00661fdd00f12f054db2a6,car-00313,excel,car,Audi,,,A1,8X,Quattro,Audi A1 Quattro,2012-2012–,assets/vehicles/audi/car-00313/,assets/vehicles/_quick/car-00313-1.webp,assets/vehicles/_quick/car-00313-2.webp,,,,content/articles/audi/car-00313.md,no
ac622c468c044d5b088d77b4607804fc09a6a878,car-00314,excel,car,Audi,,,A1,8X,S,Audi A1 S,2014-2018–,assets/vehicles/audi/car-00314/,assets/vehicles/_quick/car-00314-1.webp,assets/vehicles/_quick/car-00314-2.webp,,,,content/articles/audi/car-00314.md,no
6b391c33c36cfe0469333c7ae84dd00fd606678d,car-00315,excel,car,Audi,,,A3,8L,1.6,Audi A3 1.6,1996-2003–,assets/vehicles/audi/car-00315/,assets/vehicles/_quick/car-00315-1.webp,assets/vehicles/_quick/car-00315-2.webp,,,,content/articles/audi/car-00315.md,no
70edfb35218f2dd9adb256ca34d63febab6426a1,car-00316,excel,car,Audi,,,A3,8L,1.8,Audi A3 1.8,1996-2003–,assets/vehicles/audi/car-00316/,assets/vehicles/_quick/car-00316-1.webp,assets/vehicles/_quick/car-00316-2.webp,,,,content/articles/audi/car-00316.md,no
c428534154320adff96a6522469b662e58139df5,car-00317,excel,car,Audi,,,A3,8L,1.8T,Audi A3 1.8T,1998-2003–,assets/vehicles/audi/car-00317/,assets/vehicles/_quick/car-00317-1.webp,assets/vehicles/_quick/car-00317-2.webp,,,,content/articles/audi/car-00317.md,no
46200013ee99d67825dd49771ac36220cf9590ee,car-00318,excel,car,Audi,,,A3,8L,1.8T,Audi A3 1.8T,1996-2003–,assets/vehicles/audi/car-00318/,assets/vehicles/_quick/car-00318-1.webp,assets/vehicles/_quick/car-00318-2.webp,,,,content/articles/audi/car-00318.md,no
49a32eac98b7e902bdd6bde40d59649d70256b7b,car-00319,excel,car,Audi,,,A3,8L,1.8T Quattro,Audi A3 1.8T Quattro,1998-2003–,assets/vehicles/audi/car-00319/,assets/vehicles/_quick/car-00319-1.webp,assets/vehicles/_quick/car-00319-2.webp,,,,content/articles/audi/car-00319.md,no
e48839bf5cb1e9f273f8a87cac314cb1a2cd4a26,car-00320,excel,car,Audi,,,A3,8L,1.9 TDI 100,Audi A3 1.9 TDI 100,2001–2003,assets/vehicles/audi/car-00320/,assets/vehicles/_quick/car-00320-1.webp,assets/vehicles/_quick/car-00320-2.webp,,,,content/articles/audi/car-00320.md,no
8c4ef1b7985aab96d226b457e86048cebbb104fd,car-00321,excel,car,Audi,,,A3,8L,1.9 TDI 110,Audi A3 1.9 TDI 110,1997–2001,assets/vehicles/audi/car-00321/,assets/vehicles/_quick/car-00321-1.webp,assets/vehicles/_quick/car-00321-2.webp,,,,content/articles/audi/car-00321.md,no
4f3b7e2a2ed6a88ee7054ac861370757deac99e8,car-00322,excel,car,Audi,,,A3,8L,1.9 TDI 130,Audi A3 1.9 TDI 130,2000–2003,assets/vehicles/audi/car-00322/,assets/vehicles/_quick/car-00322-1.webp,assets/vehicles/_quick/car-00322-2.webp,,,,content/articles/audi/car-00322.md,no
52a16e784b95bfa6819c6668bc618c5dfeff9a30,car-00323,excel,car,Audi,,,A3,8L,1.9 TDI 130 Quattro,Audi A3 1.9 TDI 130 Quattro,2000–2003,assets/vehicles/audi/car-00323/,assets/vehicles/_quick/car-00323-1.webp,assets/vehicles/_quick/car-00323-2.webp,,,,content/articles/audi/car-00323.md,no
90a79aaf4185b96156ca15b566b4a4e71e6f8945,car-00324,excel,car,Audi,,,A3,8P,1.4 TFSI S-Tronic,Audi A3 1.4 TFSI S-Tronic,2008-2012–,assets/vehicles/audi/car-00324/,assets/vehicles/_quick/car-00324-1.webp,assets/vehicles/_quick/car-00324-2.webp,,,,content/articles/audi/car-00324.md,no
c9cdf4d0e93eea06be955b981a9df6199c9c70fa,car-00325,excel,car,Audi,,,A3,8P,1.6,Audi A3 1.6,2003-2010–,assets/vehicles/audi/car-00325/,assets/vehicles/_quick/car-00325-1.webp,assets/vehicles/_quick/car-00325-2.webp,,,,content/articles/audi/car-00325.md,no
852490d211db19027e6e56384a190809458190f5,car-00326,excel,car,Audi,,,A3,8P,1.9 Tdi,Audi A3 1.9 Tdi,2003-2009–,assets/vehicles/audi/car-00326/,assets/vehicles/_quick/car-00326-1.webp,assets/vehicles/_quick/car-00326-2.webp,,,,content/articles/audi/car-00326.md,no
10c745d3b0e4a9929ef6fa01660215af4f92d7d2,car-00327,excel,car,Audi,,,A3,8P,2.0 FSi,Audi A3 2.0 FSi,2003-2005–,assets/vehicles/audi/car-00327/,assets/vehicles/_quick/car-00327-1.webp,assets/vehicles/_quick/car-00327-2.webp,,,,content/articles/audi/car-00327.md,no
6c3fda98382ba20e958f6a57b950abc1c399d275,car-00328,excel,car,Audi,,,A3,8P,2.0 Tdi,Audi A3 2.0 Tdi,2006-2012–,assets/vehicles/audi/car-00328/,assets/vehicles/_quick/car-00328-1.webp,assets/vehicles/_quick/car-00328-2.webp,,,,content/articles/audi/car-00328.md,no
c4d6b096b0a157cc9914095c4f316f30f1f968f6,car-00329,excel,car,Audi,,,A3,8P,2.0 Tdi,Audi A3 2.0 Tdi,2003-2009–,assets/vehicles/audi/car-00329/,assets/vehicles/_quick/car-00329-1.webp,assets/vehicles/_quick/car-00329-2.webp,,,,content/articles/audi/car-00329.md,no
937f44c4b71a9851649ef0ce614103bd3a9d21a9,car-00330,excel,car,Audi,,,A3,8P,2.0 Tdi,Audi A3 2.0 Tdi,2008-2012–,assets/vehicles/audi/car-00330/,assets/vehicles/_quick/car-00330-1.webp,assets/vehicles/_quick/car-00330-2.webp,,,,content/articles/audi/car-00330.md,no
405ec3e80231c55b0a905c9d22e49c4c8436564a,car-00331,excel,car,Audi,,,A3,8P,2.0 Tdi DSG,Audi A3 2.0 Tdi DSG,2006-2012–,assets/vehicles/audi/car-00331/,assets/vehicles/_quick/car-00331-1.webp,assets/vehicles/_quick/car-00331-2.webp,,,,content/articles/audi/car-00331.md,no
fa1e99686afa50ffae6455e59a3666ca17ef31ac,car-00332,excel,car,Audi,,,A3,8P,2.0 Tdi DSG,Audi A3 2.0 Tdi DSG,2004-2008–,assets/vehicles/audi/car-00332/,assets/vehicles/_quick/car-00332-1.webp,assets/vehicles/_quick/car-00332-2.webp,,,,content/articles/audi/car-00332.md,no
1772cc2d1c4c455eedf2e7b0ffd5be433eb9a7b6,car-00333,excel,car,Audi,,,A3,8P,2.0 TFSi,Audi A3 2.0 TFSi,2004-2012–,assets/vehicles/audi/car-00333/,assets/vehicles/_quick/car-00333-1.webp,assets/vehicles/_quick/car-00333-2.webp,,,,content/articles/audi/car-00333.md,no
56bca74e013005822c157fe3f841c72f238195d8,car-00334,excel,car,Audi,,,A3,8P,Cabriolet 1.8 TFSI,Audi A3 Cabriolet 1.8 TFSI,2008-2013–,assets/vehicles/audi/car-00334/,assets/vehicles/_quick/car-00334-1.webp,assets/vehicles/_quick/car-00334-2.webp,,,,content/articles/audi/car-00334.md,no
65c468405607389086e438681445f2d6f7b27a37,car-00335,excel,car,Audi,,,A3,8P,Cabriolet 2.0 TDI,Audi A3 Cabriolet 2.0 TDI,2008-2013–,assets/vehicles/audi/car-00335/,assets/vehicles/_quick/car-00335-1.webp,assets/vehicles/_quick/car-00335-2.webp,,,,content/articles/audi/car-00335.md,no
b6acc3ad14c6a13b1f1829aaaae5d11163ce77e8,car-00336,excel,car,Audi,,,A3,8P,Cabriolet 2.0 TFSI,Audi A3 Cabriolet 2.0 TFSI,2008-2013–,assets/vehicles/audi/car-00336/,assets/vehicles/_quick/car-00336-1.webp,assets/vehicles/_quick/car-00336-2.webp,,,,content/articles/audi/car-00336.md,no
5168c391358d3e08ef00f58a1d246f4bb45f99fb,car-00337,excel,car,Audi,,,A3,8P,S Sportback,Audi A3 S Sportback,2008-2013–,assets/vehicles/audi/car-00337/,assets/vehicles/_quick/car-00337-1.webp,assets/vehicles/_quick/car-00337-2.webp,,,,content/articles/audi/car-00337.md,no
84ef4dd53648799706fee6ae1b579beab4134829,car-00338,excel,car,Audi,,,A3,8P,S Sportback S-Tronic,Audi A3 S Sportback S-Tronic,2008-2011–,assets/vehicles/audi/car-00338/,assets/vehicles/_quick/car-00338-1.webp,assets/vehicles/_quick/car-00338-2.webp,,,,content/articles/audi/car-00338.md,no
39a99c5c6a0d0cba2225be2dcd0235148243871b,car-00339,excel,car,Audi,,,A3,8P,Sportback 1.8 TFSI,Audi A3 Sportback 1.8 TFSI,2007-2012–,assets/vehicles/audi/car-00339/,assets/vehicles/_quick/car-00339-1.webp,assets/vehicles/_quick/car-00339-2.webp,,,,content/articles/audi/car-00339.md,no
9728a3669d69837a5ab62659eabb3a1db2fa5fed,car-00340,excel,car,Audi,,,A3,8P,Sportback 1.9 Tdi e,Audi A3 Sportback 1.9 Tdi e,2004-2009–,assets/vehicles/audi/car-00340/,assets/vehicles/_quick/car-00340-1.webp,assets/vehicles/_quick/car-00340-2.webp,,,,content/articles/audi/car-00340.md,no
422fbc195a8c83dfc5aa54a39a3af3c825cb48c7,car-00341,excel,car,Audi,,,A3,8P,Sportback 2.0 T DSG,Audi A3 Sportback 2.0 T DSG,2004-2012–,assets/vehicles/audi/car-00341/,assets/vehicles/_quick/car-00341-1.webp,assets/vehicles/_quick/car-00341-2.webp,,,,content/articles/audi/car-00341.md,no
c88e1208fec456473583e0bfb7865b0d7603fe95,car-00342,excel,car,Audi,,,A3,8P,Sportback 2.0 T Quattro,Audi A3 Sportback 2.0 T Quattro,2004-2012–,assets/vehicles/audi/car-00342/,assets/vehicles/_quick/car-00342-1.webp,assets/vehicles/_quick/car-00342-2.webp,,,,content/articles/audi/car-00342.md,no
9495cb082a199e956d3c301b3650f3b66f2a5f2a,car-00343,excel,car,Audi,,,A3,8P,Sportback 2.0 Tdi,Audi A3 Sportback 2.0 Tdi,2006-2012–,assets/vehicles/audi/car-00343/,assets/vehicles/_quick/car-00343-1.webp,assets/vehicles/_quick/car-00343-2.webp,,,,content/articles/audi/car-00343.md,no
378fa844128e23afc76d2e85e1f1873c3b5c55a8,car-00344,excel,car,Audi,,,A3,8P,Sportback 2.0 Tdi,Audi A3 Sportback 2.0 Tdi,2004-2012–,assets/vehicles/audi/car-00344/,assets/vehicles/_quick/car-00344-1.webp,assets/vehicles/_quick/car-00344-2.webp,,,,content/articles/audi/car-00344.md,no
c393b1f8db29837078df8bd49e0b6c7eda69c79b,car-00345,excel,car,Audi,,,A3,8P,Sportback 3.2 V6 Quattro,Audi A3 Sportback 3.2 V6 Quattro,2004-2009–,assets/vehicles/audi/car-00345/,assets/vehicles/_quick/car-00345-1.webp,assets/vehicles/_quick/car-00345-2.webp,,,,content/articles/audi/car-00345.md,no
bec7a8ef2fbf1dbc22252cad70432305c4b19637,car-00346,excel,car,Audi,,,A3,8P1,3.2 V6 Quattro,Audi A3 3.2 V6 Quattro,2004–2005,assets/vehicles/audi/car-00346/,assets/vehicles/_quick/car-00346-1.webp,assets/vehicles/_quick/car-00346-2.webp,,,,content/articles/audi/car-00346.md,no
472d89affd22e9982f921ab499faba78839e21f5,car-00347,excel,car,Audi,,,A3,8P1,3.2 V6 Quattro DSG,Audi A3 3.2 V6 Quattro DSG,2004–2005,assets/vehicles/audi/car-00347/,assets/vehicles/_quick/car-00347-1.webp,assets/vehicles/_quick/car-00347-2.webp,,,,content/articles/audi/car-00347.md,no
b113924b4d7d836c0b3db05c4feb91fa7d617f96,car-00348,excel,car,Audi,,,A3,8P2,1.8 TFSI,Audi A3 1.8 TFSI,2007–2008,assets/vehicles/audi/car-00348/,assets/vehicles/_quick/car-00348-1.webp,assets/vehicles/_quick/car-00348-2.webp,,,,content/articles/audi/car-00348.md,no
961e43b4631417c09f3edf0682ac46727e41ab3e,car-00349,excel,car,Audi,,,A3,8P2,1.8 TFSI S-Tronic,Audi A3 1.8 TFSI S-Tronic,2007–2008,assets/vehicles/audi/car-00349/,assets/vehicles/_quick/car-00349-1.webp,assets/vehicles/_quick/car-00349-2.webp,,,,content/articles/audi/car-00349.md,no
fe4a1fb6a9e6e6a90141be789c84b0d90a70cdc6,car-00350,excel,car,Audi,,,A3,8P3,1.6 TDI,Audi A3 1.6 TDI,2009-2012–,assets/vehicles/audi/car-00350/,assets/vehicles/_quick/car-00350-1.webp,assets/vehicles/_quick/car-00350-2.webp,,,,content/articles/audi/car-00350.md,no
71b342f10b748be21a595f8d4bc5a4997aaa8f10,car-00351,excel,car,Audi,,,A3,8V,1.4 TFSi,Audi A3 1.4 TFSi,2012-2014–,assets/vehicles/audi/car-00351/,assets/vehicles/_quick/car-00351-1.webp,assets/vehicles/_quick/car-00351-2.webp,,,,content/articles/audi/car-00351.md,no
5cfc9d1cae99106506a7ecc7dcf021f828ec39fa,car-00352,excel,car,Audi,,,A3,8V,1.6 TDI,Audi A3 1.6 TDI,2013-2017–,assets/vehicles/audi/car-00352/,assets/vehicles/_quick/car-00352-1.webp,assets/vehicles/_quick/car-00352-2.webp,,,,content/articles/audi/car-00352.md,no
352faa4c2a66a03a41f0fb253bf620ebf06b05c9,car-00353,excel,car,Audi,,,A3,8V,1.8 TFSi,Audi A3 1.8 TFSi,2012-2016–,assets/vehicles/audi/car-00353/,assets/vehicles/_quick/car-00353-1.webp,assets/vehicles/_quick/car-00353-2.webp,,,,content/articles/audi/car-00353.md,no
4947fbc4dad637c7aa83a684b3364a1fe61ee721,car-00354,excel,car,Audi,,,A3,8V,1.8 TFSi Quattro S-Tronic,Audi A3 1.8 TFSi Quattro S-Tronic,2012-2016–,assets/vehicles/audi/car-00354/,assets/vehicles/_quick/car-00354-1.webp,assets/vehicles/_quick/car-00354-2.webp,,,,content/articles/audi/car-00354.md,no
39b29e06d4fb56b26b0ed15de51552f145e690b9,car-00355,excel,car,Audi,,,A3,8V,1.8 TFSi S-Tronic,Audi A3 1.8 TFSi S-Tronic,2012-2016–,assets/vehicles/audi/car-00355/,assets/vehicles/_quick/car-00355-1.webp,assets/vehicles/_quick/car-00355-2.webp,,,,content/articles/audi/car-00355.md,no
8feef31c1eb6ffe2252a979620f282c2c48c5db9,car-00356,excel,car,Audi,,,A3,8V,2.0 TDI,Audi A3 2.0 TDI,2012-2014–,assets/vehicles/audi/car-00356/,assets/vehicles/_quick/car-00356-1.webp,assets/vehicles/_quick/car-00356-2.webp,,,,content/articles/audi/car-00356.md,no
7b41ab4807aa54c5918878129216784375159782,car-00357,excel,car,Audi,,,A3,8V,2.0 TDI S-Tronic,Audi A3 2.0 TDI S-Tronic,2012-2014–,assets/vehicles/audi/car-00357/,assets/vehicles/_quick/car-00357-1.webp,assets/vehicles/_quick/car-00357-2.webp,,,,content/articles/audi/car-00357.md,no
ffc9e760487ff819af58be4ba98aabcc98be5368,car-00358,excel,car,Audi,,,A3,8V,Berline 1.4 TFSi,Audi A3 Berline 1.4 TFSi,2013-2016–,assets/vehicles/audi/car-00358/,assets/vehicles/_quick/car-00358-1.webp,assets/vehicles/_quick/car-00358-2.webp,,,,content/articles/audi/car-00358.md,no
ffc9e760487ff819af58be4ba98aabcc98be5368,car-00359,excel,car,Audi,,,A3,8V,Berline 1.4 TFSi,Audi A3 Berline 1.4 TFSi,2013-2016–,assets/vehicles/audi/car-00359/,assets/vehicles/_quick/car-00359-1.webp,assets/vehicles/_quick/car-00359-2.webp,,,,content/articles/audi/car-00359.md,no
f116c1b263a1a77ef877548434d74d50c4a5dc8b,car-00360,excel,car,Audi,,,A3,8V,Berline 1.4 TFSi S-Tronic,Audi A3 Berline 1.4 TFSi S-Tronic,2013-2016–,assets/vehicles/audi/car-00360/,assets/vehicles/_quick/car-00360-1.webp,assets/vehicles/_quick/car-00360-2.webp,,,,content/articles/audi/car-00360.md,no
2c57d6b1beec24440dcf289c2be6df63b076f213,car-00361,excel,car,Audi,,,A3,8V,Berline 1.8 TFSi S-Tronic,Audi A3 Berline 1.8 TFSi S-Tronic,2012-2016–,assets/vehicles/audi/car-00361/,assets/vehicles/_quick/car-00361-1.webp,assets/vehicles/_quick/car-00361-2.webp,,,,content/articles/audi/car-00361.md,no
f99b7b5d27c4e0e53c693a32249be53ad28a82de,car-00362,excel,car,Audi,,,A3,8V,Berline 2.0 TDI,Audi A3 Berline 2.0 TDI,2013-2014–,assets/vehicles/audi/car-00362/,assets/vehicles/_quick/car-00362-1.webp,assets/vehicles/_quick/car-00362-2.webp,,,,content/articles/audi/car-00362.md,no
02816e2adb4273a04dbd0c6702a4fc40f160461d,car-00363,excel,car,Audi,,,A3,8V,Berline 35 TDi STronic,Audi A3 Berline 35 TDi STronic,2017-2020–,assets/vehicles/audi/car-00363/,assets/vehicles/_quick/car-00363-1.webp,assets/vehicles/_quick/car-00363-2.webp,,,,content/articles/audi/car-00363.md,no
3ba38c83a553ab708a859b719b64ece8e59a9cc9,car-00364,excel,car,Audi,,,A3,8V,Berline 40 TFSi Quattro,Audi A3 Berline 40 TFSi Quattro,2019-2020–,assets/vehicles/audi/car-00364/,assets/vehicles/_quick/car-00364-1.webp,assets/vehicles/_quick/car-00364-2.webp,,,,content/articles/audi/car-00364.md,no
c9c57b22378e49da1cb9d696e57b60b892fb6672,car-00365,excel,car,Audi,,,A3,8V,Cab 1.4 TFSi,Audi A3 Cab 1.4 TFSi,2014-2016–,assets/vehicles/audi/car-00365/,assets/vehicles/_quick/car-00365-1.webp,assets/vehicles/_quick/car-00365-2.webp,,,,content/articles/audi/car-00365.md,no
cf7f68445b617717e1295d1a0e133cf933caa363,car-00366,excel,car,Audi,,,A3,8V,Cab 1.8 TFSi,Audi A3 Cab 1.8 TFSi,2014-2016–,assets/vehicles/audi/car-00366/,assets/vehicles/_quick/car-00366-1.webp,assets/vehicles/_quick/car-00366-2.webp,,,,content/articles/audi/car-00366.md,no
d6e8f7b9b382e5c39eeadc5df1a7c42a477bd6f6,car-00367,excel,car,Audi,,,A3,8V,Cab 1.8 TFSi S-Tronic,Audi A3 Cab 1.8 TFSi S-Tronic,2014-2016–,assets/vehicles/audi/car-00367/,assets/vehicles/_quick/car-00367-1.webp,assets/vehicles/_quick/car-00367-2.webp,,,,content/articles/audi/car-00367.md,no
dd5eec11c3e60e4952def2a3c77106f6f77f9f78,car-00368,excel,car,Audi,,,A3,8V,Cab 2.0 TDi,Audi A3 Cab 2.0 TDi,2014-2018–,assets/vehicles/audi/car-00368/,assets/vehicles/_quick/car-00368-1.webp,assets/vehicles/_quick/car-00368-2.webp,,,,content/articles/audi/car-00368.md,no
dd5eec11c3e60e4952def2a3c77106f6f77f9f78,car-00369,excel,car,Audi,,,A3,8V,Cab 2.0 TDi,Audi A3 Cab 2.0 TDi,2014-2018–,assets/vehicles/audi/car-00369/,assets/vehicles/_quick/car-00369-1.webp,assets/vehicles/_quick/car-00369-2.webp,,,,content/articles/audi/car-00369.md,no
ab32f63de2fbf162af86f83614ec8b03cae4f296,car-00370,excel,car,Audi,,,A3,8V,Cab 2.0 TDi S-Tronic,Audi A3 Cab 2.0 TDi S-Tronic,2014-2018–,assets/vehicles/audi/car-00370/,assets/vehicles/_quick/car-00370-1.webp,assets/vehicles/_quick/car-00370-2.webp,,,,content/articles/audi/car-00370.md,no
feb4578194cdd0b44cc92c53faa3d5d4a5339cad,car-00371,excel,car,Audi,,,A3,8V,RS Sportback,Audi A3 RS Sportback,2017-2020–,assets/vehicles/audi/car-00371/,assets/vehicles/_quick/car-00371-1.webp,assets/vehicles/_quick/car-00371-2.webp,,,,content/articles/audi/car-00371.md,no
d9ad4481ef6fc7e019da07f6efdc3640316d646c,car-00372,excel,car,Audi,,,A3,8V,RS Sportback,Audi A3 RS Sportback,2015-2017–,assets/vehicles/audi/car-00372/,assets/vehicles/_quick/car-00372-1.webp,assets/vehicles/_quick/car-00372-2.webp,,,,content/articles/audi/car-00372.md,no
cea14c0f9b2401e5b322eeb360c58a7230b56d2a,car-00373,excel,car,Audi,,,A3,8V,Sportback 1.0 TFSi S-Tronic,Audi A3 Sportback 1.0 TFSi S-Tronic,2016-2018–,assets/vehicles/audi/car-00373/,assets/vehicles/_quick/car-00373-1.webp,assets/vehicles/_quick/car-00373-2.webp,,,,content/articles/audi/car-00373.md,no
197c04ca6fa166678ee6e53a51fef2b82e0893f9,car-00374,excel,car,Audi,,,A3,8V,Sportback 1.2 TFSi,Audi A3 Sportback 1.2 TFSi,2013-2016–,assets/vehicles/audi/car-00374/,assets/vehicles/_quick/car-00374-1.webp,assets/vehicles/_quick/car-00374-2.webp,,,,content/articles/audi/car-00374.md,no
987cc0854baab29454dba50adf8083298d0311d0,car-00375,excel,car,Audi,,,A3,8V,Sportback 1.4 TFSi,Audi A3 Sportback 1.4 TFSi,2013-2016–,assets/vehicles/audi/car-00375/,assets/vehicles/_quick/car-00375-1.webp,assets/vehicles/_quick/car-00375-2.webp,,,,content/articles/audi/car-00375.md,no
9ac976c1cc8c5b05f7333cb1c03479d9984f4045,car-00376,excel,car,Audi,,,A3,8V,Sportback 1.4 TFSi CoD,Audi A3 Sportback 1.4 TFSi CoD,2014-2017–,assets/vehicles/audi/car-00376/,assets/vehicles/_quick/car-00376-1.webp,assets/vehicles/_quick/car-00376-2.webp,,,,content/articles/audi/car-00376.md,no
c1532a9790934f3db424057b35f5e12e720b07d9,car-00377,excel,car,Audi,,,A3,8V,Sportback 1.4 TFSi CoD,Audi A3 Sportback 1.4 TFSi CoD,2013-2014–,assets/vehicles/audi/car-00377/,assets/vehicles/_quick/car-00377-1.webp,assets/vehicles/_quick/car-00377-2.webp,,,,content/articles/audi/car-00377.md,no
b7e4eff38824788dbe1e893def963d0007df92f9,car-00378,excel,car,Audi,,,A3,8V,Sportback 1.4 TFSi CoD S-Tronic,Audi A3 Sportback 1.4 TFSi CoD S-Tronic,2014-2017–,assets/vehicles/audi/car-00378/,assets/vehicles/_quick/car-00378-1.webp,assets/vehicles/_quick/car-00378-2.webp,,,,content/articles/audi/car-00378.md,no
b7e4eff38824788dbe1e893def963d0007df92f9,car-00379,excel,car,Audi,,,A3,8V,Sportback 1.4 TFSI CoD S-Tronic,Audi A3 Sportback 1.4 TFSI CoD S-Tronic,2014-2017–,assets/vehicles/audi/car-00379/,assets/vehicles/_quick/car-00379-1.webp,assets/vehicles/_quick/car-00379-2.webp,,,,content/articles/audi/car-00379.md,no
12f08a2c668402c035521c3d15bc0070ef1efe7a,car-00380,excel,car,Audi,,,A3,8V,Sportback 1.5 TFSi S-Tronic,Audi A3 Sportback 1.5 TFSi S-Tronic,2017-2020–,assets/vehicles/audi/car-00380/,assets/vehicles/_quick/car-00380-1.webp,assets/vehicles/_quick/car-00380-2.webp,,,,content/articles/audi/car-00380.md,no
2c4cc5ef4369abbcce82bdd11b3cc858e04b4a7f,car-00381,excel,car,Audi,,,A3,8V,Sportback 1.6 TDI,Audi A3 Sportback 1.6 TDI,2014-2017–,assets/vehicles/audi/car-00381/,assets/vehicles/_quick/car-00381-1.webp,assets/vehicles/_quick/car-00381-2.webp,,,,content/articles/audi/car-00381.md,no
6f291ef83d160b372f48033990288e8804af4973,car-00382,excel,car,Audi,,,A3,8V,Sportback 1.6 TDI,Audi A3 Sportback 1.6 TDI,2013-2014–,assets/vehicles/audi/car-00382/,assets/vehicles/_quick/car-00382-1.webp,assets/vehicles/_quick/car-00382-2.webp,,,,content/articles/audi/car-00382.md,no
2ccb118f5400032d6509e9833aaa2be8316ee5c2,car-00383,excel,car,Audi,,,A3,8V,Sportback 1.6 TDI S-Tronic,Audi A3 Sportback 1.6 TDI S-Tronic,2017-2020–,assets/vehicles/audi/car-00383/,assets/vehicles/_quick/car-00383-1.webp,assets/vehicles/_quick/car-00383-2.webp,,,,content/articles/audi/car-00383.md,no
6d6802e354cf6f6e82a0c17bd11f10d459de60ef,car-00384,excel,car,Audi,,,A3,8V,Sportback 1.6 TDI S-Tronic,Audi A3 Sportback 1.6 TDI S-Tronic,2013-2014–,assets/vehicles/audi/car-00384/,assets/vehicles/_quick/car-00384-1.webp,assets/vehicles/_quick/car-00384-2.webp,,,,content/articles/audi/car-00384.md,no
4eeb9c520ecff0357c29d1fb81ea8d1febe418c2,car-00385,excel,car,Audi,,,A3,8V,Sportback 1.8 TFSi,Audi A3 Sportback 1.8 TFSi,2012-2016–,assets/vehicles/audi/car-00385/,assets/vehicles/_quick/car-00385-1.webp,assets/vehicles/_quick/car-00385-2.webp,,,,content/articles/audi/car-00385.md,no
2e8a0bfb460e80718f92fae8d99f68f39b1b97b1,car-00386,excel,car,Audi,,,A3,8V,Sportback 2.0 TDI,Audi A3 Sportback 2.0 TDI,2016–2017,assets/vehicles/audi/car-00386/,assets/vehicles/_quick/car-00386-1.webp,assets/vehicles/_quick/car-00386-2.webp,,,,content/articles/audi/car-00386.md,no
e6d8fcb3bec3eedf97b572a73a91572c25d1970b,car-00387,excel,car,Audi,,,A3,8V,Sportback 2.0 TDI,Audi A3 Sportback 2.0 TDI,2013-2018–,assets/vehicles/audi/car-00387/,assets/vehicles/_quick/car-00387-1.webp,assets/vehicles/_quick/car-00387-2.webp,,,,content/articles/audi/car-00387.md,no
50de8b46fab26cbd6f5d3a405181e1c93919943c,car-00388,excel,car,Audi,,,A3,8V,Sportback 2.0 TDI,Audi A3 Sportback 2.0 TDI,2012-2014–,assets/vehicles/audi/car-00388/,assets/vehicles/_quick/car-00388-1.webp,assets/vehicles/_quick/car-00388-2.webp,,,,content/articles/audi/car-00388.md,no
629a162029daa7c3711c5ac641935c4e7f660a02,car-00389,excel,car,Audi,,,A3,8V,Sportback 2.0 TDI Quattro,Audi A3 Sportback 2.0 TDI Quattro,2013-2018–,assets/vehicles/audi/car-00389/,assets/vehicles/_quick/car-00389-1.webp,assets/vehicles/_quick/car-00389-2.webp,,,,content/articles/audi/car-00389.md,no
148f21411fae465e3f0df20ef58a9954cae3b7b5,car-00390,excel,car,Audi,,,A3,8V,Sportback 2.0 TDI S-Tronic,Audi A3 Sportback 2.0 TDI S-Tronic,2012-2017–,assets/vehicles/audi/car-00390/,assets/vehicles/_quick/car-00390-1.webp,assets/vehicles/_quick/car-00390-2.webp,,,,content/articles/audi/car-00390.md,no
95fc5e38e9565b5bfd91891ba13e080246a22191,car-00391,excel,car,Audi,,,A3,8V,Sportback 2.0 TFSi Quattro,Audi A3 Sportback 2.0 TFSi Quattro,2016-2018–,assets/vehicles/audi/car-00391/,assets/vehicles/_quick/car-00391-1.webp,assets/vehicles/_quick/car-00391-2.webp,,,,content/articles/audi/car-00391.md,no
c64d3d744f294244156bf07a8cbce7d22a520cfb,car-00392,excel,car,Audi,,,A3,8V,Sportback 30 g-tron S-Tronic,Audi A3 Sportback 30 g-tron S-Tronic,2019-2020–,assets/vehicles/audi/car-00392/,assets/vehicles/_quick/car-00392-1.webp,assets/vehicles/_quick/car-00392-2.webp,,,,content/articles/audi/car-00392.md,no
d8cf554cdd75441944551f8c1d213d761c5f5b65,car-00393,excel,car,Audi,,,A3,8V,Sportback 35 TDi S-Tronic,Audi A3 Sportback 35 TDi S-Tronic,2017-2020–,assets/vehicles/audi/car-00393/,assets/vehicles/_quick/car-00393-1.webp,assets/vehicles/_quick/car-00393-2.webp,,,,content/articles/audi/car-00393.md,no
21f7e3ecfd0414e6e1272fd3886b8b700e601dbf,car-00394,excel,car,Audi,,,A3,8V,Sportback e-tron,Audi A3 Sportback e-tron,2014-2018–,assets/vehicles/audi/car-00394/,assets/vehicles/_quick/car-00394-1.webp,assets/vehicles/_quick/car-00394-2.webp,,,,content/articles/audi/car-00394.md,no
cae231eb34c0ddf65e3449f57954a32e80eb2c4b,car-00395,excel,car,Audi,,,A3,8Y,RS Sportback,Audi A3 RS Sportback,2021–,assets/vehicles/audi/car-00395/,assets/vehicles/_quick/car-00395-1.webp,assets/vehicles/_quick/car-00395-2.webp,,,,content/articles/audi/car-00395.md,no
913e28d90f462c799580467b55086a64f33c6f59,car-00396,excel,car,Audi,,,A4,B5,1.6,Audi A4 1.6,1994-2000–,assets/vehicles/audi/car-00396/,assets/vehicles/_quick/car-00396-1.webp,assets/vehicles/_quick/car-00396-2.webp,,,,content/articles/audi/car-00396.md,no
5217a3879e51960ecf331d3d98ee75f93dfa9244,car-00397,excel,car,Audi,,,A4,B5,1.8,Audi A4 1.8,1995-2001–,assets/vehicles/audi/car-00397/,assets/vehicles/_quick/car-00397-1.webp,assets/vehicles/_quick/car-00397-2.webp,,,,content/articles/audi/car-00397.md,no
38462f657828c9cf2dc77a75952b39f4884443d1,car-00398,excel,car,Audi,,,A4,B5,1.8 T,Audi A4 1.8 T,1991-2001–,assets/vehicles/audi/car-00398/,assets/vehicles/_quick/car-00398-1.webp,assets/vehicles/_quick/car-00398-2.webp,,,,content/articles/audi/car-00398.md,no
9f73fe541979e8b8356e0ccd19ec37f66681630f,car-00399,excel,car,Audi,,,A4,B5,1.8 T,Audi A4 1.8 T,1994-2001–,assets/vehicles/audi/car-00399/,assets/vehicles/_quick/car-00399-1.webp,assets/vehicles/_quick/car-00399-2.webp,,,,content/articles/audi/car-00399.md,no
1b12b875f39029e1a454ced7ab41a099f871cfc3,car-00400,excel,car,Audi,,,A4,B5,1.8 T Avant Quattro,Audi A4 1.8 T Avant Quattro,1996-2001–,assets/vehicles/audi/car-00400/,assets/vehicles/_quick/car-00400-1.webp,assets/vehicles/_quick/car-00400-2.webp,,,,content/articles/audi/car-00400.md,no
33dca7473625498305dab00c7faef8cb1719d690,car-00401,excel,car,Audi,,,A4,B5,1.8 T Quattro,Audi A4 1.8 T Quattro,1996-2001–,assets/vehicles/audi/car-00401/,assets/vehicles/_quick/car-00401-1.webp,assets/vehicles/_quick/car-00401-2.webp,,,,content/articles/audi/car-00401.md,no
ea7eac9a897a2e71cda7fe9c7a57f7492ed2810f,car-00402,excel,car,Audi,,,A4,B5,1.9 Tdi,Audi A4 1.9 Tdi,1999-2001–,assets/vehicles/audi/car-00402/,assets/vehicles/_quick/car-00402-1.webp,assets/vehicles/_quick/car-00402-2.webp,,,,content/articles/audi/car-00402.md,no
1b282a779b27462dcb1299e338ea5ba57fc315e3,car-00403,excel,car,Audi,,,A4,B5,1.9 Tdi,Audi A4 1.9 Tdi,1995-2000–,assets/vehicles/audi/car-00403/,assets/vehicles/_quick/car-00403-1.webp,assets/vehicles/_quick/car-00403-2.webp,,,,content/articles/audi/car-00403.md,no
8763b0a13b8b93210a88197816e06d67a040edb2,car-00404,excel,car,Audi,,,A4,B5,1.9 Tdi Auto,Audi A4 1.9 Tdi Auto,1995-1999–,assets/vehicles/audi/car-00404/,assets/vehicles/_quick/car-00404-1.webp,assets/vehicles/_quick/car-00404-2.webp,,,,content/articles/audi/car-00404.md,no
177a5051d34e6311b95b260306aa5138526874e7,car-00405,excel,car,Audi,,,A4,B5,1.9 Tdi Avant,Audi A4 1.9 Tdi Avant,1995-2000–,assets/vehicles/audi/car-00405/,assets/vehicles/_quick/car-00405-1.webp,assets/vehicles/_quick/car-00405-2.webp,,,,content/articles/audi/car-00405.md,no
094a1da0a646c4e0d41126b3760c9476c5099ee9,car-00406,excel,car,Audi,,,A4,B5,2.4,Audi A4 2.4,1998-2001–,assets/vehicles/audi/car-00406/,assets/vehicles/_quick/car-00406-1.webp,assets/vehicles/_quick/car-00406-2.webp,,,,content/articles/audi/car-00406.md,no
74612fa944532fabc45a8ecd88eae561bfe81bf7,car-00407,excel,car,Audi,,,A4,B5,2.5 Tdi,Audi A4 2.5 Tdi,1997-2000–,assets/vehicles/audi/car-00407/,assets/vehicles/_quick/car-00407-1.webp,assets/vehicles/_quick/car-00407-2.webp,,,,content/articles/audi/car-00407.md,no
4979e03f96417f3e151cbda9b9743ee6ea8084bb,car-00408,excel,car,Audi,,,A4,B5,2.5 Tdi Quattro,Audi A4 2.5 Tdi Quattro,1998-2000–,assets/vehicles/audi/car-00408/,assets/vehicles/_quick/car-00408-1.webp,assets/vehicles/_quick/car-00408-2.webp,,,,content/articles/audi/car-00408.md,no
972159d502e60f4e92d5e872ff5937df740d8b52,car-00409,excel,car,Audi,,,A4,B5,2.6,Audi A4 2.6,1994-1997–,assets/vehicles/audi/car-00409/,assets/vehicles/_quick/car-00409-1.webp,assets/vehicles/_quick/car-00409-2.webp,,,,content/articles/audi/car-00409.md,no
dc968963acdccb2a7e69d2f3c7b0b3a95661ab79,car-00410,excel,car,Audi,,,A4,B5,2.8,Audi A4 2.8,1996-2001–,assets/vehicles/audi/car-00410/,assets/vehicles/_quick/car-00410-1.webp,assets/vehicles/_quick/car-00410-2.webp,,,,content/articles/audi/car-00410.md,no
3d531f4711a243dd9312a42d53fae7a43fae6721,car-00411,excel,car,Audi,,,A4,B5,2.8,Audi A4 2.8,1994-1997–,assets/vehicles/audi/car-00411/,assets/vehicles/_quick/car-00411-1.webp,assets/vehicles/_quick/car-00411-2.webp,,,,content/articles/audi/car-00411.md,no
c50a170c1597b8076a86eed1c737f859017e055f,car-00412,excel,car,Audi,,,A4,B5,2.8 Avant,Audi A4 2.8 Avant,1996-2001–,assets/vehicles/audi/car-00412/,assets/vehicles/_quick/car-00412-1.webp,assets/vehicles/_quick/car-00412-2.webp,,,,content/articles/audi/car-00412.md,no
de620619ab52ee1e73c4294d3f1978d2d6cec65d,car-00413,excel,car,Audi,,,A4,B5,2.8 Quattro,Audi A4 2.8 Quattro,1996-2001–,assets/vehicles/audi/car-00413/,assets/vehicles/_quick/car-00413-1.webp,assets/vehicles/_quick/car-00413-2.webp,,,,content/articles/audi/car-00413.md,no
dc16a9114f2fc523fc1063616880cd3de7e80d96,car-00414,excel,car,Audi,,,A4,B5,2.8 Quattro,Audi A4 2.8 Quattro,1994-1997–,assets/vehicles/audi/car-00414/,assets/vehicles/_quick/car-00414-1.webp,assets/vehicles/_quick/car-00414-2.webp,,,,content/articles/audi/car-00414.md,no
69a411dd44fb80add138bc9b94ebcfc59656a047,car-00415,excel,car,Audi,,,A4,B5,2.8 Tiptronic,Audi A4 2.8 Tiptronic,1994-1996–,assets/vehicles/audi/car-00415/,assets/vehicles/_quick/car-00415-1.webp,assets/vehicles/_quick/car-00415-2.webp,,,,content/articles/audi/car-00415.md,no
c73584df33a64e59411be3326145d8f8207131f2,car-00416,excel,car,Audi,,,A4,B5,4.2 Avant Oettinger,Audi A4 4.2 Avant Oettinger,2000-2001–,assets/vehicles/audi/car-00416/,assets/vehicles/_quick/car-00416-1.webp,assets/vehicles/_quick/car-00416-2.webp,,,,content/articles/audi/car-00416.md,no
c2200e5c5eea404a8a26afe0185c12c9f0668774,car-00417,excel,car,Audi,,,A4,B5,RS,Audi A4 RS,2000-2002–,assets/vehicles/audi/car-00417/,assets/vehicles/_quick/car-00417-1.webp,assets/vehicles/_quick/car-00417-2.webp,,,,content/articles/audi/car-00417.md,no
40d3fcda129920981d321644083c7d1dc17ecc97,car-00418,excel,car,Audi,,,A4,B5,RS ABT,Audi A4 RS ABT,2000-2002–,assets/vehicles/audi/car-00418/,assets/vehicles/_quick/car-00418-1.webp,assets/vehicles/_quick/car-00418-2.webp,,,,content/articles/audi/car-00418.md,no
70efa721d8aab6e14720e6a42a27a130ef4e5e88,car-00419,excel,car,Audi,,,A4,B5,S,Audi A4 S,1997-2002–,assets/vehicles/audi/car-00419/,assets/vehicles/_quick/car-00419-1.webp,assets/vehicles/_quick/car-00419-2.webp,,,,content/articles/audi/car-00419.md,no
641ab1e5ef7dee38c61c3a9e01e402971c314bc9,car-00420,excel,car,Audi,,,A4,B5,S Avant,Audi A4 S Avant,1997-2002–,assets/vehicles/audi/car-00420/,assets/vehicles/_quick/car-00420-1.webp,assets/vehicles/_quick/car-00420-2.webp,,,,content/articles/audi/car-00420.md,no
dde946c40caafa46666598b48da5af03bc470c49,car-00421,excel,car,Audi,,,A4,B5,S Avant B&B,Audi A4 S Avant B&B,1999-2002–,assets/vehicles/audi/car-00421/,assets/vehicles/_quick/car-00421-1.webp,assets/vehicles/_quick/car-00421-2.webp,,,,content/articles/audi/car-00421.md,no
ce77ea64c53110b47edc77835bd384c62413f5a4,car-00422,excel,car,Audi,,,A4,B6,1.6,Audi A4 1.6,2001-2005–,assets/vehicles/audi/car-00422/,assets/vehicles/_quick/car-00422-1.webp,assets/vehicles/_quick/car-00422-2.webp,,,,content/articles/audi/car-00422.md,no
5f7f8f52cfdf150835ff1351da893d850dcb8a85,car-00423,excel,car,Audi,,,A4,B6,1.8 T,Audi A4 1.8 T,2002-2004–,assets/vehicles/audi/car-00423/,assets/vehicles/_quick/car-00423-1.webp,assets/vehicles/_quick/car-00423-2.webp,,,,content/articles/audi/car-00423.md,no
416a961db23f3ad507dc2e43cebda22ec9695987,car-00424,excel,car,Audi,,,A4,B6,1.9 Tdi,Audi A4 1.9 Tdi,2001-2004–,assets/vehicles/audi/car-00424/,assets/vehicles/_quick/car-00424-1.webp,assets/vehicles/_quick/car-00424-2.webp,,,,content/articles/audi/car-00424.md,no
d9d577c428cb3b81674ac2462972bf24860cb039,car-00425,excel,car,Audi,,,A4,B6,1.9 Tdi Avant bv5,Audi A4 1.9 Tdi Avant bv5,2001-2004–,assets/vehicles/audi/car-00425/,assets/vehicles/_quick/car-00425-1.webp,assets/vehicles/_quick/car-00425-2.webp,,,,content/articles/audi/car-00425.md,no
6c5cf84341cce10a6d00ec793e8b496fff69ef6a,car-00426,excel,car,Audi,,,A4,B6,1.9 Tdi Avant bv6,Audi A4 1.9 Tdi Avant bv6,2001-2004–,assets/vehicles/audi/car-00426/,assets/vehicles/_quick/car-00426-1.webp,assets/vehicles/_quick/car-00426-2.webp,,,,content/articles/audi/car-00426.md,no
2174585dd602c748791e5cc31080c8d088088be2,car-00427,excel,car,Audi,,,A4,B6,2.0,Audi A4 2.0,2001-2004–,assets/vehicles/audi/car-00427/,assets/vehicles/_quick/car-00427-1.webp,assets/vehicles/_quick/car-00427-2.webp,,,,content/articles/audi/car-00427.md,no
990d66b7e8748582c205391a7cd580b147e0b170,car-00428,excel,car,Audi,,,A4,B6,2.0 Avant,Audi A4 2.0 Avant,2002-2004–,assets/vehicles/audi/car-00428/,assets/vehicles/_quick/car-00428-1.webp,assets/vehicles/_quick/car-00428-2.webp,,,,content/articles/audi/car-00428.md,no
ccf2ad0d5416f8010b9ead4de812cc8e4e4a72f1,car-00429,excel,car,Audi,,,A4,B6,2.0 FSI,Audi A4 2.0 FSI,2002-2004–,assets/vehicles/audi/car-00429/,assets/vehicles/_quick/car-00429-1.webp,assets/vehicles/_quick/car-00429-2.webp,,,,content/articles/audi/car-00429.md,no
4387384ee80c380ce687c3066c7e45d715c642c8,car-00430,excel,car,Audi,,,A4,B6,2.0 Multitronic,Audi A4 2.0 Multitronic,2001-2004–,assets/vehicles/audi/car-00430/,assets/vehicles/_quick/car-00430-1.webp,assets/vehicles/_quick/car-00430-2.webp,,,,content/articles/audi/car-00430.md,no
dbbb2908095826759cb98cf51634d0180e1d4cea,car-00431,excel,car,Audi,,,A4,B6,2.4,Audi A4 2.4,2001-2004–,assets/vehicles/audi/car-00431/,assets/vehicles/_quick/car-00431-1.webp,assets/vehicles/_quick/car-00431-2.webp,,,,content/articles/audi/car-00431.md,no
e2aec26e36eb283d5456fb8a3f255ff7b5501b89,car-00432,excel,car,Audi,,,A4,B6,2.5 Tdi,Audi A4 2.5 Tdi,2001-2004–,assets/vehicles/audi/car-00432/,assets/vehicles/_quick/car-00432-1.webp,assets/vehicles/_quick/car-00432-2.webp,,,,content/articles/audi/car-00432.md,no
ccf82f256288b4bcaed42c2ebef6365e4aacae56,car-00433,excel,car,Audi,,,A4,B6,2.5 Tdi,Audi A4 2.5 Tdi,2002-2004–,assets/vehicles/audi/car-00433/,assets/vehicles/_quick/car-00433-1.webp,assets/vehicles/_quick/car-00433-2.webp,,,,content/articles/audi/car-00433.md,no
2ec877f5ae35c2f05f763c42b668d8f53803b2d8,car-00434,excel,car,Audi,,,A4,B6,2.5 Tdi Avant Quattro,Audi A4 2.5 Tdi Avant Quattro,2001-2004–,assets/vehicles/audi/car-00434/,assets/vehicles/_quick/car-00434-1.webp,assets/vehicles/_quick/car-00434-2.webp,,,,content/articles/audi/car-00434.md,no
018d612a9f0acf2424ced9882fdb16f66cde4191,car-00435,excel,car,Audi,,,A4,B6,2.5 Tdi Quattro,Audi A4 2.5 Tdi Quattro,2000-2003–,assets/vehicles/audi/car-00435/,assets/vehicles/_quick/car-00435-1.webp,assets/vehicles/_quick/car-00435-2.webp,,,,content/articles/audi/car-00435.md,no
84539730ba576f8c6635521754fb6af48f9c72fb,car-00436,excel,car,Audi,,,A4,B6,3.0 Avant Quattro Triptronic,Audi A4 3.0 Avant Quattro Triptronic,2001-2004–,assets/vehicles/audi/car-00436/,assets/vehicles/_quick/car-00436-1.webp,assets/vehicles/_quick/car-00436-2.webp,,,,content/articles/audi/car-00436.md,no
b9e83ec4d0c9eb3e058eb08948dc13a165d760f8,car-00437,excel,car,Audi,,,A4,B6,3.0 Multitronic,Audi A4 3.0 Multitronic,2001-2004–,assets/vehicles/audi/car-00437/,assets/vehicles/_quick/car-00437-1.webp,assets/vehicles/_quick/car-00437-2.webp,,,,content/articles/audi/car-00437.md,no
290235a4be9151e5f0666d1154b2b1e37e830c14,car-00438,excel,car,Audi,,,A4,B6,3.0 Quattro,Audi A4 3.0 Quattro,2001-2004–,assets/vehicles/audi/car-00438/,assets/vehicles/_quick/car-00438-1.webp,assets/vehicles/_quick/car-00438-2.webp,,,,content/articles/audi/car-00438.md,no
07dbf082f51bcb1d0e7022c2f3c15b38e52fd523,car-00439,excel,car,Audi,,,A4,B6,3.0 Quattro Triptronic,Audi A4 3.0 Quattro Triptronic,2001-2004–,assets/vehicles/audi/car-00439/,assets/vehicles/_quick/car-00439-1.webp,assets/vehicles/_quick/car-00439-2.webp,,,,content/articles/audi/car-00439.md,no
99e615ca387c83721c37fd41bc3700525887d0c5,car-00440,excel,car,Audi,,,A4,B6,S4 Avant,Audi A4 S4 Avant,2002-2008–,assets/vehicles/audi/car-00440/,assets/vehicles/_quick/car-00440-1.webp,assets/vehicles/_quick/car-00440-2.webp,,,,content/articles/audi/car-00440.md,no
b8ff9337f53cec78f27dbeb90a4ce37fcaebc300,car-00441,excel,car,Audi,,,A4,B7,2.0 TDI 140,Audi A4 2.0 TDI 140,2004–2007,assets/vehicles/audi/car-00441/,assets/vehicles/_quick/car-00441-1.webp,assets/vehicles/_quick/car-00441-2.webp,,,,content/articles/audi/car-00441.md,no
228b957dbcae0d6151448954e95ebb486deb4117,car-00442,excel,car,Audi,,,A4,B7,2.0 TDI 170,Audi A4 2.0 TDI 170,2006–2008,assets/vehicles/audi/car-00442/,assets/vehicles/_quick/car-00442-1.webp,assets/vehicles/_quick/car-00442-2.webp,,,,content/articles/audi/car-00442.md,no
778cd82270d82f38200eeafdcdaa908f3ddba488,car-00443,excel,car,Audi,,,A4,B7,S4,Audi A4 S4,2002-2008–,assets/vehicles/audi/car-00443/,assets/vehicles/_quick/car-00443-1.webp,assets/vehicles/_quick/car-00443-2.webp,,,,content/articles/audi/car-00443.md,no
d69343154edade0fbfd29ef0f046520626518930,car-00444,excel,car,Audi,,,A4,B8,3.2 FSi Quattro,Audi A4 3.2 FSi Quattro,2007-2011–,assets/vehicles/audi/car-00444/,assets/vehicles/_quick/car-00444-1.webp,assets/vehicles/_quick/car-00444-2.webp,,,,content/articles/audi/car-00444.md,no
0655ad582e23e30694d0fb809c946f6ed93a5310,car-00445,excel,car,Audi,,,A4,B8,Allroad 2.0T,Audi A4 Allroad 2.0T,2008-2013–,assets/vehicles/audi/car-00445/,assets/vehicles/_quick/car-00445-1.webp,assets/vehicles/_quick/car-00445-2.webp,,,,content/articles/audi/car-00445.md,no
da392e48668d112094d1b3a6bbfc9b0835a46d2a,car-00446,excel,car,Audi,,,A4,B8,Allroad Quattro 2.0 TDI (177) S-Tronic,Audi A4 Allroad Quattro 2.0 TDI (177) S-Tronic,2012–2015,assets/vehicles/audi/car-00446/,assets/vehicles/_quick/car-00446-1.webp,assets/vehicles/_quick/car-00446-2.webp,,,,content/articles/audi/car-00446.md,no
13021c4511c6e996fd770320ef64c3ae6a88edb5,car-00447,excel,car,Audi,,,A4,B8,Allroad Quattro 2.0 TDI (190) clean diesel S-Tronic,Audi A4 Allroad Quattro 2.0 TDI (190) clean diesel S-Tronic,2014–2016,assets/vehicles/audi/car-00447/,assets/vehicles/_quick/car-00447-1.webp,assets/vehicles/_quick/car-00447-2.webp,,,,content/articles/audi/car-00447.md,no
6e8f1ee4e8943e967db7a8b414db0d592c9133d5,car-00448,excel,car,Audi,,,A4,B8,Allroad Quattro 3.0 TDI S-Tronic,Audi A4 Allroad Quattro 3.0 TDI S-Tronic,2012–2015,assets/vehicles/audi/car-00448/,assets/vehicles/_quick/car-00448-1.webp,assets/vehicles/_quick/car-00448-2.webp,,,,content/articles/audi/car-00448.md,no
209dea0dffe178d8fafa167bd8eb3f36f0403957,car-00449,excel,car,Audi,,,A5,8T,1.8 TFSI,Audi A5 1.8 TFSI,2007-2015–,assets/vehicles/audi/car-00449/,assets/vehicles/_quick/car-00449-1.webp,assets/vehicles/_quick/car-00449-2.webp,,,,content/articles/audi/car-00449.md,no
1ee7f1f813bf0fc495ad48dd07bcf7d18776bebd,car-00450,excel,car,Audi,,,A5,8T,2.0 TDI,Audi A5 2.0 TDI,2008-2011–,assets/vehicles/audi/car-00450/,assets/vehicles/_quick/car-00450-1.webp,assets/vehicles/_quick/car-00450-2.webp,,,,content/articles/audi/car-00450.md,no
4fc147c0c219565fb64ee6ae4c41b2f1f7c15ff7,car-00451,excel,car,Audi,,,A5,8T,2.0 TDI,Audi A5 2.0 TDI,2014-2016–,assets/vehicles/audi/car-00451/,assets/vehicles/_quick/car-00451-1.webp,assets/vehicles/_quick/car-00451-2.webp,,,,content/articles/audi/car-00451.md,no
249b09b6dcef4b72ba20f0735bc87631c4fa7312,car-00452,excel,car,Audi,,,A5,8T,2.0 TDI Quattro,Audi A5 2.0 TDI Quattro,2011-2014–,assets/vehicles/audi/car-00452/,assets/vehicles/_quick/car-00452-1.webp,assets/vehicles/_quick/car-00452-2.webp,,,,content/articles/audi/car-00452.md,no
a49100d3250b1fbe4f853079e04afe7648fc3071,car-00453,excel,car,Audi,,,A5,8T,2.0 TFSI,Audi A5 2.0 TFSI,2008-2013–,assets/vehicles/audi/car-00453/,assets/vehicles/_quick/car-00453-1.webp,assets/vehicles/_quick/car-00453-2.webp,,,,content/articles/audi/car-00453.md,no
884928974da991a989423545f52b65f08c14b15f,car-00454,excel,car,Audi,,,A5,8T,2.0 TFSI,Audi A5 2.0 TFSI,2013-2016–,assets/vehicles/audi/car-00454/,assets/vehicles/_quick/car-00454-1.webp,assets/vehicles/_quick/car-00454-2.webp,,,,content/articles/audi/car-00454.md,no
2314c2e34df7adabb2f5dd85b77a5244c9be8dda,car-00455,excel,car,Audi,,,A5,8T,2.0 TFSI,Audi A5 2.0 TFSI,2008-2011–,assets/vehicles/audi/car-00455/,assets/vehicles/_quick/car-00455-1.webp,assets/vehicles/_quick/car-00455-2.webp,,,,content/articles/audi/car-00455.md,no
3d2d55f9af9b7180ffbbbf97a0b33dd5a11db716,car-00456,excel,car,Audi,,,A5,8T,2.7 TDI Multitronic,Audi A5 2.7 TDI Multitronic,2007-2011–,assets/vehicles/audi/car-00456/,assets/vehicles/_quick/car-00456-1.webp,assets/vehicles/_quick/car-00456-2.webp,,,,content/articles/audi/car-00456.md,no
eabf1bf468e57bf7efdebaacc48f2379b24791dd,car-00457,excel,car,Audi,,,A5,8T,3.0 TDI Quattro,Audi A5 3.0 TDI Quattro,2007-2011–,assets/vehicles/audi/car-00457/,assets/vehicles/_quick/car-00457-1.webp,assets/vehicles/_quick/car-00457-2.webp,,,,content/articles/audi/car-00457.md,no
77a696585f4e0fb05616084bc20bb8d18e147026,car-00458,excel,car,Audi,,,A5,8T,3.0 TDI Quattro S-Tronic,Audi A5 3.0 TDI Quattro S-Tronic,2007-2011–,assets/vehicles/audi/car-00458/,assets/vehicles/_quick/car-00458-1.webp,assets/vehicles/_quick/car-00458-2.webp,,,,content/articles/audi/car-00458.md,no
62bca4b21d92cc57a8febb947e1981e33d3add80,car-00459,excel,car,Audi,,,A5,8T,3.2 FSI Multitronic,Audi A5 3.2 FSI Multitronic,2007-2011–,assets/vehicles/audi/car-00459/,assets/vehicles/_quick/car-00459-1.webp,assets/vehicles/_quick/car-00459-2.webp,,,,content/articles/audi/car-00459.md,no
7b45a183ba89eedc7f36131f48539b08a248da7e,car-00460,excel,car,Audi,,,A5,8T,4.2 FSI quattro S-Tronic,Audi A5 4.2 FSI quattro S-Tronic,2010–2012,assets/vehicles/audi/car-00460/,assets/vehicles/_quick/car-00460-1.webp,assets/vehicles/_quick/car-00460-2.webp,,,,content/articles/audi/car-00460.md,no
2ab0ec4cff877e6119f5ffd6da0a696367b40df5,car-00461,excel,car,Audi,,,A5,8T,4.2 FSI quattro S-Tronic phaseII,Audi A5 4.2 FSI quattro S-Tronic phaseII,2012–2016,assets/vehicles/audi/car-00461/,assets/vehicles/_quick/car-00461-1.webp,assets/vehicles/_quick/car-00461-2.webp,,,,content/articles/audi/car-00461.md,no
87c76cc1a7cb3b20389ae8915d9f6518ec295778,car-00463,excel,car,Audi,,,A5,8T,S5 S-Tronic,Audi A5 S5 S-Tronic,2011-2016–,assets/vehicles/audi/car-00463/,assets/vehicles/_quick/car-00463-1.webp,assets/vehicles/_quick/car-00463-2.webp,,,,content/articles/audi/car-00463.md,no
3eaa6d7cbff8ccfda476d03c3f728e1767a4119d,car-00464,excel,car,Audi,,,A5,8T,S5 Sportback,Audi A5 S5 Sportback,2009-2016–,assets/vehicles/audi/car-00464/,assets/vehicles/_quick/car-00464-1.webp,assets/vehicles/_quick/car-00464-2.webp,,,,content/articles/audi/car-00464.md,no
41deb8382b06ab1768668bb81e0d28edf144cd78,car-00466,excel,car,Audi,,,A5,8T,S5 Coupe 4.2 Quattro,Audi A5 S5 Coupe 4.2 Quattro,2007–2011,assets/vehicles/audi/car-00466/,assets/vehicles/_quick/car-00466-1.webp,assets/vehicles/_quick/car-00466-2.webp,,,,content/articles/audi/car-00466.md,no
fd90cc0b9a6108af4269a3aa9a57e369039055f7,car-00467,excel,car,Audi,,,A5,8T,S5 Coupe 4.2 Quattro Tiptronic,Audi A5 S5 Coupe 4.2 Quattro Tiptronic,2008–2011,assets/vehicles/audi/car-00467/,assets/vehicles/_quick/car-00467-1.webp,assets/vehicles/_quick/car-00467-2.webp,,,,content/articles/audi/car-00467.md,no
1ee7f1f813bf0fc495ad48dd07bcf7d18776bebd,car-00468,excel,car,Audi,,,A5,8T,2.0 TDI,Audi A5 2.0 TDI,2008-2011–,assets/vehicles/audi/car-00468/,assets/vehicles/_quick/car-00468-1.webp,assets/vehicles/_quick/car-00468-2.webp,,,,content/articles/audi/car-00468.md,no
20657e90e864e0813e335da77d5232666f386486,car-00469,excel,car,Audi,,,A5,8T,2.0 TDI Quattro S-Tronic,Audi A5 2.0 TDI Quattro S-Tronic,2011-2014–,assets/vehicles/audi/car-00469/,assets/vehicles/_quick/car-00469-1.webp,assets/vehicles/_quick/car-00469-2.webp,,,,content/articles/audi/car-00469.md,no
7d77de1e17d7e39cf96f792f14d4cae3e4d2b6dc,car-00470,excel,car,Audi,,,A5,8T,2.0 TDI Ultra,Audi A5 2.0 TDI Ultra,2014-2016–,assets/vehicles/audi/car-00470/,assets/vehicles/_quick/car-00470-1.webp,assets/vehicles/_quick/car-00470-2.webp,,,,content/articles/audi/car-00470.md,no
884928974da991a989423545f52b65f08c14b15f,car-00471,excel,car,Audi,,,A5,8T,2.0 TFSI,Audi A5 2.0 TFSI,2013-2016–,assets/vehicles/audi/car-00471/,assets/vehicles/_quick/car-00471-1.webp,assets/vehicles/_quick/car-00471-2.webp,,,,content/articles/audi/car-00471.md,no
70d7477cbf62c938e42c6f55a96e0285389f58f9,car-00472,excel,car,Audi,,,A5,8T,2.0 TFSI,Audi A5 2.0 TFSI,2009-2011–,assets/vehicles/audi/car-00472/,assets/vehicles/_quick/car-00472-1.webp,assets/vehicles/_quick/car-00472-2.webp,,,,content/articles/audi/car-00472.md,no
a1ecd66370e436658e453e5b9141eac0955da72f,car-00473,excel,car,Audi,,,A5,8T,2.0 TFSI Quattro S-Tronic,Audi A5 2.0 TFSI Quattro S-Tronic,2009-2013–,assets/vehicles/audi/car-00473/,assets/vehicles/_quick/car-00473-1.webp,assets/vehicles/_quick/car-00473-2.webp,,,,content/articles/audi/car-00473.md,no
40a662fe8c36acabd354c006ffe439fc214d29b1,car-00474,excel,car,Audi,,,A5,8T,2.7 TDI,Audi A5 2.7 TDI,2009-2011–,assets/vehicles/audi/car-00474/,assets/vehicles/_quick/car-00474-1.webp,assets/vehicles/_quick/car-00474-2.webp,,,,content/articles/audi/car-00474.md,no
cc1812b6233f5a6890b283c644e1feb8af1776fd,car-00475,excel,car,Audi,,,A5,8T,3.0 TDI Quattro,Audi A5 3.0 TDI Quattro,2009-2011–,assets/vehicles/audi/car-00475/,assets/vehicles/_quick/car-00475-1.webp,assets/vehicles/_quick/car-00475-2.webp,,,,content/articles/audi/car-00475.md,no
ecb3aa9abae6d5132d4d81fcfb31259b3005f9f6,car-00476,excel,car,Audi,,,A5,8T,3.2 FSI,Audi A5 3.2 FSI,2009-2011–,assets/vehicles/audi/car-00476/,assets/vehicles/_quick/car-00476-1.webp,assets/vehicles/_quick/car-00476-2.webp,,,,content/articles/audi/car-00476.md,no
d9331b7acf062f84eda39ed87a5b52c52d1cdac5,car-00477,excel,car,Audi,,,A6,C4,46235,Audi A6 46235,1995-1997–,assets/vehicles/audi/car-00477/,assets/vehicles/_quick/car-00477-1.webp,assets/vehicles/_quick/car-00477-2.webp,,,,content/articles/audi/car-00477.md,no
92760f601c390b91359d05c3891d14b2d2b5aa04,car-00478,excel,car,Audi,,,A6,C4,1.9 TDI,Audi A6 1.9 TDI,1994-1997–,assets/vehicles/audi/car-00478/,assets/vehicles/_quick/car-00478-1.webp,assets/vehicles/_quick/car-00478-2.webp,,,,content/articles/audi/car-00478.md,no
70ecdb7f8e680d94461f64cb7f24e0df981d7f90,car-00479,excel,car,Audi,,,A6,C4,2.0 16v,Audi A6 2.0 16v,1994-1997–,assets/vehicles/audi/car-00479/,assets/vehicles/_quick/car-00479-1.webp,assets/vehicles/_quick/car-00479-2.webp,,,,content/articles/audi/car-00479.md,no
23ecb6ebcce552fd32a309d168e9d3234181f6c6,car-00480,excel,car,Audi,,,A6,C4,2.5 TDI,Audi A6 2.5 TDI,1994-1997–,assets/vehicles/audi/car-00480/,assets/vehicles/_quick/car-00480-1.webp,assets/vehicles/_quick/car-00480-2.webp,,,,content/articles/audi/car-00480.md,no
068e6efe4ff5738f6542eecac85a9ff62e5c1bdc,car-00481,excel,car,Audi,,,A6,C4,2.5 TDI Avant,Audi A6 2.5 TDI Avant,1994-1997–,assets/vehicles/audi/car-00481/,assets/vehicles/_quick/car-00481-1.webp,assets/vehicles/_quick/car-00481-2.webp,,,,content/articles/audi/car-00481.md,no
c4f0f6289f0b027039fc5cf11a1e55306ea52405,car-00482,excel,car,Audi,,,A6,C4,2.6 Avant,Audi A6 2.6 Avant,1994-1997–,assets/vehicles/audi/car-00482/,assets/vehicles/_quick/car-00482-1.webp,assets/vehicles/_quick/car-00482-2.webp,,,,content/articles/audi/car-00482.md,no
06f06d73a40cd1c64dcb7f6bf24042c624f46699,car-00483,excel,car,Audi,,,A6,C4,46236,Audi A6 46236,1995-1997–,assets/vehicles/audi/car-00483/,assets/vehicles/_quick/car-00483-1.webp,assets/vehicles/_quick/car-00483-2.webp,,,,content/articles/audi/car-00483.md,no
b172bc93861db845470ea3e07e7e61da420629a4,car-00484,excel,car,Audi,,,A6,C4,2.8 Quattro,Audi A6 2.8 Quattro,1995-1997–,assets/vehicles/audi/car-00484/,assets/vehicles/_quick/car-00484-1.webp,assets/vehicles/_quick/car-00484-2.webp,,,,content/articles/audi/car-00484.md,no
3e9898a8d6fcc61280336c64f418ebe032adbc1c,car-00485,excel,car,Audi,,,A6,C5,1.8T,Audi A6 1.8T,1997-2004–,assets/vehicles/audi/car-00485/,assets/vehicles/_quick/car-00485-1.webp,assets/vehicles/_quick/car-00485-2.webp,,,,content/articles/audi/car-00485.md,no
55a34d16b9736732f9fb85b637a9c99dda492716,car-00486,excel,car,Audi,,,A6,C5,1.9 TDI,Audi A6 1.9 TDI,2001-2004–,assets/vehicles/audi/car-00486/,assets/vehicles/_quick/car-00486-1.webp,assets/vehicles/_quick/car-00486-2.webp,,,,content/articles/audi/car-00486.md,no
eec46915b6544e85229147c0288e08d1e35c3853,car-00487,excel,car,Audi,,,A6,C5,1.9 TDI,Audi A6 1.9 TDI,1997-2001–,assets/vehicles/audi/car-00487/,assets/vehicles/_quick/car-00487-1.webp,assets/vehicles/_quick/car-00487-2.webp,,,,content/articles/audi/car-00487.md,no
cb49175b568f7a18b93fd69a902c7c7ce6184ffb,car-00488,excel,car,Audi,,,A6,C5,1.9 TDI bv6,Audi A6 1.9 TDI bv6,2001-2004–,assets/vehicles/audi/car-00488/,assets/vehicles/_quick/car-00488-1.webp,assets/vehicles/_quick/car-00488-2.webp,,,,content/articles/audi/car-00488.md,no
507380794aa46991b278f2bcaf7a237b6ad9b66c,car-00489,excel,car,Audi,,,A6,C5,46114,Audi A6 46114,1997-2004–,assets/vehicles/audi/car-00489/,assets/vehicles/_quick/car-00489-1.webp,assets/vehicles/_quick/car-00489-2.webp,,,,content/articles/audi/car-00489.md,no
4f415990c52b7b706504dd5d67143f3c5358b41d,car-00490,excel,car,Audi,,,A6,C5,2.4 Avant,Audi A6 2.4 Avant,1998-2001–,assets/vehicles/audi/car-00490/,assets/vehicles/_quick/car-00490-1.webp,assets/vehicles/_quick/car-00490-2.webp,,,,content/articles/audi/car-00490.md,no
48b6d654ed55ecc7fb00d543209602a7402b795b,car-00491,excel,car,Audi,,,A6,C5,2.4 Multitronic,Audi A6 2.4 Multitronic,2004-2008–,assets/vehicles/audi/car-00491/,assets/vehicles/_quick/car-00491-1.webp,assets/vehicles/_quick/car-00491-2.webp,,,,content/articles/audi/car-00491.md,no
b52f29af02fb5fefa12934687ce19269657bfa64,car-00492,excel,car,Audi,,,A6,C5,2.5 TDI,Audi A6 2.5 TDI,2001-2002–,assets/vehicles/audi/car-00492/,assets/vehicles/_quick/car-00492-1.webp,assets/vehicles/_quick/car-00492-2.webp,,,,content/articles/audi/car-00492.md,no
e5ab461c87e7a37ccb5f481e735ed307d27318ac,car-00493,excel,car,Audi,,,A6,C5,2.5 TDI,Audi A6 2.5 TDI,1998-2001–,assets/vehicles/audi/car-00493/,assets/vehicles/_quick/car-00493-1.webp,assets/vehicles/_quick/car-00493-2.webp,,,,content/articles/audi/car-00493.md,no
d4ef63a8d73193b15e3e49e889b8a6dcbea68c61,car-00494,excel,car,Audi,,,A6,C5,2.5 TDI Auto,Audi A6 2.5 TDI Auto,1999-2003–,assets/vehicles/audi/car-00494/,assets/vehicles/_quick/car-00494-1.webp,assets/vehicles/_quick/car-00494-2.webp,,,,content/articles/audi/car-00494.md,no
701a9154eb05b4d704e1c1bdef78b2e2d93d4724,car-00495,excel,car,Audi,,,A6,C5,2.5 TDI Avant,Audi A6 2.5 TDI Avant,1998-2001–,assets/vehicles/audi/car-00495/,assets/vehicles/_quick/car-00495-1.webp,assets/vehicles/_quick/car-00495-2.webp,,,,content/articles/audi/car-00495.md,no
1771e40d3c3e37e21728b06f37df89fd3fa2cadb,car-00496,excel,car,Audi,,,A6,C5,2.5 TDI Avant,Audi A6 2.5 TDI Avant,2001-2002–,assets/vehicles/audi/car-00496/,assets/vehicles/_quick/car-00496-1.webp,assets/vehicles/_quick/car-00496-2.webp,,,,content/articles/audi/car-00496.md,no
8c1edd5298bea6892a47f928b7bfbf36a68d0860,car-00497,excel,car,Audi,,,A6,C5,2.5 TDI Avant Auto,Audi A6 2.5 TDI Avant Auto,1999-2005–,assets/vehicles/audi/car-00497/,assets/vehicles/_quick/car-00497-1.webp,assets/vehicles/_quick/car-00497-2.webp,,,,content/articles/audi/car-00497.md,no
8f5c4f00780ed5c111fe89925c00601c04262e21,car-00498,excel,car,Audi,,,A6,C5,2.5 TDI Avant Quattro,Audi A6 2.5 TDI Avant Quattro,2000-2004–,assets/vehicles/audi/car-00498/,assets/vehicles/_quick/car-00498-1.webp,assets/vehicles/_quick/car-00498-2.webp,,,,content/articles/audi/car-00498.md,no
bf456e806acd27a7e61800c35a1876670f937ab5,car-00499,excel,car,Audi,,,A6,C5,2.5 TDI Multitronic,Audi A6 2.5 TDI Multitronic,2001-2002–,assets/vehicles/audi/car-00499/,assets/vehicles/_quick/car-00499-1.webp,assets/vehicles/_quick/car-00499-2.webp,,,,content/articles/audi/car-00499.md,no
4f873ae2143bce17f295c22a56973f32b257cb06,car-00500,excel,car,Audi,,,A6,C5,2.5 TDI Quattro,Audi A6 2.5 TDI Quattro,1999-2004–,assets/vehicles/audi/car-00500/,assets/vehicles/_quick/car-00500-1.webp,assets/vehicles/_quick/car-00500-2.webp,,,,content/articles/audi/car-00500.md,no
ca025012de17261641450418b8d82c8e1217c327,car-00501,excel,car,Audi,,,A6,C5,2.5 TDI Quattro Tiptronic,Audi A6 2.5 TDI Quattro Tiptronic,2000-2004–,assets/vehicles/audi/car-00501/,assets/vehicles/_quick/car-00501-1.webp,assets/vehicles/_quick/car-00501-2.webp,,,,content/articles/audi/car-00501.md,no
e714aad07c14804d6747e513cf536bd42496b707,car-00502,excel,car,Audi,,,A6,C5,2.7T Avant Quattro,Audi A6 2.7T Avant Quattro,1999-2001–,assets/vehicles/audi/car-00502/,assets/vehicles/_quick/car-00502-1.webp,assets/vehicles/_quick/car-00502-2.webp,,,,content/articles/audi/car-00502.md,no
8d690f4654e3956e42db97217bababa4130bdb89,car-00503,excel,car,Audi,,,A6,C5,2.7T Avant Quattro Tiptronic,Audi A6 2.7T Avant Quattro Tiptronic,1999-2001–,assets/vehicles/audi/car-00503/,assets/vehicles/_quick/car-00503-1.webp,assets/vehicles/_quick/car-00503-2.webp,,,,content/articles/audi/car-00503.md,no
5fbcfc3ed8a15ce8e4ca25787b1aa73194094487,car-00504,excel,car,Audi,,,A6,C5,2.7T Quattro,Audi A6 2.7T Quattro,1999-2001–,assets/vehicles/audi/car-00504/,assets/vehicles/_quick/car-00504-1.webp,assets/vehicles/_quick/car-00504-2.webp,,,,content/articles/audi/car-00504.md,no
90265a2285a066fb7584ce4a2326dddd9577a34f,car-00505,excel,car,Audi,,,A6,C5,2.7T Quattro,Audi A6 2.7T Quattro,2001-2005–,assets/vehicles/audi/car-00505/,assets/vehicles/_quick/car-00505-1.webp,assets/vehicles/_quick/car-00505-2.webp,,,,content/articles/audi/car-00505.md,no
9e44240f3da03aaa14ac6763e2c98f6ff217b5e8,car-00506,excel,car,Audi,,,A6,C5,2.7T Quattro Tiptronic,Audi A6 2.7T Quattro Tiptronic,2001-2005–,assets/vehicles/audi/car-00506/,assets/vehicles/_quick/car-00506-1.webp,assets/vehicles/_quick/car-00506-2.webp,,,,content/articles/audi/car-00506.md,no
2c616d1fbc0938d4f7dc3e48f91dd4ec7e2fc040,car-00507,excel,car,Audi,,,A6,C5,2.7T Quattro Tiptronic,Audi A6 2.7T Quattro Tiptronic,1999-2001–,assets/vehicles/audi/car-00507/,assets/vehicles/_quick/car-00507-1.webp,assets/vehicles/_quick/car-00507-2.webp,,,,content/articles/audi/car-00507.md,no
26006a10894656093b90d986bb896a7f61a23288,car-00508,excel,car,Audi,,,A6,C5,46236,Audi A6 46236,1997-2001–,assets/vehicles/audi/car-00508/,assets/vehicles/_quick/car-00508-1.webp,assets/vehicles/_quick/car-00508-2.webp,,,,content/articles/audi/car-00508.md,no
8bcdd726cfe3daa648686d2e254a7a977bee485c,car-00509,excel,car,Audi,,,A6,C5,2.8 Avant Quattro Tiptronic,Audi A6 2.8 Avant Quattro Tiptronic,1999-2001–,assets/vehicles/audi/car-00509/,assets/vehicles/_quick/car-00509-1.webp,assets/vehicles/_quick/car-00509-2.webp,,,,content/articles/audi/car-00509.md,no
ff2e852955c827fe606cbb3ca75d4947e289778c,car-00510,excel,car,Audi,,,A6,C5,2.8 Multitronic,Audi A6 2.8 Multitronic,2000-2001–,assets/vehicles/audi/car-00510/,assets/vehicles/_quick/car-00510-1.webp,assets/vehicles/_quick/car-00510-2.webp,,,,content/articles/audi/car-00510.md,no
197cb31d6e81f208f97bb75dcf6a65fbb33755b3,car-00511,excel,car,Audi,,,A6,C5,2.8 Quattro,Audi A6 2.8 Quattro,1997-2001–,assets/vehicles/audi/car-00511/,assets/vehicles/_quick/car-00511-1.webp,assets/vehicles/_quick/car-00511-2.webp,,,,content/articles/audi/car-00511.md,no
3c72e409668a7ef073d4b93ce5195db4febe3d4e,car-00512,excel,car,Audi,,,A6,C5,2.8 Quattro Avant,Audi A6 2.8 Quattro Avant,1998-2001–,assets/vehicles/audi/car-00512/,assets/vehicles/_quick/car-00512-1.webp,assets/vehicles/_quick/car-00512-2.webp,,,,content/articles/audi/car-00512.md,no
c6c4eb07cdaf18456a108021174f7890e7884844,car-00513,excel,car,Audi,,,A6,C5,2.8 Quattro Tiptronic,Audi A6 2.8 Quattro Tiptronic,1997-2000–,assets/vehicles/audi/car-00513/,assets/vehicles/_quick/car-00513-1.webp,assets/vehicles/_quick/car-00513-2.webp,,,,content/articles/audi/car-00513.md,no
7aa83516890cb76060b5fcd7c07375308507ac69,car-00514,excel,car,Audi,,,A6,C5,2.8 Tiptronic,Audi A6 2.8 Tiptronic,1997-2001–,assets/vehicles/audi/car-00514/,assets/vehicles/_quick/car-00514-1.webp,assets/vehicles/_quick/car-00514-2.webp,,,,content/articles/audi/car-00514.md,no
1c4b4c7a745383b6679eee6347e7e5740b377fb2,car-00515,excel,car,Audi,,,A6,C5,3.0 Quattro Tiptronic,Audi A6 3.0 Quattro Tiptronic,2001-2004–,assets/vehicles/audi/car-00515/,assets/vehicles/_quick/car-00515-1.webp,assets/vehicles/_quick/car-00515-2.webp,,,,content/articles/audi/car-00515.md,no
062de8d7d976f5dd5482974f35aa0086d1ab1e7e,car-00516,excel,car,Audi,,,A6,C5,3.0 Quattro Tiptronic Avant,Audi A6 3.0 Quattro Tiptronic Avant,2001-2004–,assets/vehicles/audi/car-00516/,assets/vehicles/_quick/car-00516-1.webp,assets/vehicles/_quick/car-00516-2.webp,,,,content/articles/audi/car-00516.md,no
576a399cde070d5c930da7caa3de8167d79361cd,car-00517,excel,car,Audi,,,A6,C5,4.2 Quattro,Audi A6 4.2 Quattro,1998-2004–,assets/vehicles/audi/car-00517/,assets/vehicles/_quick/car-00517-1.webp,assets/vehicles/_quick/car-00517-2.webp,,,,content/articles/audi/car-00517.md,no
b0ff7338f8f985823267b634bca5a399491be1e4,car-00518,excel,car,Audi,,,A6,C6,2.0 TDI,Audi A6 2.0 TDI,2004-2008–,assets/vehicles/audi/car-00518/,assets/vehicles/_quick/car-00518-1.webp,assets/vehicles/_quick/car-00518-2.webp,,,,content/articles/audi/car-00518.md,no
94812a0e7b087c3217395b725522d6223cfc47ba,car-00519,excel,car,Audi,,,A6,C6,2.0 TDI e,Audi A6 2.0 TDI e,2008-2011–,assets/vehicles/audi/car-00519/,assets/vehicles/_quick/car-00519-1.webp,assets/vehicles/_quick/car-00519-2.webp,,,,content/articles/audi/car-00519.md,no
b9cc4e54bc23c5010b58dbfc009d2b1daaf2511c,car-00520,excel,car,Audi,,,A6,C6,2.0 TFSI,Audi A6 2.0 TFSI,2005-2012–,assets/vehicles/audi/car-00520/,assets/vehicles/_quick/car-00520-1.webp,assets/vehicles/_quick/car-00520-2.webp,,,,content/articles/audi/car-00520.md,no
af21d0208a6e5f4fb5465b191e85d543721c02e8,car-00521,excel,car,Audi,,,A6,C6,2.7 TDI,Audi A6 2.7 TDI,2005-2008–,assets/vehicles/audi/car-00521/,assets/vehicles/_quick/car-00521-1.webp,assets/vehicles/_quick/car-00521-2.webp,,,,content/articles/audi/car-00521.md,no
f9dd95c55201ffe7cb5aef2f869ab85ff01025fc,car-00522,excel,car,Audi,,,A6,C6,2.7 TDI Avant,Audi A6 2.7 TDI Avant,2005-2008–,assets/vehicles/audi/car-00522/,assets/vehicles/_quick/car-00522-1.webp,assets/vehicles/_quick/car-00522-2.webp,,,,content/articles/audi/car-00522.md,no
a1151caa760397b9434e54d0779f04b2d5eb239d,car-00523,excel,car,Audi,,,A6,C6,2.7 TDI Multitronic,Audi A6 2.7 TDI Multitronic,2008-2011–,assets/vehicles/audi/car-00523/,assets/vehicles/_quick/car-00523-1.webp,assets/vehicles/_quick/car-00523-2.webp,,,,content/articles/audi/car-00523.md,no
2363f9e7343d5fd3b802a622057cca2ae2d3de7f,car-00524,excel,car,Audi,,,A6,C6,2.7 TDI Multitronic,Audi A6 2.7 TDI Multitronic,2005-2008–,assets/vehicles/audi/car-00524/,assets/vehicles/_quick/car-00524-1.webp,assets/vehicles/_quick/car-00524-2.webp,,,,content/articles/audi/car-00524.md,no
6cf1c7b7b744221948bb9baee5e51da36136cb0f,car-00525,excel,car,Audi,,,A6,C6,2.8 FSI,Audi A6 2.8 FSI,2006-2008–,assets/vehicles/audi/car-00525/,assets/vehicles/_quick/car-00525-1.webp,assets/vehicles/_quick/car-00525-2.webp,,,,content/articles/audi/car-00525.md,no
6cf1c7b7b744221948bb9baee5e51da36136cb0f,car-00526,excel,car,Audi,,,A6,C6,2.8 FSI,Audi A6 2.8 FSI,2006-2008–,assets/vehicles/audi/car-00526/,assets/vehicles/_quick/car-00526-1.webp,assets/vehicles/_quick/car-00526-2.webp,,,,content/articles/audi/car-00526.md,no
80c13ffa6110c5944f8f994251494f5b2050b7a8,car-00527,excel,car,Audi,,,A6,C6,3.0 TDI Quattro,Audi A6 3.0 TDI Quattro,2009-2011–,assets/vehicles/audi/car-00527/,assets/vehicles/_quick/car-00527-1.webp,assets/vehicles/_quick/car-00527-2.webp,,,,content/articles/audi/car-00527.md,no
61550ac8e01716f4d37be86c4034b8a29a80297e,car-00528,excel,car,Audi,,,A6,C6,3.0 TDI Quattro,Audi A6 3.0 TDI Quattro,2004-2006–,assets/vehicles/audi/car-00528/,assets/vehicles/_quick/car-00528-1.webp,assets/vehicles/_quick/car-00528-2.webp,,,,content/articles/audi/car-00528.md,no
6d978766b49462fa3577c7dd636e930a77b1ff6f,car-00529,excel,car,Audi,,,A6,C6,3.0 TDI Quattro Avant,Audi A6 3.0 TDI Quattro Avant,2008-2011–,assets/vehicles/audi/car-00529/,assets/vehicles/_quick/car-00529-1.webp,assets/vehicles/_quick/car-00529-2.webp,,,,content/articles/audi/car-00529.md,no
c9189713072c7a697ec070c96b7694344033c5de,car-00530,excel,car,Audi,,,A6,C6,3.0 TDI Quattro Avant,Audi A6 3.0 TDI Quattro Avant,2004-2006–,assets/vehicles/audi/car-00530/,assets/vehicles/_quick/car-00530-1.webp,assets/vehicles/_quick/car-00530-2.webp,,,,content/articles/audi/car-00530.md,no
934d0863e1a289feed694983f7c70eee3209f13b,car-00531,excel,car,Audi,,,A6,C6,3.0 TDI Quattro Tiptronic,Audi A6 3.0 TDI Quattro Tiptronic,2004-2006–,assets/vehicles/audi/car-00531/,assets/vehicles/_quick/car-00531-1.webp,assets/vehicles/_quick/car-00531-2.webp,,,,content/articles/audi/car-00531.md,no
506d0d419f89f6cffcf59bec6aceb063d37a334c,car-00532,excel,car,Audi,,,A6,C6,3.0 TFSI Quattro,Audi A6 3.0 TFSI Quattro,2009-2011–,assets/vehicles/audi/car-00532/,assets/vehicles/_quick/car-00532-1.webp,assets/vehicles/_quick/car-00532-2.webp,,,,content/articles/audi/car-00532.md,no
87ebc8587627611c1dc4d9ece277393db7ea9491,car-00533,excel,car,Audi,,,A6,C6,3.2 FSI,Audi A6 3.2 FSI,2004-2008–,assets/vehicles/audi/car-00533/,assets/vehicles/_quick/car-00533-1.webp,assets/vehicles/_quick/car-00533-2.webp,,,,content/articles/audi/car-00533.md,no
d67e846dfe243fde64a0be07591a658cdf9dc9bb,car-00534,excel,car,Audi,,,A6,C6,3.2 FSI Avant Quattro,Audi A6 3.2 FSI Avant Quattro,2005-2008–,assets/vehicles/audi/car-00534/,assets/vehicles/_quick/car-00534-1.webp,assets/vehicles/_quick/car-00534-2.webp,,,,content/articles/audi/car-00534.md,no
b343f58ec92662112b914051036537adbb9ffc04,car-00535,excel,car,Audi,,,A6,C6,3.2 FSI Multitronic,Audi A6 3.2 FSI Multitronic,2004-2008–,assets/vehicles/audi/car-00535/,assets/vehicles/_quick/car-00535-1.webp,assets/vehicles/_quick/car-00535-2.webp,,,,content/articles/audi/car-00535.md,no
fa34845879a29e82a9c9b0ccfd8ded4bcab3ceaf,car-00536,excel,car,Audi,,,A6,C6,3.2 FSI Quattro,Audi A6 3.2 FSI Quattro,2004-2008–,assets/vehicles/audi/car-00536/,assets/vehicles/_quick/car-00536-1.webp,assets/vehicles/_quick/car-00536-2.webp,,,,content/articles/audi/car-00536.md,no
6ebbd63c3265fa29e11d685e06e60791fa906b61,car-00537,excel,car,Audi,,,A6,C6,4.2 Quattro,Audi A6 4.2 Quattro,2006-2011–,assets/vehicles/audi/car-00537/,assets/vehicles/_quick/car-00537-1.webp,assets/vehicles/_quick/car-00537-2.webp,,,,content/articles/audi/car-00537.md,no
143e4e2a650ebad0f3eb28140928c5c2e12b9648,car-00538,excel,car,Audi,,,A6,C6,4.2 Quattro,Audi A6 4.2 Quattro,2004-2006–,assets/vehicles/audi/car-00538/,assets/vehicles/_quick/car-00538-1.webp,assets/vehicles/_quick/car-00538-2.webp,,,,content/articles/audi/car-00538.md,no
8dc50acc2b51e63e752698de9ac41e3ba857b1ef,car-00539,excel,car,Audi,,,A6,C6,4.2 Quattro Avant,Audi A6 4.2 Quattro Avant,2004-2006–,assets/vehicles/audi/car-00539/,assets/vehicles/_quick/car-00539-1.webp,assets/vehicles/_quick/car-00539-2.webp,,,,content/articles/audi/car-00539.md,no
e0077793ef8f9c86a89ede04b093def0734a2d2d,car-00540,excel,car,Audi,,,A6,C7,2.0 TDI,Audi A6 2.0 TDI,2011-2014–,assets/vehicles/audi/car-00540/,assets/vehicles/_quick/car-00540-1.webp,assets/vehicles/_quick/car-00540-2.webp,,,,content/articles/audi/car-00540.md,no
dacb713888e0931908128404a4246ea9b6f7745d,car-00541,excel,car,Audi,,,A6,C7,2.0 TDI Avant S-Tronic,Audi A6 2.0 TDI Avant S-Tronic,2014-2018–,assets/vehicles/audi/car-00541/,assets/vehicles/_quick/car-00541-1.webp,assets/vehicles/_quick/car-00541-2.webp,,,,content/articles/audi/car-00541.md,no
c07defc0ac0611616eae69e9bda17dea69fe5ce5,car-00542,excel,car,Audi,,,A6,C7,2.0 TDI S-Tronic,Audi A6 2.0 TDI S-Tronic,2014-2015–,assets/vehicles/audi/car-00542/,assets/vehicles/_quick/car-00542-1.webp,assets/vehicles/_quick/car-00542-2.webp,,,,content/articles/audi/car-00542.md,no
ada5bae8810f50f7d7859e66402ba554c6c24ddb,car-00543,excel,car,Audi,,,A6,C7,2.0 TFSI Avant,Audi A6 2.0 TFSI Avant,2015-2018–,assets/vehicles/audi/car-00543/,assets/vehicles/_quick/car-00543-1.webp,assets/vehicles/_quick/car-00543-2.webp,,,,content/articles/audi/car-00543.md,no
6fccc69043c754b407e34d1628a86820306426f3,car-00544,excel,car,Audi,,,A6,C7,2.0 TFSI HybrDI,Audi A6 2.0 TFSI HybrDI,2012-2014–,assets/vehicles/audi/car-00544/,assets/vehicles/_quick/car-00544-1.webp,assets/vehicles/_quick/car-00544-2.webp,,,,content/articles/audi/car-00544.md,no
b00d1a0c91f945f0965def89906597df936f0275,car-00545,excel,car,Audi,,,A6,C7,3.0 BiTDI Quattro,Audi A6 3.0 BiTDI Quattro,2011-2014–,assets/vehicles/audi/car-00545/,assets/vehicles/_quick/car-00545-1.webp,assets/vehicles/_quick/car-00545-2.webp,,,,content/articles/audi/car-00545.md,no
1da8bb95d5137ea5461ad367d8b76116639d1a1e,car-00546,excel,car,Audi,,,A6,C7,3.0 BiTDI Quattro Avant,Audi A6 3.0 BiTDI Quattro Avant,2011-2014–,assets/vehicles/audi/car-00546/,assets/vehicles/_quick/car-00546-1.webp,assets/vehicles/_quick/car-00546-2.webp,,,,content/articles/audi/car-00546.md,no
8b18fd9202ebfa4559ad31848fce056d956f1690,car-00547,excel,car,Audi,,,A6,C7,3.0 TDI Avant Multitronic,Audi A6 3.0 TDI Avant Multitronic,2010-2014–,assets/vehicles/audi/car-00547/,assets/vehicles/_quick/car-00547-1.webp,assets/vehicles/_quick/car-00547-2.webp,,,,content/articles/audi/car-00547.md,no
fa740486e85a76e4feefa19d7437120ccf87778e,car-00548,excel,car,Audi,,,A6,C7,3.0 TDI Multitronic,Audi A6 3.0 TDI Multitronic,2011-2014–,assets/vehicles/audi/car-00548/,assets/vehicles/_quick/car-00548-1.webp,assets/vehicles/_quick/car-00548-2.webp,,,,content/articles/audi/car-00548.md,no
adb2d34f4226abc6016bab13f9c1e0e2c5561960,car-00549,excel,car,Audi,,,A6,C7,3.0 TDI Quattro Competition,Audi A6 3.0 TDI Quattro Competition,2014-2018–,assets/vehicles/audi/car-00549/,assets/vehicles/_quick/car-00549-1.webp,assets/vehicles/_quick/car-00549-2.webp,,,,content/articles/audi/car-00549.md,no
65013501b9d05f07b7cc51161ac4514b13e9d009,car-00550,excel,car,Audi,,,A6,C7,3.0 TDI Quattro S Tronic,Audi A6 3.0 TDI Quattro S Tronic,2014-2018–,assets/vehicles/audi/car-00550/,assets/vehicles/_quick/car-00550-1.webp,assets/vehicles/_quick/car-00550-2.webp,,,,content/articles/audi/car-00550.md,no
2d8defcbf7f4b180b1eab50bb16eea5aaba7b761,car-00551,excel,car,Audi,,,A6,C7,3.0 TDI Quattro S Tronic,Audi A6 3.0 TDI Quattro S Tronic,2010-2014–,assets/vehicles/audi/car-00551/,assets/vehicles/_quick/car-00551-1.webp,assets/vehicles/_quick/car-00551-2.webp,,,,content/articles/audi/car-00551.md,no
5e7736365acb98be01c2cf2b5cd0d0e39d8bf96b,car-00552,excel,car,Audi,,,A6,C7,3.0 TDI Quattro S Tronic Avant,Audi A6 3.0 TDI Quattro S Tronic Avant,2011-2014–,assets/vehicles/audi/car-00552/,assets/vehicles/_quick/car-00552-1.webp,assets/vehicles/_quick/car-00552-2.webp,,,,content/articles/audi/car-00552.md,no
4da2d08de98d24d42e378cb02884bd5a9c5bddb9,car-00553,excel,car,Audi,,,A6,C7,3.0 TFSI Quattro,Audi A6 3.0 TFSI Quattro,2010-2012–,assets/vehicles/audi/car-00553/,assets/vehicles/_quick/car-00553-1.webp,assets/vehicles/_quick/car-00553-2.webp,,,,content/articles/audi/car-00553.md,no
cfc458bc61ca12a14d730c50ef9994d5edaa164a,car-00554,excel,car,Audi,,,A6,C7,3.0 TFSI Quattro,Audi A6 3.0 TFSI Quattro,2012-2014–,assets/vehicles/audi/car-00554/,assets/vehicles/_quick/car-00554-1.webp,assets/vehicles/_quick/car-00554-2.webp,,,,content/articles/audi/car-00554.md,no
cfc458bc61ca12a14d730c50ef9994d5edaa164a,car-00555,excel,car,Audi,,,A6,C7,3.0 TFSi Quattro,Audi A6 3.0 TFSi Quattro,2012-2014–,assets/vehicles/audi/car-00555/,assets/vehicles/_quick/car-00555-1.webp,assets/vehicles/_quick/car-00555-2.webp,,,,content/articles/audi/car-00555.md,no
7c4cfe0a8a751787d6e79edd75e2c39c1088e16d,car-00556,excel,car,Audi,,,A6,C7,3.0 TFSI Quattro Avant,Audi A6 3.0 TFSI Quattro Avant,2010-2012–,assets/vehicles/audi/car-00556/,assets/vehicles/_quick/car-00556-1.webp,assets/vehicles/_quick/car-00556-2.webp,,,,content/articles/audi/car-00556.md,no
6a40beb48b15d738cc5d19cf8b261699e467dd0c,car-00557,excel,car,Audi,,,A6,C7,3.0 TFSI Quattro Tiptronic,Audi A6 3.0 TFSI Quattro Tiptronic,2012-2014–,assets/vehicles/audi/car-00557/,assets/vehicles/_quick/car-00557-1.webp,assets/vehicles/_quick/car-00557-2.webp,,,,content/articles/audi/car-00557.md,no
3c44cda2d37f6626f9df9348c8c908202c1a0fd2,car-00558,excel,car,Audi,,,A6,C8,40 TDI,Audi A6 40 TDI,2018–,assets/vehicles/audi/car-00558/,assets/vehicles/_quick/car-00558-1.webp,assets/vehicles/_quick/car-00558-2.webp,,,,content/articles/audi/car-00558.md,no
675b1447ad78c6486a20b4b132d28adb83926370,car-00559,excel,car,Audi,,,A6,C8,40 TDI Avant,Audi A6 40 TDI Avant,2018-2020–,assets/vehicles/audi/car-00559/,assets/vehicles/_quick/car-00559-1.webp,assets/vehicles/_quick/car-00559-2.webp,,,,content/articles/audi/car-00559.md,no
378d6a5b80fed0ba1c7e86ced81a4359f2825938,car-00560,excel,car,Audi,,,A6,C8,40 TDI Avant Quattro,Audi A6 40 TDI Avant Quattro,2020-–,assets/vehicles/audi/car-00560/,assets/vehicles/_quick/car-00560-1.webp,assets/vehicles/_quick/car-00560-2.webp,,,,content/articles/audi/car-00560.md,no
32c23598c876feccf52be0dc472aa1c0cfcf6a71,car-00561,excel,car,Audi,,,A6,C8,40 TDI Quattro,Audi A6 40 TDI Quattro,2019-–,assets/vehicles/audi/car-00561/,assets/vehicles/_quick/car-00561-1.webp,assets/vehicles/_quick/car-00561-2.webp,,,,content/articles/audi/car-00561.md,no
150701e018e18c372703f33edcbd23baf280cb00,car-00562,excel,car,Audi,,,A6,C8,45 TDI Quattro,Audi A6 45 TDI Quattro,2018-–,assets/vehicles/audi/car-00562/,assets/vehicles/_quick/car-00562-1.webp,assets/vehicles/_quick/car-00562-2.webp,,,,content/articles/audi/car-00562.md,no
3e6e224f9ca5b7cde9059356306371b4427bf5a7,car-00563,excel,car,Audi,,,A6,C8,45 TFSI Avant Quattro,Audi A6 45 TFSI Avant Quattro,2018-2020–,assets/vehicles/audi/car-00563/,assets/vehicles/_quick/car-00563-1.webp,assets/vehicles/_quick/car-00563-2.webp,,,,content/articles/audi/car-00563.md,no
25e4f5f5c008a13832f503f2bab8a63ba52c3af2,car-00564,excel,car,Audi,,,A6,C8,45 TFSI Avant Quattro,Audi A6 45 TFSI Avant Quattro,2020-–,assets/vehicles/audi/car-00564/,assets/vehicles/_quick/car-00564-1.webp,assets/vehicles/_quick/car-00564-2.webp,,,,content/articles/audi/car-00564.md,no
d7fff067967dd8617b671bed51810b142bb21b42,car-00565,excel,car,Audi,,,A6,C8,45 TFSI Quattro,Audi A6 45 TFSI Quattro,2018-2020–,assets/vehicles/audi/car-00565/,assets/vehicles/_quick/car-00565-1.webp,assets/vehicles/_quick/car-00565-2.webp,,,,content/articles/audi/car-00565.md,no
3a14c8e8233d8484245e6fc1043ba5f4d9f7dd22,car-00566,excel,car,Audi,,,A6,C8,50 TDI Quattro,Audi A6 50 TDI Quattro,2018-–,assets/vehicles/audi/car-00566/,assets/vehicles/_quick/car-00566-1.webp,assets/vehicles/_quick/car-00566-2.webp,,,,content/articles/audi/car-00566.md,no
b43cc298766d9b27a290f159640cc0a52795759c,car-00567,excel,car,Audi,,,A6,C8,50 TDI Quattro Avant,Audi A6 50 TDI Quattro Avant,2018-–,assets/vehicles/audi/car-00567/,assets/vehicles/_quick/car-00567-1.webp,assets/vehicles/_quick/car-00567-2.webp,,,,content/articles/audi/car-00567.md,no
f4350ebad2efff8ebc1bc20c5841f87b67f99b83,car-00568,excel,car,Audi,,,A6,C8,50 TFSI e Quattro,Audi A6 50 TFSI e Quattro,2020-–,assets/vehicles/audi/car-00568/,assets/vehicles/_quick/car-00568-1.webp,assets/vehicles/_quick/car-00568-2.webp,,,,content/articles/audi/car-00568.md,no
5669defe6de53324e929ff71271957adec3c4660,car-00569,excel,car,Audi,,,A6,C8,55 TFSI e Quattro,Audi A6 55 TFSI e Quattro,2020-–,assets/vehicles/audi/car-00569/,assets/vehicles/_quick/car-00569-1.webp,assets/vehicles/_quick/car-00569-2.webp,,,,content/articles/audi/car-00569.md,no
66b9dd5b902fcdfd60ab523f1a8825eea52e0390,car-00570,excel,car,Audi,,,A6,C8,55 TFSI e Quattro Avant,Audi A6 55 TFSI e Quattro Avant,2020-–,assets/vehicles/audi/car-00570/,assets/vehicles/_quick/car-00570-1.webp,assets/vehicles/_quick/car-00570-2.webp,,,,content/articles/audi/car-00570.md,no
904b668e0dea696171dd11f9eabba5f828fc9c7c,car-00571,excel,car,Audi,,,A6,C8,55 TFSI Quattro,Audi A6 55 TFSI Quattro,2019-–,assets/vehicles/audi/car-00571/,assets/vehicles/_quick/car-00571-1.webp,assets/vehicles/_quick/car-00571-2.webp,,,,content/articles/audi/car-00571.md,no
23fab06c35ea7d79fa2e7bd11ae8a69d77640981,car-00572,excel,car,Audi,,,A6,C8,55 TFSI Quattro Avant,Audi A6 55 TFSI Quattro Avant,2019-–,assets/vehicles/audi/car-00572/,assets/vehicles/_quick/car-00572-1.webp,assets/vehicles/_quick/car-00572-2.webp,,,,content/articles/audi/car-00572.md,no
642ee3271e8281a0e3b0542d8690473ab4aad7e2,car-00573,excel,car,Audi,,,A7,C8,RS Performance,Audi A7 RS Performance,2022-–,assets/vehicles/audi/car-00573/,assets/vehicles/_quick/car-00573-1.webp,assets/vehicles/_quick/car-00573-2.webp,,,,content/articles/audi/car-00573.md,no
d0ee1b5ed9229b883d6d6fc78f6f215fb72f0765,car-00574,excel,car,Audi,,,Coupé,B3,2.0 E 20v,Audi Coupé 2.0 E 20v,1989-1991–,assets/vehicles/audi/car-00574/,assets/vehicles/_quick/car-00574-1.webp,assets/vehicles/_quick/car-00574-2.webp,,,,content/articles/audi/car-00574.md,no
c47bb0402a32673c9618997a0591da05d2382e43,car-00575,excel,car,Audi,,,Coupé,B3,2.0 E 20v Quattro,Audi Coupé 2.0 E 20v Quattro,1990-1991–,assets/vehicles/audi/car-00575/,assets/vehicles/_quick/car-00575-1.webp,assets/vehicles/_quick/car-00575-2.webp,,,,content/articles/audi/car-00575.md,no
97d6c404981bb5144e56a34c714c719098cdd589,car-00576,excel,car,Audi,,,Coupé,B3,2.2 E Quattro,Audi Coupé 2.2 E Quattro,1988-1990–,assets/vehicles/audi/car-00576/,assets/vehicles/_quick/car-00576-1.webp,assets/vehicles/_quick/car-00576-2.webp,,,,content/articles/audi/car-00576.md,no
18e77d66c92b57c2fcabfce6dc64d7734424bd3d,car-00577,excel,car,Audi,,,Coupé,B3,2.3 E,Audi Coupé 2.3 E,1988-1994–,assets/vehicles/audi/car-00577/,assets/vehicles/_quick/car-00577-1.webp,assets/vehicles/_quick/car-00577-2.webp,,,,content/articles/audi/car-00577.md,no
71a4d3b75d0d8bafd8bf19bd3ba08e16ba8822c3,car-00578,excel,car,Audi,,,Coupé,B3,2.3 E 20v,Audi Coupé 2.3 E 20v,1988-1991–,assets/vehicles/audi/car-00578/,assets/vehicles/_quick/car-00578-1.webp,assets/vehicles/_quick/car-00578-2.webp,,,,content/articles/audi/car-00578.md,no
abab2abaeccf827d563e09cc2f9778e3da2685c2,car-00579,excel,car,Audi,,,Coupé,B3,2.3 E 20v Quattro,Audi Coupé 2.3 E 20v Quattro,1988-1991–,assets/vehicles/audi/car-00579/,assets/vehicles/_quick/car-00579-1.webp,assets/vehicles/_quick/car-00579-2.webp,,,,content/articles/audi/car-00579.md,no
5d3050d666b00b7ea0efb664e04d36e919d648f4,car-00580,excel,car,Audi,,,Coupé,B3,2.3 E Quattro,Audi Coupé 2.3 E Quattro,1989-1996–,assets/vehicles/audi/car-00580/,assets/vehicles/_quick/car-00580-1.webp,assets/vehicles/_quick/car-00580-2.webp,,,,content/articles/audi/car-00580.md,no
43f8ecd4df3ba67ba13138b23da2e0f8c037a977,car-00581,excel,car,Audi,,,Q3,8U,RSQ3,Audi Q3 RSQ3,2015-2016–,assets/vehicles/audi/car-00581/,assets/vehicles/_quick/car-00581-1.webp,assets/vehicles/_quick/car-00581-2.webp,,,,content/articles/audi/car-00581.md,no
255621c3686230b07a49edf7427c111da36be010,car-00582,excel,car,Audi,,,Q5,8R,3.2 FSi,Audi Q5 3.2 FSi,2009-2012–,assets/vehicles/audi/car-00582/,assets/vehicles/_quick/car-00582-1.webp,assets/vehicles/_quick/car-00582-2.webp,,,,content/articles/audi/car-00582.md,no
0416fe8b8465f75c8053dd7ccdef506f96a0d030,car-00583,excel,car,Audi,,,Q5,8R,SQ5 TFSi,Audi Q5 SQ5 TFSi,2013-2017–,assets/vehicles/audi/car-00583/,assets/vehicles/_quick/car-00583-1.webp,assets/vehicles/_quick/car-00583-2.webp,,,,content/articles/audi/car-00583.md,no
b8ca854fef664d403ccefad6cc5ce715b2c60000,car-00584,excel,car,Audi,,,R8,Gen 1,GT,Audi R8 GT,2010-2011–,assets/vehicles/audi/car-00584/,assets/vehicles/_quick/car-00584-1.webp,assets/vehicles/_quick/car-00584-2.webp,,,,content/articles/audi/car-00584.md,no
473df112ea9156e103d90c61939b97d5329d52b1,car-00585,excel,car,Audi,,,R8,Gen 1,LMX,Audi R8 LMX,2014-2015–,assets/vehicles/audi/car-00585/,assets/vehicles/_quick/car-00585-1.webp,assets/vehicles/_quick/car-00585-2.webp,,,,content/articles/audi/car-00585.md,no
cad1029bb96f48c96705a2bb8eace8dc89e7d106,car-00586,excel,car,Audi,,,R8,Gen 1,Spyder GT,Audi R8 Spyder GT,2011-2012–,assets/vehicles/audi/car-00586/,assets/vehicles/_quick/car-00586-1.webp,assets/vehicles/_quick/car-00586-2.webp,,,,content/articles/audi/car-00586.md,no
5307b18f1e0b46653be0452eedf7486a12fd0523,car-00587,excel,car,Audi,,,R8,Gen 1,Spyder V10 5.2 FSI,Audi R8 Spyder V10 5.2 FSI,2009-2015–,assets/vehicles/audi/car-00587/,assets/vehicles/_quick/car-00587-1.webp,assets/vehicles/_quick/car-00587-2.webp,,,,content/articles/audi/car-00587.md,no
8e0fe889612fb250856d1fb511251d15e00feb2f,car-00588,excel,car,Audi,,,R8,Gen 1,Spyder V10 5.2 FSI R Tronic,Audi R8 Spyder V10 5.2 FSI R Tronic,2009-2012–,assets/vehicles/audi/car-00588/,assets/vehicles/_quick/car-00588-1.webp,assets/vehicles/_quick/car-00588-2.webp,,,,content/articles/audi/car-00588.md,no
973b94e17ae556736e617de140d22d905112c4fd,car-00589,excel,car,Audi,,,R8,Gen 1,Spyder V10 5.2 FSI S Tronic,Audi R8 Spyder V10 5.2 FSI S Tronic,2012-2015–,assets/vehicles/audi/car-00589/,assets/vehicles/_quick/car-00589-1.webp,assets/vehicles/_quick/car-00589-2.webp,,,,content/articles/audi/car-00589.md,no
23f4aca2a86135c33c52a482cc167c9bf63142d0,car-00590,excel,car,Audi,,,R8,Gen 1,Spyder V8 4.2,Audi R8 Spyder V8 4.2,2010-2015–,assets/vehicles/audi/car-00590/,assets/vehicles/_quick/car-00590-1.webp,assets/vehicles/_quick/car-00590-2.webp,,,,content/articles/audi/car-00590.md,no
5f5f7d097fb7a07c479f70ff650d8a365a1fa701,car-00591,excel,car,Audi,,,R8,Gen 1,Spyder V8 4.2 R Tronic,Audi R8 Spyder V8 4.2 R Tronic,2010-2012–,assets/vehicles/audi/car-00591/,assets/vehicles/_quick/car-00591-1.webp,assets/vehicles/_quick/car-00591-2.webp,,,,content/articles/audi/car-00591.md,no
a60ab81a02389799c4b4420b258d2e7edf5afb49,car-00592,excel,car,Audi,,,R8,Gen 1,Spyder V8 4.2 S Tronic,Audi R8 Spyder V8 4.2 S Tronic,2012-2015–,assets/vehicles/audi/car-00592/,assets/vehicles/_quick/car-00592-1.webp,assets/vehicles/_quick/car-00592-2.webp,,,,content/articles/audi/car-00592.md,no
5c162522be56f8c345e7aba2833472272c765cb0,car-00593,excel,car,Audi,,,R8,Gen 1,V10 5.2 FSI,Audi R8 V10 5.2 FSI,2009-2015–,assets/vehicles/audi/car-00593/,assets/vehicles/_quick/car-00593-1.webp,assets/vehicles/_quick/car-00593-2.webp,,,,content/articles/audi/car-00593.md,no
99e3f9076a5db0e8a01338a7a381614dcbe49fc9,car-00594,excel,car,Audi,,,R8,Gen 1,V10 5.2 FSI R Tronic,Audi R8 V10 5.2 FSI R Tronic,2009-2012–,assets/vehicles/audi/car-00594/,assets/vehicles/_quick/car-00594-1.webp,assets/vehicles/_quick/car-00594-2.webp,,,,content/articles/audi/car-00594.md,no
2c58bdafa1312ded4b371a0aae18c133c874c976,car-00595,excel,car,Audi,,,R8,Gen 1,V10 5.2 FSI S Tronic,Audi R8 V10 5.2 FSI S Tronic,2012-2015–,assets/vehicles/audi/car-00595/,assets/vehicles/_quick/car-00595-1.webp,assets/vehicles/_quick/car-00595-2.webp,,,,content/articles/audi/car-00595.md,no
94d092c5ea2877371a7e16d9ba79af1570fbbb9e,car-00596,excel,car,Audi,,,R8,Gen 1,V10 Plus,Audi R8 V10 Plus,2012-2015–,assets/vehicles/audi/car-00596/,assets/vehicles/_quick/car-00596-1.webp,assets/vehicles/_quick/car-00596-2.webp,,,,content/articles/audi/car-00596.md,no
c6531acdee0f56750694d0eb01fd5deeda063a65,car-00597,excel,car,Audi,,,R8,Gen 1,V10 Plus S Tronic,Audi R8 V10 Plus S Tronic,2012-2015–,assets/vehicles/audi/car-00597/,assets/vehicles/_quick/car-00597-1.webp,assets/vehicles/_quick/car-00597-2.webp,,,,content/articles/audi/car-00597.md,no
a268d6f5f3540e44282af135dc13e0bcf224d82e,car-00598,excel,car,Audi,,,R8,Gen 1,V8 4.2,Audi R8 V8 4.2,2010-2015–,assets/vehicles/audi/car-00598/,assets/vehicles/_quick/car-00598-1.webp,assets/vehicles/_quick/car-00598-2.webp,,,,content/articles/audi/car-00598.md,no
c7b64b5a242949a011f84c56d129804bab963460,car-00599,excel,car,Audi,,,R8,Gen 1,V8 4.2,Audi R8 V8 4.2,2007-2010–,assets/vehicles/audi/car-00599/,assets/vehicles/_quick/car-00599-1.webp,assets/vehicles/_quick/car-00599-2.webp,,,,content/articles/audi/car-00599.md,no
40f374c50721cacd464f195721b22098abcba0be,car-00600,excel,car,Audi,,,R8,Gen 1,V8 4.2 R Tronic,Audi R8 V8 4.2 R Tronic,2010-2012–,assets/vehicles/audi/car-00600/,assets/vehicles/_quick/car-00600-1.webp,assets/vehicles/_quick/car-00600-2.webp,,,,content/articles/audi/car-00600.md,no
b70757bdafff1dbb0ebbe65f7f4164b5c817fbae,car-00601,excel,car,Audi,,,R8,Gen 1,V8 4.2 R Tronic,Audi R8 V8 4.2 R Tronic,2007-2010–,assets/vehicles/audi/car-00601/,assets/vehicles/_quick/car-00601-1.webp,assets/vehicles/_quick/car-00601-2.webp,,,,content/articles/audi/car-00601.md,no
3e50bbaf8b8be964faaf37978b55bc3ded93fed8,car-00602,excel,car,Audi,,,R8,Gen 1,V8 4.2 S Tronic,Audi R8 V8 4.2 S Tronic,2012-2015–,assets/vehicles/audi/car-00602/,assets/vehicles/_quick/car-00602-1.webp,assets/vehicles/_quick/car-00602-2.webp,,,,content/articles/audi/car-00602.md,no
9aa6a414e2e20d3ab3fa05cca85a264d67c5b0ba,car-00603,excel,car,Audi,,,RS2,Gen 1,-,Audi RS2,1994-1996–,assets/vehicles/audi/car-00603/,assets/vehicles/_quick/car-00603-1.webp,assets/vehicles/_quick/car-00603-2.webp,,,,content/articles/audi/car-00603.md,no
e28aac6d7fbf8ce4c62752931c995ce0261c00dd,car-00604,excel,car,Audi,,,A3,8PA2,RS3 Sportback,Audi A3 RS3 Sportback,2011–2012,assets/vehicles/audi/car-00604/,assets/vehicles/_quick/car-00604-1.webp,assets/vehicles/_quick/car-00604-2.webp,,,,content/articles/audi/car-00604.md,no
5cbdbf8caa4b942418a1f26a97523a6f3e6662c0,car-00605,excel,car,Audi,,,A3,8L,S3 210,Audi A3 S3 210,1999–2001,assets/vehicles/audi/car-00605/,assets/vehicles/_quick/car-00605-1.webp,assets/vehicles/_quick/car-00605-2.webp,,,,content/articles/audi/car-00605.md,no
2bb2fdeb5765a678537e720ae5846cf5a76c05cc,car-00606,excel,car,Audi,,,A3,8L,S3 225,Audi A3 S3 225,2001–2003,assets/vehicles/audi/car-00606/,assets/vehicles/_quick/car-00606-1.webp,assets/vehicles/_quick/car-00606-2.webp,,,,content/articles/audi/car-00606.md,no
5d96bf0f586d6c380470262f2286b5b29802de8c,car-00607,excel,car,Audi,,,A3,8P2,S3,Audi A3 S3,2006–2008,assets/vehicles/audi/car-00607/,assets/vehicles/_quick/car-00607-1.webp,assets/vehicles/_quick/car-00607-2.webp,,,,content/articles/audi/car-00607.md,no
b6dec5021757408fa9657eb1615c53985bd33440,car-00608,excel,car,Audi,,,A6,C7,S6 berlina 4.0 TFSI quattro S-Tronic,Audi A6 S6 berlina 4.0 TFSI quattro S-Tronic,2012–2014,assets/vehicles/audi/car-00608/,assets/vehicles/_quick/car-00608-1.webp,assets/vehicles/_quick/car-00608-2.webp,,,,content/articles/audi/car-00608.md,no
5e6c337275344d771d82bd7bbac0ae4592aeb187,car-00609,excel,car,Audi,,,TT,8N,1.8T,Audi TT 1.8T,1998-2005–,assets/vehicles/audi/car-00609/,assets/vehicles/_quick/car-00609-1.webp,assets/vehicles/_quick/car-00609-2.webp,,,,content/articles/audi/car-00609.md,no
aa18521899bff4d9a6ae36eedf2d055ea12ce711,car-00610,excel,car,Audi,,,TT,8N,1.8T Quattro,Audi TT 1.8T Quattro,1998-2005–,assets/vehicles/audi/car-00610/,assets/vehicles/_quick/car-00610-1.webp,assets/vehicles/_quick/car-00610-2.webp,,,,content/articles/audi/car-00610.md,no
b3514dc8c64f7abd7a9d6c3389697cbafbe0bd75,car-00611,excel,car,Audi,,,TT,8N,1.8T Quattro,Audi TT 1.8T Quattro,1998-2006–,assets/vehicles/audi/car-00611/,assets/vehicles/_quick/car-00611-1.webp,assets/vehicles/_quick/car-00611-2.webp,,,,content/articles/audi/car-00611.md,no
b28f6a8dc5d07b6446c7c0c22dfbc24960cc45af,car-00612,excel,car,Audi,,,TT,8N,1.8T Quattro Sport,Audi TT 1.8T Quattro Sport,2005-2006–,assets/vehicles/audi/car-00612/,assets/vehicles/_quick/car-00612-1.webp,assets/vehicles/_quick/car-00612-2.webp,,,,content/articles/audi/car-00612.md,no
40b8de358c6758800d9b10b0cf42eb5e8746601c,car-00613,excel,car,Audi,,,TT,8N,3.2,Audi TT 3.2,2004-2006–,assets/vehicles/audi/car-00613/,assets/vehicles/_quick/car-00613-1.webp,assets/vehicles/_quick/car-00613-2.webp,,,,content/articles/audi/car-00613.md,no
5d1de3dc70f296c9757c4b2b2a0ef7fdec93a647,car-00614,excel,car,Audi,,,TT,8N,3.2 DSG,Audi TT 3.2 DSG,2003-2006–,assets/vehicles/audi/car-00614/,assets/vehicles/_quick/car-00614-1.webp,assets/vehicles/_quick/car-00614-2.webp,,,,content/articles/audi/car-00614.md,no
95ea46c629675fdb00c1c554278bfdf9b10836f4,car-00615,excel,car,Audi,,,TT,8N,Roadster 1.8T,Audi TT Roadster 1.8T,1999-2005–,assets/vehicles/audi/car-00615/,assets/vehicles/_quick/car-00615-1.webp,assets/vehicles/_quick/car-00615-2.webp,,,,content/articles/audi/car-00615.md,no
0147354f6ca51b5e1b9bf8883514087358f6bce5,car-00616,excel,car,Audi,,,TT,8N,Roadster 1.8T,Audi TT Roadster 1.8T,2002-2005–,assets/vehicles/audi/car-00616/,assets/vehicles/_quick/car-00616-1.webp,assets/vehicles/_quick/car-00616-2.webp,,,,content/articles/audi/car-00616.md,no
b264d5129f4590e9aa0d49887607b86d1fef18ba,car-00617,excel,car,Audi,,,TT,8N,Roadster 1.8T Quattro,Audi TT Roadster 1.8T Quattro,1999-2006–,assets/vehicles/audi/car-00617/,assets/vehicles/_quick/car-00617-1.webp,assets/vehicles/_quick/car-00617-2.webp,,,,content/articles/audi/car-00617.md,no
2fc4f4df89e7eb5b39af893c4d4567815ac99a1b,car-00618,excel,car,Audi,,,TT,8N,Roadster 3.2,Audi TT Roadster 3.2,2003-2006–,assets/vehicles/audi/car-00618/,assets/vehicles/_quick/car-00618-1.webp,assets/vehicles/_quick/car-00618-2.webp,,,,content/articles/audi/car-00618.md,no
e113fd0e1fa3c3298fb1cd0aa9c2ff07a9653097,car-00619,excel,car,Audi,,,TT,8N,Roadster 3.2 DSG,Audi TT Roadster 3.2 DSG,2003-2006–,assets/vehicles/audi/car-00619/,assets/vehicles/_quick/car-00619-1.webp,assets/vehicles/_quick/car-00619-2.webp,,,,content/articles/audi/car-00619.md,no
d817f52b7b6ee9f4ed09a71376d5fb1940105a55,car-00620,excel,car,Bentley,,,Continental,Gen 1,T,Bentley Continental T,1998-1999–,assets/vehicles/bentley/car-00620/,assets/vehicles/_quick/car-00620-1.webp,assets/vehicles/_quick/car-00620-2.webp,,,,content/articles/bentley/car-00620.md,no
efc38a87f993f449ab2db71477d2ab421876c57d,car-00621,excel,car,BMW,,,New Six,E3,2.8 L,BMW New Six 2.8 L,1975-1977–,assets/vehicles/bmw/car-00621/,assets/vehicles/_quick/car-00621-1.webp,assets/vehicles/_quick/car-00621-2.webp,,,,content/articles/bmw/car-00621.md,no
f657677f5683719ce44e0c0782feccbecffd1d9c,car-00622,excel,car,BMW,,,New Six,E3,2500,BMW New Six 2500,1968-1977–,assets/vehicles/bmw/car-00622/,assets/vehicles/_quick/car-00622-1.webp,assets/vehicles/_quick/car-00622-2.webp,,,,content/articles/bmw/car-00622.md,no
7ca3c1a872d796a54fb9708b5cfea8e6778860f6,car-00623,excel,car,BMW,,,New Six,E3,2800,BMW New Six 2800,1968-1974–,assets/vehicles/bmw/car-00623/,assets/vehicles/_quick/car-00623-1.webp,assets/vehicles/_quick/car-00623-2.webp,,,,content/articles/bmw/car-00623.md,no
91cc863abe6366863144b20bf45dcdd039804366,car-00624,excel,car,BMW,,,New Six,E3,3.0 L,BMW New Six 3.0 L,1975-1977–,assets/vehicles/bmw/car-00624/,assets/vehicles/_quick/car-00624-1.webp,assets/vehicles/_quick/car-00624-2.webp,,,,content/articles/bmw/car-00624.md,no
4847beef8d7ecdcb5a12e7f175eec8f27ebbb506,car-00625,excel,car,BMW,,,New Six,E3,3.0 S,BMW New Six 3.0 S,1971-1976–,assets/vehicles/bmw/car-00625/,assets/vehicles/_quick/car-00625-1.webp,assets/vehicles/_quick/car-00625-2.webp,,,,content/articles/bmw/car-00625.md,no
cb47f2db14562fb20798f30d2d1d028fc85b9c25,car-00626,excel,car,BMW,,,New Six,E3,3.0 Si,BMW New Six 3.0 Si,1971-1975–,assets/vehicles/bmw/car-00626/,assets/vehicles/_quick/car-00626-1.webp,assets/vehicles/_quick/car-00626-2.webp,,,,content/articles/bmw/car-00626.md,no
cb9cea9dbeb86d3b9e9873e4699e1cd257ed4f4c,car-00627,excel,car,BMW,,,New Six,E3,3.0 Si,BMW New Six 3.0 Si,1975-1977–,assets/vehicles/bmw/car-00627/,assets/vehicles/_quick/car-00627-1.webp,assets/vehicles/_quick/car-00627-2.webp,,,,content/articles/bmw/car-00627.md,no
e28a6ae49dfc7a5d68732c5f2b540b303b382910,car-00628,excel,car,BMW,,,New Six,E3,3.3 Li,BMW New Six 3.3 Li,1975-1977–,assets/vehicles/bmw/car-00628/,assets/vehicles/_quick/car-00628-1.webp,assets/vehicles/_quick/car-00628-2.webp,,,,content/articles/bmw/car-00628.md,no
e75fdc4ece71f4c69e5700d5250a1ee2220e69f1,car-00629,excel,car,BMW,,,E9 Coupé,E9,2.5 CS,BMW E9 Coupé 2.5 CS,1974-1976–,assets/vehicles/bmw/car-00629/,assets/vehicles/_quick/car-00629-1.webp,assets/vehicles/_quick/car-00629-2.webp,,,,content/articles/bmw/car-00629.md,no
723bd6df716507ac30d2f7040a72b12b2476a99d,car-00630,excel,car,BMW,,,E9 Coupé,E9,2800 CS,BMW E9 Coupé 2800 CS,1968-1972–,assets/vehicles/bmw/car-00630/,assets/vehicles/_quick/car-00630-1.webp,assets/vehicles/_quick/car-00630-2.webp,,,,content/articles/bmw/car-00630.md,no
d934c72697649074a3609c5d94c9087739d9997f,car-00631,excel,car,BMW,,,E9 Coupé,E9,3.0 CS,BMW E9 Coupé 3.0 CS,1971-1976–,assets/vehicles/bmw/car-00631/,assets/vehicles/_quick/car-00631-1.webp,assets/vehicles/_quick/car-00631-2.webp,,,,content/articles/bmw/car-00631.md,no
5638835a370698c8219865380086b2f21442cb15,car-00632,excel,car,BMW,,,E9 Coupé,E9,3.0 CSi,BMW E9 Coupé 3.0 CSi,1972-1976–,assets/vehicles/bmw/car-00632/,assets/vehicles/_quick/car-00632-1.webp,assets/vehicles/_quick/car-00632-2.webp,,,,content/articles/bmw/car-00632.md,no
150f47fe6e4f40a889717104814dd3a8bcc96da5,car-00633,excel,car,BMW,,,E9 Coupé,E9,3.0 CSL,BMW E9 Coupé 3.0 CSL,1973-1975–,assets/vehicles/bmw/car-00633/,assets/vehicles/_quick/car-00633-1.webp,assets/vehicles/_quick/car-00633-2.webp,,,,content/articles/bmw/car-00633.md,no
85fd27368b2c5779ec3a86da201294923fb71fd1,car-00634,excel,car,BMW,,,E9 Coupé,E9,3.0 CSL,BMW E9 Coupé 3.0 CSL,1972-1973–,assets/vehicles/bmw/car-00634/,assets/vehicles/_quick/car-00634-1.webp,assets/vehicles/_quick/car-00634-2.webp,,,,content/articles/bmw/car-00634.md,no
e822affbdd9a0399785782bef6b5401464ef2bbc,car-00635,excel,car,BMW,,,Serie 02,E10,1500,BMW Serie 02 1500,1962-1964–,assets/vehicles/bmw/car-00635/,assets/vehicles/_quick/car-00635-1.webp,assets/vehicles/_quick/car-00635-2.webp,,,,content/articles/bmw/car-00635.md,no
c199c8fbf631f6cc91a3ed536cf4fb8d2d7156cb,car-00636,excel,car,BMW,,,Serie 02,E10,1502,BMW Serie 02 1502,1974-1977–,assets/vehicles/bmw/car-00636/,assets/vehicles/_quick/car-00636-1.webp,assets/vehicles/_quick/car-00636-2.webp,,,,content/articles/bmw/car-00636.md,no
30bee51c0626ba15f456a43b4ffcee1a87264fb8,car-00637,excel,car,BMW,,,Serie 02,E10,1600,BMW Serie 02 1600,1964-1966–,assets/vehicles/bmw/car-00637/,assets/vehicles/_quick/car-00637-1.webp,assets/vehicles/_quick/car-00637-2.webp,,,,content/articles/bmw/car-00637.md,no
b80973501a85d01faa72548643d6e102eefe1281,car-00638,excel,car,BMW,,,Serie 02,E10,1600 ti,BMW Serie 02 1600 ti,1967-1968–,assets/vehicles/bmw/car-00638/,assets/vehicles/_quick/car-00638-1.webp,assets/vehicles/_quick/car-00638-2.webp,,,,content/articles/bmw/car-00638.md,no
710ca54aeaea088438fe4cbafbcd4085f2195e59,car-00639,excel,car,BMW,,,Serie 02,E10,1602,BMW Serie 02 1602,1966-1975–,assets/vehicles/bmw/car-00639/,assets/vehicles/_quick/car-00639-1.webp,assets/vehicles/_quick/car-00639-2.webp,,,,content/articles/bmw/car-00639.md,no
5fcd55107e17e4216eb34e40abd54922d9cd4590,car-00640,excel,car,BMW,,,Serie 02,E10,1800,BMW Serie 02 1800,1963-1968–,assets/vehicles/bmw/car-00640/,assets/vehicles/_quick/car-00640-1.webp,assets/vehicles/_quick/car-00640-2.webp,,,,content/articles/bmw/car-00640.md,no
5a2d4a720084104148c1675b572cb63eb57ff402,car-00641,excel,car,BMW,,,Serie 02,E10,1800 TI,BMW Serie 02 1800 TI,1964-1967–,assets/vehicles/bmw/car-00641/,assets/vehicles/_quick/car-00641-1.webp,assets/vehicles/_quick/car-00641-2.webp,,,,content/articles/bmw/car-00641.md,no
1128ca27ed6393dc44d4377872b34bcfd7b22241,car-00642,excel,car,BMW,,,Serie 02,E10,1800 Ti/SA,BMW Serie 02 1800 Ti/SA,1965-1965–,assets/vehicles/bmw/car-00642/,assets/vehicles/_quick/car-00642-1.webp,assets/vehicles/_quick/car-00642-2.webp,,,,content/articles/bmw/car-00642.md,no
a2adf7c95a9248fb1390476f644523a2dbbebf33,car-00643,excel,car,BMW,,,Serie 02,E10,1802,BMW Serie 02 1802,1971-1973–,assets/vehicles/bmw/car-00643/,assets/vehicles/_quick/car-00643-1.webp,assets/vehicles/_quick/car-00643-2.webp,,,,content/articles/bmw/car-00643.md,no
837ac9ebd0f7fa9fc14d0d949d4b513af2cf6b45,car-00644,excel,car,BMW,,,Serie 02,E10,2000,BMW Serie 02 2000,1966-1972–,assets/vehicles/bmw/car-00644/,assets/vehicles/_quick/car-00644-1.webp,assets/vehicles/_quick/car-00644-2.webp,,,,content/articles/bmw/car-00644.md,no
097b146b0558875e0f1e9254c340200e76ca98e8,car-00645,excel,car,BMW,,,Serie 02,E10,2000 C,BMW Serie 02 2000 C,1967-1968–,assets/vehicles/bmw/car-00645/,assets/vehicles/_quick/car-00645-1.webp,assets/vehicles/_quick/car-00645-2.webp,,,,content/articles/bmw/car-00645.md,no
6164a4ef459cc4e42a602ea4b525309d6cc415c8,car-00646,excel,car,BMW,,,Serie 02,E10,2000 CS,BMW Serie 02 2000 CS,1965-1970–,assets/vehicles/bmw/car-00646/,assets/vehicles/_quick/car-00646-1.webp,assets/vehicles/_quick/car-00646-2.webp,,,,content/articles/bmw/car-00646.md,no
ee955b7bdecf9e9847852ed8cb7b35f9e145d7ce,car-00647,excel,car,BMW,,,Serie 02,E10,2000 TI,BMW Serie 02 2000 TI,1966-1970–,assets/vehicles/bmw/car-00647/,assets/vehicles/_quick/car-00647-1.webp,assets/vehicles/_quick/car-00647-2.webp,,,,content/articles/bmw/car-00647.md,no
9276c3eacd4b1c12bbd2e4845c110a9545ffdad0,car-00648,excel,car,BMW,,,Serie 02,E10,2002,BMW Serie 02 2002,1968-1975–,assets/vehicles/bmw/car-00648/,assets/vehicles/_quick/car-00648-1.webp,assets/vehicles/_quick/car-00648-2.webp,,,,content/articles/bmw/car-00648.md,no
59b09b1488cb43687f067649ebff0947fe7b9512,car-00649,excel,car,BMW,,,Serie 02,E10,2002 ti,BMW Serie 02 2002 ti,1968-1971–,assets/vehicles/bmw/car-00649/,assets/vehicles/_quick/car-00649-1.webp,assets/vehicles/_quick/car-00649-2.webp,,,,content/articles/bmw/car-00649.md,no
af8c10a49831a02ecfe51018cf148acde36b2380,car-00650,excel,car,BMW,,,Serie 02,E10,2002 tii,BMW Serie 02 2002 tii,1971-1975–,assets/vehicles/bmw/car-00650/,assets/vehicles/_quick/car-00650-1.webp,assets/vehicles/_quick/car-00650-2.webp,,,,content/articles/bmw/car-00650.md,no
4f0e46059dfeb270085a135af9b0553277df0203,car-00651,excel,car,BMW,,,Serie 02,E20,2002 Turbo,BMW Serie 02 2002 Turbo,1973-1975–,assets/vehicles/bmw/car-00651/,assets/vehicles/_quick/car-00651-1.webp,assets/vehicles/_quick/car-00651-2.webp,,,,content/articles/bmw/car-00651.md,no
c1f2d559021575706bcd35b441b8f8259e4919a8,car-00652,excel,car,BMW,,,Serie 1,E82,120d,BMW Serie 1 120d,2007-2013–,assets/vehicles/bmw/car-00652/,assets/vehicles/_quick/car-00652-1.webp,assets/vehicles/_quick/car-00652-2.webp,,,,content/articles/bmw/car-00652.md,no
89b4f029c0c7bb8c7c183dc226510a31032d74af,car-00653,excel,car,BMW,,,Serie 1,E82,120dA,BMW Serie 1 120dA,2004-2007–,assets/vehicles/bmw/car-00653/,assets/vehicles/_quick/car-00653-1.webp,assets/vehicles/_quick/car-00653-2.webp,,,,content/articles/bmw/car-00653.md,no
c6c94ff50d22129fdbd2b94d5a898c70ab40e9c2,car-00654,excel,car,BMW,,,Serie 1,E82,120i,BMW Serie 1 120i,2009–2013,assets/vehicles/bmw/car-00654/,assets/vehicles/_quick/car-00654-1.webp,assets/vehicles/_quick/car-00654-2.webp,,,,content/articles/bmw/car-00654.md,no
3b6d30e4cba91e093cc442655386ea01176626c5,car-00655,excel,car,BMW,,,Serie 1,E82,123d,BMW Serie 1 123d,2007-2013–,assets/vehicles/bmw/car-00655/,assets/vehicles/_quick/car-00655-1.webp,assets/vehicles/_quick/car-00655-2.webp,,,,content/articles/bmw/car-00655.md,no
3d397a1327bb9e4ca8e916c4d735119db0683cf7,car-00656,excel,car,BMW,,,Serie 1,E82,125i,BMW Serie 1 125i,2008–2011,assets/vehicles/bmw/car-00656/,assets/vehicles/_quick/car-00656-1.webp,assets/vehicles/_quick/car-00656-2.webp,,,,content/articles/bmw/car-00656.md,no
93faf1acea6dc4aa0b8221fd1ec1614121ab8173,car-00657,excel,car,BMW,,,Serie 1,E82,135i,BMW Serie 1 135i,2007-2010–,assets/vehicles/bmw/car-00657/,assets/vehicles/_quick/car-00657-1.webp,assets/vehicles/_quick/car-00657-2.webp,,,,content/articles/bmw/car-00657.md,no
e624e65ce6f46bf8637cf6c346be78034921596a,car-00658,excel,car,BMW,,,Serie 1,E82,135i Performance,BMW Serie 1 135i Performance,2009-2010–,assets/vehicles/bmw/car-00658/,assets/vehicles/_quick/car-00658-1.webp,assets/vehicles/_quick/car-00658-2.webp,,,,content/articles/bmw/car-00658.md,no
824972dd2c04a178a4a1c5f0367b4f25c9daab60,car-00659,excel,car,BMW,,,Serie 1,E82,135i Steptronic,BMW Serie 1 135i Steptronic,2007-2010–,assets/vehicles/bmw/car-00659/,assets/vehicles/_quick/car-00659-1.webp,assets/vehicles/_quick/car-00659-2.webp,,,,content/articles/bmw/car-00659.md,no
e8ce6409a69d0a1e6fb027c7bc08d2bf80a36d2c,car-00660,excel,car,BMW,,,Serie 1,E82,1M,BMW Serie 1 1M,2011-2012–,assets/vehicles/bmw/car-00660/,assets/vehicles/_quick/car-00660-1.webp,assets/vehicles/_quick/car-00660-2.webp,,,,content/articles/bmw/car-00660.md,no
16dbeea6766d2b4ada919bd18d2b6bb5771b15ae,car-00661,excel,car,BMW,,,Serie 1,E87,116d,BMW Serie 1 116d,2009-2012–,assets/vehicles/bmw/car-00661/,assets/vehicles/_quick/car-00661-1.webp,assets/vehicles/_quick/car-00661-2.webp,,,,content/articles/bmw/car-00661.md,no
ab98120dfa940728e8df97758410ef2254eba22a,car-00662,excel,car,BMW,,,Serie 1,E87,116i,BMW Serie 1 116i,2004-2007–,assets/vehicles/bmw/car-00662/,assets/vehicles/_quick/car-00662-1.webp,assets/vehicles/_quick/car-00662-2.webp,,,,content/articles/bmw/car-00662.md,no
67eafecde6a01742f97fde6dff4bfd020eced2bf,car-00663,excel,car,BMW,,,Serie 1,E87,116i,BMW Serie 1 116i,2008-2011–,assets/vehicles/bmw/car-00663/,assets/vehicles/_quick/car-00663-1.webp,assets/vehicles/_quick/car-00663-2.webp,,,,content/articles/bmw/car-00663.md,no
31313fcd55835568a324abc3104fea008c2f8595,car-00664,excel,car,BMW,,,Serie 1,E87,118d,BMW Serie 1 118d,2007-2011–,assets/vehicles/bmw/car-00664/,assets/vehicles/_quick/car-00664-1.webp,assets/vehicles/_quick/car-00664-2.webp,,,,content/articles/bmw/car-00664.md,no
090e6909c0d191759fb86643f04823d37a16f60f,car-00665,excel,car,BMW,,,Serie 1,E87,118d,BMW Serie 1 118d,2004-2007–,assets/vehicles/bmw/car-00665/,assets/vehicles/_quick/car-00665-1.webp,assets/vehicles/_quick/car-00665-2.webp,,,,content/articles/bmw/car-00665.md,no
976612db2762a50d7c2bc6cce4337c2edb671da7,car-00666,excel,car,BMW,,,Serie 1,E87,118i,BMW Serie 1 118i,2007-2011–,assets/vehicles/bmw/car-00666/,assets/vehicles/_quick/car-00666-1.webp,assets/vehicles/_quick/car-00666-2.webp,,,,content/articles/bmw/car-00666.md,no
b2ce2639e74f981d11f3a6fda4a0b9479d214a5c,car-00667,excel,car,BMW,,,Serie 1,E87,118i,BMW Serie 1 118i,2005-2007–,assets/vehicles/bmw/car-00667/,assets/vehicles/_quick/car-00667-1.webp,assets/vehicles/_quick/car-00667-2.webp,,,,content/articles/bmw/car-00667.md,no
329261bdb8e01802a12a925362a9d38354c4d6a5,car-00668,excel,car,BMW,,,Serie 1,E87,120d,BMW Serie 1 120d,2004-2007–,assets/vehicles/bmw/car-00668/,assets/vehicles/_quick/car-00668-1.webp,assets/vehicles/_quick/car-00668-2.webp,,,,content/articles/bmw/car-00668.md,no
dc80a5a971aae6a95a59f6d9ba1fcdb9a41d12f1,car-00669,excel,car,BMW,,,Serie 1,E87,120d,BMW Serie 1 120d,2007-2011–,assets/vehicles/bmw/car-00669/,assets/vehicles/_quick/car-00669-1.webp,assets/vehicles/_quick/car-00669-2.webp,,,,content/articles/bmw/car-00669.md,no
c618056da1c5b3765af915b06310cfa237552c82,car-00670,excel,car,BMW,,,Serie 1,E87,120i,BMW Serie 1 120i,2007-2011–,assets/vehicles/bmw/car-00670/,assets/vehicles/_quick/car-00670-1.webp,assets/vehicles/_quick/car-00670-2.webp,,,,content/articles/bmw/car-00670.md,no
e6422d7cf6fb2fb64aba8e6a7a1b1cd3698eb07e,car-00671,excel,car,BMW,,,Serie 1,E87,120i,BMW Serie 1 120i,2004-2007–,assets/vehicles/bmw/car-00671/,assets/vehicles/_quick/car-00671-1.webp,assets/vehicles/_quick/car-00671-2.webp,,,,content/articles/bmw/car-00671.md,no
6ff939584d1c693c56d3b754da3cf98ea061a783,car-00672,excel,car,BMW,,,Serie 1,E87,123d,BMW Serie 1 123d,2007-2011–,assets/vehicles/bmw/car-00672/,assets/vehicles/_quick/car-00672-1.webp,assets/vehicles/_quick/car-00672-2.webp,,,,content/articles/bmw/car-00672.md,no
cff10d827db4c1923b747c96492d45129ba6b80b,car-00673,excel,car,BMW,,,Serie 1,E87,123dA,BMW Serie 1 123dA,2007-2011–,assets/vehicles/bmw/car-00673/,assets/vehicles/_quick/car-00673-1.webp,assets/vehicles/_quick/car-00673-2.webp,,,,content/articles/bmw/car-00673.md,no
25b60e6cdcd240d5cf4dbf5fa7b1a14b9c2312e5,car-00674,excel,car,BMW,,,Serie 1,E87,130i,BMW Serie 1 130i,2005–2009,assets/vehicles/bmw/car-00674/,assets/vehicles/_quick/car-00674-1.webp,assets/vehicles/_quick/car-00674-2.webp,,,,content/articles/bmw/car-00674.md,no
d4f8c2438b25cda28665920eb786ae9c0fe45a0a,car-00675,excel,car,BMW,,,Serie 1,E87,130i,BMW Serie 1 130i,2009-2011–,assets/vehicles/bmw/car-00675/,assets/vehicles/_quick/car-00675-1.webp,assets/vehicles/_quick/car-00675-2.webp,,,,content/articles/bmw/car-00675.md,no
6e5e760d0f3dc800ae56443a4c13ba0afcadcd5b,car-00676,excel,car,BMW,,,Serie 1,E88,118i Cab,BMW Serie 1 118i Cab,2008-2013–,assets/vehicles/bmw/car-00676/,assets/vehicles/_quick/car-00676-1.webp,assets/vehicles/_quick/car-00676-2.webp,,,,content/articles/bmw/car-00676.md,no
1828cded54193ed3e3495c951ed3cc4d3f18d269,car-00677,excel,car,BMW,,,Serie 1,E88,120d Cab,BMW Serie 1 120d Cab,2008-2013–,assets/vehicles/bmw/car-00677/,assets/vehicles/_quick/car-00677-1.webp,assets/vehicles/_quick/car-00677-2.webp,,,,content/articles/bmw/car-00677.md,no
61b8e82b52a17feba626ce142d288edeb5215ad9,car-00678,excel,car,BMW,,,Serie 1,E88,120i Cab,BMW Serie 1 120i Cab,2008-2013–,assets/vehicles/bmw/car-00678/,assets/vehicles/_quick/car-00678-1.webp,assets/vehicles/_quick/car-00678-2.webp,,,,content/articles/bmw/car-00678.md,no
c0694eb0418aa966ccc686225bef0bd811dd6d28,car-00679,excel,car,BMW,,,Serie 1,E88,125i Cab,BMW Serie 1 125i Cab,2008-2013–,assets/vehicles/bmw/car-00679/,assets/vehicles/_quick/car-00679-1.webp,assets/vehicles/_quick/car-00679-2.webp,,,,content/articles/bmw/car-00679.md,no
2fe132646d625506628dc816f4a41e5cb173d1db,car-00680,excel,car,BMW,,,Serie 1,E88,135i Cab,BMW Serie 1 135i Cab,2007-2010–,assets/vehicles/bmw/car-00680/,assets/vehicles/_quick/car-00680-1.webp,assets/vehicles/_quick/car-00680-2.webp,,,,content/articles/bmw/car-00680.md,no
12b79113696ea2cc608abe0bb16e869a70f1d11a,car-00681,excel,car,BMW,,,Serie 1,E88,135i Cab DKG,BMW Serie 1 135i Cab DKG,2010-2013–,assets/vehicles/bmw/car-00681/,assets/vehicles/_quick/car-00681-1.webp,assets/vehicles/_quick/car-00681-2.webp,,,,content/articles/bmw/car-00681.md,no
3dc3028ec0d9f07977291cbf60cf72d77ace6f7d,car-00682,excel,car,BMW,,,Serie 1,E88,135i DKG,BMW Serie 1 135i DKG,2010-2013–,assets/vehicles/bmw/car-00682/,assets/vehicles/_quick/car-00682-1.webp,assets/vehicles/_quick/car-00682-2.webp,,,,content/articles/bmw/car-00682.md,no
a12effee1a93dd35cdb61390ae045e4bbb7f7e3c,car-00683,excel,car,BMW,,,Serie 1,F20,114d,BMW Serie 1 114d,2013-2015–,assets/vehicles/bmw/car-00683/,assets/vehicles/_quick/car-00683-1.webp,assets/vehicles/_quick/car-00683-2.webp,,,,content/articles/bmw/car-00683.md,no
b5647de94e2240743701a448cab9332b6ed07a63,car-00684,excel,car,BMW,,,Serie 1,F20,114i,BMW Serie 1 114i,2012–2015,assets/vehicles/bmw/car-00684/,assets/vehicles/_quick/car-00684-1.webp,assets/vehicles/_quick/car-00684-2.webp,,,,content/articles/bmw/car-00684.md,no
9e364afb9dac6eb7bc286ff6c4d23f43b9a85459,car-00685,excel,car,BMW,,,Serie 1,F20,116d,BMW Serie 1 116d,2015-2019–,assets/vehicles/bmw/car-00685/,assets/vehicles/_quick/car-00685-1.webp,assets/vehicles/_quick/car-00685-2.webp,,,,content/articles/bmw/car-00685.md,no
687bccc1e7531f4348978bf889ba45b8683aae64,car-00686,excel,car,BMW,,,Serie 1,F20,116d 2.0,BMW Serie 1 116d 2.0,2011-2015–,assets/vehicles/bmw/car-00686/,assets/vehicles/_quick/car-00686-1.webp,assets/vehicles/_quick/car-00686-2.webp,,,,content/articles/bmw/car-00686.md,no
0c13370ac80ede6c9f682e99e4a17fc2eba42b27,car-00687,excel,car,BMW,,,Serie 1,F20,116d E.D.,BMW Serie 1 116d E.D.,2012-2015–,assets/vehicles/bmw/car-00687/,assets/vehicles/_quick/car-00687-1.webp,assets/vehicles/_quick/car-00687-2.webp,,,,content/articles/bmw/car-00687.md,no
2ae4e56ab0da3a2b774638221677fc38d88697a4,car-00688,excel,car,BMW,,,Serie 1,F20,116d Steptronic,BMW Serie 1 116d Steptronic,2015-2019–,assets/vehicles/bmw/car-00688/,assets/vehicles/_quick/car-00688-1.webp,assets/vehicles/_quick/car-00688-2.webp,,,,content/articles/bmw/car-00688.md,no
18ee9c1de538a73bd492af12627877f60f26db0f,car-00689,excel,car,BMW,,,Serie 1,F20,116i,BMW Serie 1 116i,2011–2015,assets/vehicles/bmw/car-00689/,assets/vehicles/_quick/car-00689-1.webp,assets/vehicles/_quick/car-00689-2.webp,,,,content/articles/bmw/car-00689.md,no
632615285c55e2a7da25fb83041c4c4236e62587,car-00690,excel,car,BMW,,,Serie 1,F20,116i,BMW Serie 1 116i,2015-2019–,assets/vehicles/bmw/car-00690/,assets/vehicles/_quick/car-00690-1.webp,assets/vehicles/_quick/car-00690-2.webp,,,,content/articles/bmw/car-00690.md,no
df46b928d4fadc4b1c3782425d78152d781f18cb,car-00691,excel,car,BMW,,,Serie 1,F20,116i Steptronic,BMW Serie 1 116i Steptronic,2011-2015–,assets/vehicles/bmw/car-00691/,assets/vehicles/_quick/car-00691-1.webp,assets/vehicles/_quick/car-00691-2.webp,,,,content/articles/bmw/car-00691.md,no
365aadbd379c41ca776bc7b06d1ccc7851203e9c,car-00692,excel,car,BMW,,,Serie 1,F20,118d,BMW Serie 1 118d,2015-2019–,assets/vehicles/bmw/car-00692/,assets/vehicles/_quick/car-00692-1.webp,assets/vehicles/_quick/car-00692-2.webp,,,,content/articles/bmw/car-00692.md,no
81529dec6a1e76b2632e7f316803ba085723a7fc,car-00693,excel,car,BMW,,,Serie 1,F20,118d,BMW Serie 1 118d,2011-2015–,assets/vehicles/bmw/car-00693/,assets/vehicles/_quick/car-00693-1.webp,assets/vehicles/_quick/car-00693-2.webp,,,,content/articles/bmw/car-00693.md,no
680a013564f373944f0761fb3391acc345769f16,car-00694,excel,car,BMW,,,Serie 1,F20,118dA,BMW Serie 1 118dA,2015-2019–,assets/vehicles/bmw/car-00694/,assets/vehicles/_quick/car-00694-1.webp,assets/vehicles/_quick/car-00694-2.webp,,,,content/articles/bmw/car-00694.md,no
96afb0cf0f7cf4d4d829b15ee37de2a5434533ab,car-00695,excel,car,BMW,,,Serie 1,F20,118dA,BMW Serie 1 118dA,2011-2015–,assets/vehicles/bmw/car-00695/,assets/vehicles/_quick/car-00695-1.webp,assets/vehicles/_quick/car-00695-2.webp,,,,content/articles/bmw/car-00695.md,no
ebdb25ed25b4c269eddf1e71c9a684182f26a0df,car-00696,excel,car,BMW,,,Serie 1,F20,118i,BMW Serie 1 118i,2011–2015,assets/vehicles/bmw/car-00696/,assets/vehicles/_quick/car-00696-1.webp,assets/vehicles/_quick/car-00696-2.webp,,,,content/articles/bmw/car-00696.md,no
a294e236f8954484f5d324bd9a2bdb22dcf5c5ea,car-00697,excel,car,BMW,,,Serie 1,F20,118i,BMW Serie 1 118i,2015-2019–,assets/vehicles/bmw/car-00697/,assets/vehicles/_quick/car-00697-1.webp,assets/vehicles/_quick/car-00697-2.webp,,,,content/articles/bmw/car-00697.md,no
0b7e8d2a1465be1d8035b2365880f85fc1805c5f,car-00698,excel,car,BMW,,,Serie 1,F20,118i Steptronic,BMW Serie 1 118i Steptronic,2011–2015,assets/vehicles/bmw/car-00698/,assets/vehicles/_quick/car-00698-1.webp,assets/vehicles/_quick/car-00698-2.webp,,,,content/articles/bmw/car-00698.md,no
4f51290550f6b8d0efade7267979759fda824ed5,car-00699,excel,car,BMW,,,Serie 1,F20,118iA,BMW Serie 1 118iA,2015-2019–,assets/vehicles/bmw/car-00699/,assets/vehicles/_quick/car-00699-1.webp,assets/vehicles/_quick/car-00699-2.webp,,,,content/articles/bmw/car-00699.md,no
18609d5a7899bd70cea9b962d628dcf87b35dd59,car-00700,excel,car,BMW,,,Serie 1,F20,120d xDrive,BMW Serie 1 120d xDrive,2011-2015–,assets/vehicles/bmw/car-00700/,assets/vehicles/_quick/car-00700-1.webp,assets/vehicles/_quick/car-00700-2.webp,,,,content/articles/bmw/car-00700.md,no
31a8e8a226ff6e5c578334dc00544590be8b5be4,car-00701,excel,car,BMW,,,Serie 1,F20,120dA,BMW Serie 1 120dA,2015-2019–,assets/vehicles/bmw/car-00701/,assets/vehicles/_quick/car-00701-1.webp,assets/vehicles/_quick/car-00701-2.webp,,,,content/articles/bmw/car-00701.md,no
0f41db22645d23da558a4e35380054167f572618,car-00702,excel,car,BMW,,,Serie 1,F20,120dA,BMW Serie 1 120dA,2011-2015–,assets/vehicles/bmw/car-00702/,assets/vehicles/_quick/car-00702-1.webp,assets/vehicles/_quick/car-00702-2.webp,,,,content/articles/bmw/car-00702.md,no
d3cc352f71622b2c5a9c9f3dccb8560ce883adf5,car-00703,excel,car,BMW,,,Serie 1,F20,120iA,BMW Serie 1 120iA,2015-2016–,assets/vehicles/bmw/car-00703/,assets/vehicles/_quick/car-00703-1.webp,assets/vehicles/_quick/car-00703-2.webp,,,,content/articles/bmw/car-00703.md,no
49fec4796a62844952c50a9c87af139f29228d9b,car-00704,excel,car,BMW,,,Serie 1,F20,120iA,BMW Serie 1 120iA,2016-2019–,assets/vehicles/bmw/car-00704/,assets/vehicles/_quick/car-00704-1.webp,assets/vehicles/_quick/car-00704-2.webp,,,,content/articles/bmw/car-00704.md,no
797ec57380ef30bf078066cdd18b7430954ef3f4,car-00705,excel,car,BMW,,,Serie 1,F20,125d,BMW Serie 1 125d,2015-2019–,assets/vehicles/bmw/car-00705/,assets/vehicles/_quick/car-00705-1.webp,assets/vehicles/_quick/car-00705-2.webp,,,,content/articles/bmw/car-00705.md,no
f60d28788a16c3175eec3621a4382624291da59d,car-00706,excel,car,BMW,,,Serie 1,F20,125dA,BMW Serie 1 125dA,2012-2015–,assets/vehicles/bmw/car-00706/,assets/vehicles/_quick/car-00706-1.webp,assets/vehicles/_quick/car-00706-2.webp,,,,content/articles/bmw/car-00706.md,no
1fa74b175f99ca5a3eb46ecb7a8515b18d45babf,car-00707,excel,car,BMW,,,Serie 1,F20,125iA,BMW Serie 1 125iA,2012-2016–,assets/vehicles/bmw/car-00707/,assets/vehicles/_quick/car-00707-1.webp,assets/vehicles/_quick/car-00707-2.webp,,,,content/articles/bmw/car-00707.md,no
5615946ef404cfd492f31ead232c82c947182772,car-00708,excel,car,BMW,,,Serie 1,F20,125iA,BMW Serie 1 125iA,2016-2019–,assets/vehicles/bmw/car-00708/,assets/vehicles/_quick/car-00708-1.webp,assets/vehicles/_quick/car-00708-2.webp,,,,content/articles/bmw/car-00708.md,no
b3c42380828c7e610aa812d749b5645b66ee94ce,car-00709,excel,car,BMW,,,Serie 1,F20,M135i,BMW Serie 1 M135i,2012-2015–,assets/vehicles/bmw/car-00709/,assets/vehicles/_quick/car-00709-1.webp,assets/vehicles/_quick/car-00709-2.webp,,,,content/articles/bmw/car-00709.md,no
8df81dc9e150b4412c2f8a35ff410e345d3c39c0,car-00710,excel,car,BMW,,,Serie 1,F20,M135i Steptronic,BMW Serie 1 M135i Steptronic,2015-2016–,assets/vehicles/bmw/car-00710/,assets/vehicles/_quick/car-00710-1.webp,assets/vehicles/_quick/car-00710-2.webp,,,,content/articles/bmw/car-00710.md,no
8f99611f562af9d64f85f537ef024a3cd0242480,car-00711,excel,car,BMW,,,Serie 1,F20,M135i Steptronic,BMW Serie 1 M135i Steptronic,2012-2015–,assets/vehicles/bmw/car-00711/,assets/vehicles/_quick/car-00711-1.webp,assets/vehicles/_quick/car-00711-2.webp,,,,content/articles/bmw/car-00711.md,no
846ba6f6b6ddab69a07e22ebdb4c966d03d6b0ad,car-00712,excel,car,BMW,,,Serie 1,F20,M135i xDrive,BMW Serie 1 M135i xDrive,2012-2015–,assets/vehicles/bmw/car-00712/,assets/vehicles/_quick/car-00712-1.webp,assets/vehicles/_quick/car-00712-2.webp,,,,content/articles/bmw/car-00712.md,no
217cdfb99e72f8867e2793889d70d1578fcc95b4,car-00713,excel,car,BMW,,,Serie 1,F20,M140i Steptronic,BMW Serie 1 M140i Steptronic,2016–2019,assets/vehicles/bmw/car-00713/,assets/vehicles/_quick/car-00713-1.webp,assets/vehicles/_quick/car-00713-2.webp,,,,content/articles/bmw/car-00713.md,no
ac43c05398032194e6f5d14149004aba53e351dd,car-00714,excel,car,BMW,,,Serie 1,F20,M140i xDrive,BMW Serie 1 M140i xDrive,2016–2019,assets/vehicles/bmw/car-00714/,assets/vehicles/_quick/car-00714-1.webp,assets/vehicles/_quick/car-00714-2.webp,,,,content/articles/bmw/car-00714.md,no
4384eb67c83c6bab703a90bc99da2b20342b5864,car-00715,excel,car,BMW,,,Serie 1,F40,116d,BMW Serie 1 116d,2019-–,assets/vehicles/bmw/car-00715/,assets/vehicles/_quick/car-00715-1.webp,assets/vehicles/_quick/car-00715-2.webp,,,,content/articles/bmw/car-00715.md,no
d2057d1e26abcb5f2a9d02f0b74cd028d9e7f90b,car-00716,excel,car,BMW,,,Serie 1,F40,116d Auto,BMW Serie 1 116d Auto,2019-–,assets/vehicles/bmw/car-00716/,assets/vehicles/_quick/car-00716-1.webp,assets/vehicles/_quick/car-00716-2.webp,,,,content/articles/bmw/car-00716.md,no
e72158f5ec25a0ece02520dd785f423ea7e9d0c2,car-00717,excel,car,BMW,,,Serie 1,F40,116i,BMW Serie 1 116i,2020-–,assets/vehicles/bmw/car-00717/,assets/vehicles/_quick/car-00717-1.webp,assets/vehicles/_quick/car-00717-2.webp,,,,content/articles/bmw/car-00717.md,no
ba7d7f35ddf16b405f8b0f445e9240843a1f5137,car-00718,excel,car,BMW,,,Serie 1,F40,116iA,BMW Serie 1 116iA,2020-–,assets/vehicles/bmw/car-00718/,assets/vehicles/_quick/car-00718-1.webp,assets/vehicles/_quick/car-00718-2.webp,,,,content/articles/bmw/car-00718.md,no
a2a1c903f641222c3035ed20492c6079579dc7fb,car-00719,excel,car,BMW,,,Serie 1,F40,118dA,BMW Serie 1 118dA,2019-–,assets/vehicles/bmw/car-00719/,assets/vehicles/_quick/car-00719-1.webp,assets/vehicles/_quick/car-00719-2.webp,,,,content/articles/bmw/car-00719.md,no
e28516c64483382ca52b24ff2a8378e474aef607,car-00720,excel,car,BMW,,,Serie 1,F40,118i,BMW Serie 1 118i,2019-–,assets/vehicles/bmw/car-00720/,assets/vehicles/_quick/car-00720-1.webp,assets/vehicles/_quick/car-00720-2.webp,,,,content/articles/bmw/car-00720.md,no
e28516c64483382ca52b24ff2a8378e474aef607,car-00721,excel,car,BMW,,,Serie 1,F40,118i,BMW Serie 1 118i,2019-–,assets/vehicles/bmw/car-00721/,assets/vehicles/_quick/car-00721-1.webp,assets/vehicles/_quick/car-00721-2.webp,,,,content/articles/bmw/car-00721.md,no
de23aece79d407a86a6634dc5e01f467c0eccc9d,car-00722,excel,car,BMW,,,Serie 1,F40,118iA,BMW Serie 1 118iA,2019-2020–,assets/vehicles/bmw/car-00722/,assets/vehicles/_quick/car-00722-1.webp,assets/vehicles/_quick/car-00722-2.webp,,,,content/articles/bmw/car-00722.md,no
893b2093469902f7bc7bdc3b916c7a0a35ad89bd,car-00723,excel,car,BMW,,,Serie 1,F40,118iA,BMW Serie 1 118iA,2020-–,assets/vehicles/bmw/car-00723/,assets/vehicles/_quick/car-00723-1.webp,assets/vehicles/_quick/car-00723-2.webp,,,,content/articles/bmw/car-00723.md,no
c0dbc918ab1ac7e5092ed0b8ea3369a4e1613733,car-00724,excel,car,BMW,,,Serie 1,F40,120d,BMW Serie 1 120d,2020-–,assets/vehicles/bmw/car-00724/,assets/vehicles/_quick/car-00724-1.webp,assets/vehicles/_quick/car-00724-2.webp,,,,content/articles/bmw/car-00724.md,no
45a7638dc15f1328a91cbba5e32f60e2a1222284,car-00725,excel,car,BMW,,,Serie 1,F40,120d xDrive,BMW Serie 1 120d xDrive,2019-–,assets/vehicles/bmw/car-00725/,assets/vehicles/_quick/car-00725-1.webp,assets/vehicles/_quick/car-00725-2.webp,,,,content/articles/bmw/car-00725.md,no
d3f8b9bc0786ba1485f4e0588205206a30a1dc1e,car-00726,excel,car,BMW,,,Serie 1,F40,128ti,BMW Serie 1 128ti,2020-–,assets/vehicles/bmw/car-00726/,assets/vehicles/_quick/car-00726-1.webp,assets/vehicles/_quick/car-00726-2.webp,,,,content/articles/bmw/car-00726.md,no
3d8dbab590b076f1c61dc89d526cc695e5cc9cfe,car-00727,excel,car,BMW,,,Serie 1,F40,M135i xDrive,BMW Serie 1 M135i xDrive,2019-–,assets/vehicles/bmw/car-00727/,assets/vehicles/_quick/car-00727-1.webp,assets/vehicles/_quick/car-00727-2.webp,,,,content/articles/bmw/car-00727.md,no
697bf795fbf8a4b91d43e8c759f4c0fcdb5be001,car-00728,excel,car,BMW,,,Neue Klasse,Gen 1,1500,BMW Neue Klasse 1500,1962–1964,assets/vehicles/bmw/car-00728/,assets/vehicles/_quick/car-00728-1.webp,assets/vehicles/_quick/car-00728-2.webp,,,,content/articles/bmw/car-00728.md,no
4aa02969bbf7eb9b9bbe530e00dc54076fa7344e,car-00729,excel,car,BMW,,,Neue Klasse,Gen 1,1600,BMW Neue Klasse 1600,1964–1966,assets/vehicles/bmw/car-00729/,assets/vehicles/_quick/car-00729-1.webp,assets/vehicles/_quick/car-00729-2.webp,,,,content/articles/bmw/car-00729.md,no
dfec56f2c484e95dc6be2b72328578e4d30f0efc,car-00730,excel,car,BMW,,,Neue Klasse,Gen 1,1600 GT,BMW Neue Klasse 1600 GT,1967–1968,assets/vehicles/bmw/car-00730/,assets/vehicles/_quick/car-00730-1.webp,assets/vehicles/_quick/car-00730-2.webp,,,,content/articles/bmw/car-00730.md,no
aaa520e36f21cc037d7b85b2e118133ef356cbb5,car-00731,excel,car,BMW,,,Neue Klasse,Gen 1,1600 ti,BMW Neue Klasse 1600 ti,1967–1968,assets/vehicles/bmw/car-00731/,assets/vehicles/_quick/car-00731-1.webp,assets/vehicles/_quick/car-00731-2.webp,,,,content/articles/bmw/car-00731.md,no
e2970398b15add59f9f45232f98578c313f8a252,car-00732,excel,car,BMW,,,Serie 2,F22,220d,BMW Serie 2 220d,2014-2020–,assets/vehicles/bmw/car-00732/,assets/vehicles/_quick/car-00732-1.webp,assets/vehicles/_quick/car-00732-2.webp,,,,content/articles/bmw/car-00732.md,no
9283baa31696663dc2ba3d8cf9f1c9f1dbbc168d,car-00733,excel,car,BMW,,,Serie 2,F22,220d,BMW Serie 2 220d,2013-2014–,assets/vehicles/bmw/car-00733/,assets/vehicles/_quick/car-00733-1.webp,assets/vehicles/_quick/car-00733-2.webp,,,,content/articles/bmw/car-00733.md,no
ea9118d8f6fd729d529990d78318442b3bcf161a,car-00734,excel,car,BMW,,,Serie 2,F22,220d Cabrio,BMW Serie 2 220d Cabrio,2014-2020–,assets/vehicles/bmw/car-00734/,assets/vehicles/_quick/car-00734-1.webp,assets/vehicles/_quick/car-00734-2.webp,,,,content/articles/bmw/car-00734.md,no
b6adb472349f02e939f556b19a19e0da04cd94f6,car-00735,excel,car,BMW,,,Serie 2,F22,220dA,BMW Serie 2 220dA,2014-2020–,assets/vehicles/bmw/car-00735/,assets/vehicles/_quick/car-00735-1.webp,assets/vehicles/_quick/car-00735-2.webp,,,,content/articles/bmw/car-00735.md,no
771e587b48e209870b3c76aebbf0201315ab4d19,car-00736,excel,car,BMW,,,Serie 2,F22,220dA,BMW Serie 2 220dA,2013-2014–,assets/vehicles/bmw/car-00736/,assets/vehicles/_quick/car-00736-1.webp,assets/vehicles/_quick/car-00736-2.webp,,,,content/articles/bmw/car-00736.md,no
6f303d9d655ba61e7f33c3813326b77f589ea6f5,car-00737,excel,car,BMW,,,Serie 2,F22,220dA Cabrio,BMW Serie 2 220dA Cabrio,2014-2020–,assets/vehicles/bmw/car-00737/,assets/vehicles/_quick/car-00737-1.webp,assets/vehicles/_quick/car-00737-2.webp,,,,content/articles/bmw/car-00737.md,no
282f10a9c7e081146498533ccea0056a682f15c9,car-00738,excel,car,BMW,,,Serie 2,F22,220i,BMW Serie 2 220i,2013-2016–,assets/vehicles/bmw/car-00738/,assets/vehicles/_quick/car-00738-1.webp,assets/vehicles/_quick/car-00738-2.webp,,,,content/articles/bmw/car-00738.md,no
41205f08268434ca4c2cf174721d54db87c32929,car-00739,excel,car,BMW,,,Serie 2,F22,220iA,BMW Serie 2 220iA,2016-2021–,assets/vehicles/bmw/car-00739/,assets/vehicles/_quick/car-00739-1.webp,assets/vehicles/_quick/car-00739-2.webp,,,,content/articles/bmw/car-00739.md,no
ba1e4d3fa49a88b2df4249876c67a0c8b8d8803f,car-00740,excel,car,BMW,,,Serie 2,F22,228iA,BMW Serie 2 228iA,2014-2016–,assets/vehicles/bmw/car-00740/,assets/vehicles/_quick/car-00740-1.webp,assets/vehicles/_quick/car-00740-2.webp,,,,content/articles/bmw/car-00740.md,no
2ecf25cf378f8933a7255b024f839f28cd945c1c,car-00741,excel,car,BMW,,,Serie 2,F22,228iA Cab,BMW Serie 2 228iA Cab,2014-2016–,assets/vehicles/bmw/car-00741/,assets/vehicles/_quick/car-00741-1.webp,assets/vehicles/_quick/car-00741-2.webp,,,,content/articles/bmw/car-00741.md,no
6ae47ee0f6e009299c1fdbb04ac024e36d240c50,car-00742,excel,car,BMW,,,Serie 2,F22,230i,BMW Serie 2 230i,2016-2021–,assets/vehicles/bmw/car-00742/,assets/vehicles/_quick/car-00742-1.webp,assets/vehicles/_quick/car-00742-2.webp,,,,content/articles/bmw/car-00742.md,no
74c7a5044501ec971522ca7132c439088b4be679,car-00743,excel,car,BMW,,,Serie 2,F22,230iA,BMW Serie 2 230iA,2016-2021–,assets/vehicles/bmw/car-00743/,assets/vehicles/_quick/car-00743-1.webp,assets/vehicles/_quick/car-00743-2.webp,,,,content/articles/bmw/car-00743.md,no
bc21a2d464860372db3d9c1b37d0c211931152fb,car-00744,excel,car,BMW,,,Serie 2,F22,M235i,BMW Serie 2 M235i,2013-2016–,assets/vehicles/bmw/car-00744/,assets/vehicles/_quick/car-00744-1.webp,assets/vehicles/_quick/car-00744-2.webp,,,,content/articles/bmw/car-00744.md,no
213aefbf1b7df0be1445c9a6baeeea4e1b2ff023,car-00745,excel,car,BMW,,,Serie 2,F22,M240i Cab Steptronic,BMW Serie 2 M240i Cab Steptronic,2016-2021–,assets/vehicles/bmw/car-00745/,assets/vehicles/_quick/car-00745-1.webp,assets/vehicles/_quick/car-00745-2.webp,,,,content/articles/bmw/car-00745.md,no
1d53a73a523b0dacaaefd0c096d408b7619b122c,car-00746,excel,car,BMW,,,Serie 2,F22,M240i Steptronic,BMW Serie 2 M240i Steptronic,2016-2021–,assets/vehicles/bmw/car-00746/,assets/vehicles/_quick/car-00746-1.webp,assets/vehicles/_quick/car-00746-2.webp,,,,content/articles/bmw/car-00746.md,no
53b4b6a702428a96bde9aee88f46ac8bf66e5923,car-00747,excel,car,BMW,,,Serie 2,F22,M240i xDrive,BMW Serie 2 M240i xDrive,2016-2021–,assets/vehicles/bmw/car-00747/,assets/vehicles/_quick/car-00747-1.webp,assets/vehicles/_quick/car-00747-2.webp,,,,content/articles/bmw/car-00747.md,no
db69b3ada2c4a7868310813fc0057ec895b27976,car-00748,excel,car,BMW,,,Serie 2,F23,220iA Cabrio,BMW Serie 2 220iA Cabrio,2013-2016–,assets/vehicles/bmw/car-00748/,assets/vehicles/_quick/car-00748-1.webp,assets/vehicles/_quick/car-00748-2.webp,,,,content/articles/bmw/car-00748.md,no
1a713109183ec9136f5f35685cb2006e27faf428,car-00749,excel,car,BMW,,,Serie 2,F44,218iA Gran Coupé,BMW Serie 2 218iA Gran Coupé,2020-–,assets/vehicles/bmw/car-00749/,assets/vehicles/_quick/car-00749-1.webp,assets/vehicles/_quick/car-00749-2.webp,,,,content/articles/bmw/car-00749.md,no
557b35492e3c8b613ec4dff3216679fc09be30ba,car-00750,excel,car,BMW,,,Serie 2,F44,220d Gran Coupé,BMW Serie 2 220d Gran Coupé,2020-–,assets/vehicles/bmw/car-00750/,assets/vehicles/_quick/car-00750-1.webp,assets/vehicles/_quick/car-00750-2.webp,,,,content/articles/bmw/car-00750.md,no
ab55f956f7f8476fb9c4ef58c79248d427f9e175,car-00751,excel,car,BMW,,,Serie 2,F44,220d Gran Coupé xDrive,BMW Serie 2 220d Gran Coupé xDrive,2020-–,assets/vehicles/bmw/car-00751/,assets/vehicles/_quick/car-00751-1.webp,assets/vehicles/_quick/car-00751-2.webp,,,,content/articles/bmw/car-00751.md,no
1fa5b9c4812aaaf2ae9bcf279f72c426be1a23f7,car-00752,excel,car,BMW,,,Serie 2,F44,228i Gran Coupé xDrive,BMW Serie 2 228i Gran Coupé xDrive,2020-–,assets/vehicles/bmw/car-00752/,assets/vehicles/_quick/car-00752-1.webp,assets/vehicles/_quick/car-00752-2.webp,,,,content/articles/bmw/car-00752.md,no
cef7c0792c594431d6d8005915b98f89233ec66e,car-00753,excel,car,BMW,,,Serie 2,F45,216dA Active Tourer,BMW Serie 2 216dA Active Tourer,2018-2022–,assets/vehicles/bmw/car-00753/,assets/vehicles/_quick/car-00753-1.webp,assets/vehicles/_quick/car-00753-2.webp,,,,content/articles/bmw/car-00753.md,no
6841507f28eab98323c761a066fd1e379513de68,car-00754,excel,car,BMW,,,Serie 2,F45,218d Active Tourer,BMW Serie 2 218d Active Tourer,2014-2022–,assets/vehicles/bmw/car-00754/,assets/vehicles/_quick/car-00754-1.webp,assets/vehicles/_quick/car-00754-2.webp,,,,content/articles/bmw/car-00754.md,no
e27084327f5059f5ae0177499aab800f82867b59,car-00755,excel,car,BMW,,,Serie 2,F45,218d Active Tourer Steptronic,BMW Serie 2 218d Active Tourer Steptronic,2014-2022–,assets/vehicles/bmw/car-00755/,assets/vehicles/_quick/car-00755-1.webp,assets/vehicles/_quick/car-00755-2.webp,,,,content/articles/bmw/car-00755.md,no
736b74629b738a611a370c32c681993a10ca4fe4,car-00756,excel,car,BMW,,,Serie 2,F45,218d Active Tourer Steptronic xDrive,BMW Serie 2 218d Active Tourer Steptronic xDrive,2014-2022–,assets/vehicles/bmw/car-00756/,assets/vehicles/_quick/car-00756-1.webp,assets/vehicles/_quick/car-00756-2.webp,,,,content/articles/bmw/car-00756.md,no
4443c9d26d88e0a1866c14b6c2659f29a64458e5,car-00757,excel,car,BMW,,,Serie 2,F45,218i Active Tourer,BMW Serie 2 218i Active Tourer,2014-2018–,assets/vehicles/bmw/car-00757/,assets/vehicles/_quick/car-00757-1.webp,assets/vehicles/_quick/car-00757-2.webp,,,,content/articles/bmw/car-00757.md,no
b7a98b28fa8e5eaee74cd481e55d79c4ef43f521,car-00758,excel,car,BMW,,,Serie 2,F45,218i Gran Tourer,BMW Serie 2 218i Gran Tourer,2015-2018–,assets/vehicles/bmw/car-00758/,assets/vehicles/_quick/car-00758-1.webp,assets/vehicles/_quick/car-00758-2.webp,,,,content/articles/bmw/car-00758.md,no
f3cbdd847ae66a9a8a043ac4c21ec01f235c673c,car-00759,excel,car,BMW,,,Serie 2,F45,218iA Active Tourer,BMW Serie 2 218iA Active Tourer,2014-2018–,assets/vehicles/bmw/car-00759/,assets/vehicles/_quick/car-00759-1.webp,assets/vehicles/_quick/car-00759-2.webp,,,,content/articles/bmw/car-00759.md,no
e15396d25ea4c219aedf0eeb38866a97a804a9bd,car-00760,excel,car,BMW,,,Serie 2,F45,218iA Active Tourer,BMW Serie 2 218iA Active Tourer,2018-2022–,assets/vehicles/bmw/car-00760/,assets/vehicles/_quick/car-00760-1.webp,assets/vehicles/_quick/car-00760-2.webp,,,,content/articles/bmw/car-00760.md,no
41b19244b010d1b12a91c4a233d730b1818de49b,car-00761,excel,car,BMW,,,Serie 2,F45,220dA Active Tourer xDrive,BMW Serie 2 220dA Active Tourer xDrive,2014-2022–,assets/vehicles/bmw/car-00761/,assets/vehicles/_quick/car-00761-1.webp,assets/vehicles/_quick/car-00761-2.webp,,,,content/articles/bmw/car-00761.md,no
192900e8a613fe41a47de0772f3ff967ff5de002,car-00762,excel,car,BMW,,,Serie 2,F45,220dA Gran Tourer xDrive,BMW Serie 2 220dA Gran Tourer xDrive,2015-2022–,assets/vehicles/bmw/car-00762/,assets/vehicles/_quick/car-00762-1.webp,assets/vehicles/_quick/car-00762-2.webp,,,,content/articles/bmw/car-00762.md,no
b7cf19612b61db8289ac2361daadccbeac813770,car-00763,excel,car,BMW,,,Serie 2,F45,220iA Active Tourer,BMW Serie 2 220iA Active Tourer,2014-2020–,assets/vehicles/bmw/car-00763/,assets/vehicles/_quick/car-00763-1.webp,assets/vehicles/_quick/car-00763-2.webp,,,,content/articles/bmw/car-00763.md,no
a04350eed4f988a3277ab2aa51b6ded0d4af5365,car-00764,excel,car,BMW,,,Serie 2,F45,225i Active Tourer,BMW Serie 2 225i Active Tourer,2014-2018–,assets/vehicles/bmw/car-00764/,assets/vehicles/_quick/car-00764-1.webp,assets/vehicles/_quick/car-00764-2.webp,,,,content/articles/bmw/car-00764.md,no
5d74dc323d29a8e5318cbdbc1282717da0c16518,car-00765,excel,car,BMW,,,Serie 2,F45,225xe Active Tourer,BMW Serie 2 225xe Active Tourer,2016-2022–,assets/vehicles/bmw/car-00765/,assets/vehicles/_quick/car-00765-1.webp,assets/vehicles/_quick/car-00765-2.webp,,,,content/articles/bmw/car-00765.md,no
377423658f1cf8df24b8bb5384648b2aea6aa687,car-00766,excel,car,BMW,,,Serie 2,F46,216d Gran Tourer,BMW Serie 2 216d Gran Tourer,2015-2022–,assets/vehicles/bmw/car-00766/,assets/vehicles/_quick/car-00766-1.webp,assets/vehicles/_quick/car-00766-2.webp,,,,content/articles/bmw/car-00766.md,no
a4e02c7bc87ae4a42d9c05deefe73a1b59b40316,car-00767,excel,car,BMW,,,Serie 2,F46,218d Gran Tourer,BMW Serie 2 218d Gran Tourer,2015-2022–,assets/vehicles/bmw/car-00767/,assets/vehicles/_quick/car-00767-1.webp,assets/vehicles/_quick/car-00767-2.webp,,,,content/articles/bmw/car-00767.md,no
8b055f450b673b2ebfc7af51dd164c851bd2aa7a,car-00768,excel,car,BMW,,,Serie 2,F46,218d Gran Tourer Steptronic,BMW Serie 2 218d Gran Tourer Steptronic,2015-2022–,assets/vehicles/bmw/car-00768/,assets/vehicles/_quick/car-00768-1.webp,assets/vehicles/_quick/car-00768-2.webp,,,,content/articles/bmw/car-00768.md,no
5d650542643e8f90574ef9b95fac96945c048a12,car-00769,excel,car,BMW,,,Serie 2,F87,CS,BMW Serie 2 CS,2020-2020–,assets/vehicles/bmw/car-00769/,assets/vehicles/_quick/car-00769-1.webp,assets/vehicles/_quick/car-00769-2.webp,,,,content/articles/bmw/car-00769.md,no
380d1ef92adbee895e29b3495f6ddbefa201faf8,car-00770,excel,car,BMW,,,Serie 2,F87,CS DKG,BMW Serie 2 CS DKG,2020-2020–,assets/vehicles/bmw/car-00770/,assets/vehicles/_quick/car-00770-1.webp,assets/vehicles/_quick/car-00770-2.webp,,,,content/articles/bmw/car-00770.md,no
c08847976ea5ab60650e69d43ea462e753b5a379,car-00771,excel,car,BMW,,,Serie 2,F87,M2,BMW Serie 2 M2,2015-2018–,assets/vehicles/bmw/car-00771/,assets/vehicles/_quick/car-00771-1.webp,assets/vehicles/_quick/car-00771-2.webp,,,,content/articles/bmw/car-00771.md,no
93fbf5a00ea2b2fd85419af6b70d6ac42925ae9d,car-00772,excel,car,BMW,,,Serie 2,F87,M2 Competition,BMW Serie 2 M2 Competition,2018-2021–,assets/vehicles/bmw/car-00772/,assets/vehicles/_quick/car-00772-1.webp,assets/vehicles/_quick/car-00772-2.webp,,,,content/articles/bmw/car-00772.md,no
a49c75fd8dab741d8408aea3ec4c2a37cb709045,car-00773,excel,car,BMW,,,Serie 2,F87,M2 Competition DKG,BMW Serie 2 M2 Competition DKG,2018-2021–,assets/vehicles/bmw/car-00773/,assets/vehicles/_quick/car-00773-1.webp,assets/vehicles/_quick/car-00773-2.webp,,,,content/articles/bmw/car-00773.md,no
6fb380644483883ec36f2fe89d1cca413fe0db80,car-00774,excel,car,BMW,,,Serie 2,F87,M2 DKG,BMW Serie 2 M2 DKG,2015-2018–,assets/vehicles/bmw/car-00774/,assets/vehicles/_quick/car-00774-1.webp,assets/vehicles/_quick/car-00774-2.webp,,,,content/articles/bmw/car-00774.md,no
80535a640640558bcb5f594bc91e5a88d3b3930e,car-00775,excel,car,BMW,,,Serie 2,G42,220d Coupé,BMW Serie 2 220d Coupé,2022-–,assets/vehicles/bmw/car-00775/,assets/vehicles/_quick/car-00775-1.webp,assets/vehicles/_quick/car-00775-2.webp,,,,content/articles/bmw/car-00775.md,no
0c34c8ebc621b40e25568079f252a423629ddad1,car-00776,excel,car,BMW,,,Serie 2,G42,220i Coupé,BMW Serie 2 220i Coupé,2022-–,assets/vehicles/bmw/car-00776/,assets/vehicles/_quick/car-00776-1.webp,assets/vehicles/_quick/car-00776-2.webp,,,,content/articles/bmw/car-00776.md,no
a2c0e7242b1145130fe943037a5162339d6941f8,car-00777,excel,car,BMW,,,Serie 2,G42,230i Coupé,BMW Serie 2 230i Coupé,2022-–,assets/vehicles/bmw/car-00777/,assets/vehicles/_quick/car-00777-1.webp,assets/vehicles/_quick/car-00777-2.webp,,,,content/articles/bmw/car-00777.md,no
c34fe015c6da8f9e639cacd3fd8ea0951bc577d5,car-00778,excel,car,BMW,,,Serie 2,G42,M240i,BMW Serie 2 M240i,2022-–,assets/vehicles/bmw/car-00778/,assets/vehicles/_quick/car-00778-1.webp,assets/vehicles/_quick/car-00778-2.webp,,,,content/articles/bmw/car-00778.md,no
fcb5545431a8df3761f394af3cc67371a2f6c2b1,car-00779,excel,car,BMW,,,Serie 2,U06,218d Active Tourer,BMW Serie 2 218d Active Tourer,2022-–,assets/vehicles/bmw/car-00779/,assets/vehicles/_quick/car-00779-1.webp,assets/vehicles/_quick/car-00779-2.webp,,,,content/articles/bmw/car-00779.md,no
ad4f8b0673486d1d2bdd959e5acaaf8cf33003bc,car-00780,excel,car,BMW,,,Serie 2,U06,218i Active Tourer,BMW Serie 2 218i Active Tourer,2022-–,assets/vehicles/bmw/car-00780/,assets/vehicles/_quick/car-00780-1.webp,assets/vehicles/_quick/car-00780-2.webp,,,,content/articles/bmw/car-00780.md,no
7276b6a4f78b70e352e888843cce684fb0925e20,car-00781,excel,car,BMW,,,Serie 2,U06,220i Active Tourer,BMW Serie 2 220i Active Tourer,2022-–,assets/vehicles/bmw/car-00781/,assets/vehicles/_quick/car-00781-1.webp,assets/vehicles/_quick/car-00781-2.webp,,,,content/articles/bmw/car-00781.md,no
40f048706838f387d481e67f56577fab9fb6fa2e,car-00782,excel,car,BMW,,,Serie 2,U06,223d Active Tourer xDrive,BMW Serie 2 223d Active Tourer xDrive,2022-–,assets/vehicles/bmw/car-00782/,assets/vehicles/_quick/car-00782-1.webp,assets/vehicles/_quick/car-00782-2.webp,,,,content/articles/bmw/car-00782.md,no
5b40eea2f69ba57a284d5055045472d14173c0d7,car-00783,excel,car,BMW,,,Serie 2,U06,223i Active Tourer,BMW Serie 2 223i Active Tourer,2022-–,assets/vehicles/bmw/car-00783/,assets/vehicles/_quick/car-00783-1.webp,assets/vehicles/_quick/car-00783-2.webp,,,,content/articles/bmw/car-00783.md,no
8712da8dde20597fa1449a97d0046f711816175d,car-00784,excel,car,BMW,,,Serie 2,U06,223i Active Tourer xDrive,BMW Serie 2 223i Active Tourer xDrive,2022-–,assets/vehicles/bmw/car-00784/,assets/vehicles/_quick/car-00784-1.webp,assets/vehicles/_quick/car-00784-2.webp,,,,content/articles/bmw/car-00784.md,no
77bc4f507cc210f48f22135618bbf319858576b0,car-00785,excel,car,BMW,,,Serie 2,U06,225e Active Tourer xDrive,BMW Serie 2 225e Active Tourer xDrive,2022-–,assets/vehicles/bmw/car-00785/,assets/vehicles/_quick/car-00785-1.webp,assets/vehicles/_quick/car-00785-2.webp,,,,content/articles/bmw/car-00785.md,no
59fce194394e40b91516864b5757c35a92a7bbec,car-00786,excel,car,BMW,,,Serie 2,U06,230e Active Tourer xDrive,BMW Serie 2 230e Active Tourer xDrive,2022-–,assets/vehicles/bmw/car-00786/,assets/vehicles/_quick/car-00786-1.webp,assets/vehicles/_quick/car-00786-2.webp,,,,content/articles/bmw/car-00786.md,no
1f354814e9e3eb457ca972c4fccf214b1246447c,car-00787,excel,car,BMW,,,Serie 3,E21,315,BMW Serie 3 315,1981–1983,assets/vehicles/bmw/car-00787/,assets/vehicles/_quick/car-00787-1.webp,assets/vehicles/_quick/car-00787-2.webp,,,,content/articles/bmw/car-00787.md,no
0cf9ae0eec2a78bd75c486c86ef0db3040e902b7,car-00788,excel,car,BMW,,,Serie 3,E21,316 1.6,BMW Serie 3 316 1.6,1975-1980–,assets/vehicles/bmw/car-00788/,assets/vehicles/_quick/car-00788-1.webp,assets/vehicles/_quick/car-00788-2.webp,,,,content/articles/bmw/car-00788.md,no
a0f92eb9d91613c996bb4d80b8747cf9a1d79591,car-00789,excel,car,BMW,,,Serie 3,E21,316 1.8,BMW Serie 3 316 1.8,1980-1982–,assets/vehicles/bmw/car-00789/,assets/vehicles/_quick/car-00789-1.webp,assets/vehicles/_quick/car-00789-2.webp,,,,content/articles/bmw/car-00789.md,no
8cc93f6d9d521d5699e47a3fa1c5fd300a4b13b3,car-00790,excel,car,BMW,,,Serie 3,E21,318,BMW Serie 3 318,1975-1980–,assets/vehicles/bmw/car-00790/,assets/vehicles/_quick/car-00790-1.webp,assets/vehicles/_quick/car-00790-2.webp,,,,content/articles/bmw/car-00790.md,no
2c3b8b5f1ad418ef07053c4af79f410a9fe53886,car-00791,excel,car,BMW,,,Serie 3,E21,318i,BMW Serie 3 318i,1980-1982–,assets/vehicles/bmw/car-00791/,assets/vehicles/_quick/car-00791-1.webp,assets/vehicles/_quick/car-00791-2.webp,,,,content/articles/bmw/car-00791.md,no
9fbe7091d03082fe485900d871c2a8b7ecf0e369,car-00792,excel,car,BMW,,,Serie 3,E21,320,BMW Serie 3 320,1975-1977–,assets/vehicles/bmw/car-00792/,assets/vehicles/_quick/car-00792-1.webp,assets/vehicles/_quick/car-00792-2.webp,,,,content/articles/bmw/car-00792.md,no
1a1c086431165d80982f41018e3d6e60b7a705fe,car-00793,excel,car,BMW,,,Serie 3,E21,320,BMW Serie 3 320,1977-1982–,assets/vehicles/bmw/car-00793/,assets/vehicles/_quick/car-00793-1.webp,assets/vehicles/_quick/car-00793-2.webp,,,,content/articles/bmw/car-00793.md,no
5e96c071ed9d7cbceb1db29f4a08d47b9f42b84b,car-00794,excel,car,BMW,,,Serie 3,E21,320i,BMW Serie 3 320i,1977-1979–,assets/vehicles/bmw/car-00794/,assets/vehicles/_quick/car-00794-1.webp,assets/vehicles/_quick/car-00794-2.webp,,,,content/articles/bmw/car-00794.md,no
3c8c4e2ed36776b195be7d5e3ba230e29032204e,car-00795,excel,car,BMW,,,Serie 3,E21,320i,BMW Serie 3 320i,1975-1977–,assets/vehicles/bmw/car-00795/,assets/vehicles/_quick/car-00795-1.webp,assets/vehicles/_quick/car-00795-2.webp,,,,content/articles/bmw/car-00795.md,no
5b9ea0c0bb45d3438d5dd6960f039bb52e786d6e,car-00796,excel,car,BMW,,,Serie 3,E21,323i,BMW Serie 3 323i,1977-1979–,assets/vehicles/bmw/car-00796/,assets/vehicles/_quick/car-00796-1.webp,assets/vehicles/_quick/car-00796-2.webp,,,,content/articles/bmw/car-00796.md,no
5b9ea0c0bb45d3438d5dd6960f039bb52e786d6e,car-00797,excel,car,BMW,,,Serie 3,E21,323i,BMW Serie 3 323i,1977-1979–,assets/vehicles/bmw/car-00797/,assets/vehicles/_quick/car-00797-1.webp,assets/vehicles/_quick/car-00797-2.webp,,,,content/articles/bmw/car-00797.md,no
f88111827fbed51bcae69c61331c21360767b685,car-00798,excel,car,BMW,,,Serie 3,E21,323i bv5,BMW Serie 3 323i bv5,1979-1982–,assets/vehicles/bmw/car-00798/,assets/vehicles/_quick/car-00798-1.webp,assets/vehicles/_quick/car-00798-2.webp,,,,content/articles/bmw/car-00798.md,no
c5012fb103f18930b74efbd2f7868bd3985adf99,car-00799,excel,car,BMW,,,Serie 3,E21,323i Hartge RS,BMW Serie 3 323i Hartge RS,1980-1982–,assets/vehicles/bmw/car-00799/,assets/vehicles/_quick/car-00799-1.webp,assets/vehicles/_quick/car-00799-2.webp,,,,content/articles/bmw/car-00799.md,no
699a3a9f5c33e0d442a18c3495be67a136060837,car-00800,excel,car,BMW,,,Serie 3,E21,323i Turbo Schnitzer,BMW Serie 3 323i Turbo Schnitzer,1981-1982–,assets/vehicles/bmw/car-00800/,assets/vehicles/_quick/car-00800-1.webp,assets/vehicles/_quick/car-00800-2.webp,,,,content/articles/bmw/car-00800.md,no
fbf2c6b36c4f00b67d634dfc214a9595eb554c8e,car-00801,excel,car,BMW,,,Serie 3,E30,316,BMW Serie 3 316,1982-1988–,assets/vehicles/bmw/car-00801/,assets/vehicles/_quick/car-00801-1.webp,assets/vehicles/_quick/car-00801-2.webp,,,,content/articles/bmw/car-00801.md,no
e6fb2b97643a99aa7b6bdddb7a48321a38aa6698,car-00802,excel,car,BMW,,,Serie 3,E30,316i,BMW Serie 3 316i,1988-1990–,assets/vehicles/bmw/car-00802/,assets/vehicles/_quick/car-00802-1.webp,assets/vehicles/_quick/car-00802-2.webp,,,,content/articles/bmw/car-00802.md,no
69903fe0b081decdd40055eaf7d1a59baf88c104,car-00803,excel,car,BMW,,,Serie 3,E30,318i,BMW Serie 3 318i,1987-1991–,assets/vehicles/bmw/car-00803/,assets/vehicles/_quick/car-00803-1.webp,assets/vehicles/_quick/car-00803-2.webp,,,,content/articles/bmw/car-00803.md,no
357a4cc2d3d3d8221fb2f72849aba119fc52acc3,car-00804,excel,car,BMW,,,Serie 3,E30,318i bv4,BMW Serie 3 318i bv4,1983-1987–,assets/vehicles/bmw/car-00804/,assets/vehicles/_quick/car-00804-1.webp,assets/vehicles/_quick/car-00804-2.webp,,,,content/articles/bmw/car-00804.md,no
970a1d6b83abbe0384ba0be78c2cb9026eb4759d,car-00805,excel,car,BMW,,,Serie 3,E30,318i bv5,BMW Serie 3 318i bv5,1983-1987–,assets/vehicles/bmw/car-00805/,assets/vehicles/_quick/car-00805-1.webp,assets/vehicles/_quick/car-00805-2.webp,,,,content/articles/bmw/car-00805.md,no
6694cb82cd67e1ecace35e00dab4ab1d4ace5a82,car-00806,excel,car,BMW,,,Serie 3,E30,318i Cabrio,BMW Serie 3 318i Cabrio,1990-1993–,assets/vehicles/bmw/car-00806/,assets/vehicles/_quick/car-00806-1.webp,assets/vehicles/_quick/car-00806-2.webp,,,,content/articles/bmw/car-00806.md,no
e99358b5ed1bdf7927563ce577aad961b78af590,car-00807,excel,car,BMW,,,Serie 3,E30,318iS,BMW Serie 3 318iS,1989-1991–,assets/vehicles/bmw/car-00807/,assets/vehicles/_quick/car-00807-1.webp,assets/vehicles/_quick/car-00807-2.webp,,,,content/articles/bmw/car-00807.md,no
1be1e49e1852131b4a98fc9df2a9b4ed8da2d52b,car-00808,excel,car,BMW,,,Serie 3,E30,320i,BMW Serie 3 320i,1983-1985–,assets/vehicles/bmw/car-00808/,assets/vehicles/_quick/car-00808-1.webp,assets/vehicles/_quick/car-00808-2.webp,,,,content/articles/bmw/car-00808.md,no
6ef031807aab1708257e0b5592eabded265946f6,car-00809,excel,car,BMW,,,Serie 3,E30,320i,BMW Serie 3 320i,1985-1991–,assets/vehicles/bmw/car-00809/,assets/vehicles/_quick/car-00809-1.webp,assets/vehicles/_quick/car-00809-2.webp,,,,content/articles/bmw/car-00809.md,no
7b417a15cd6fea916a86fcfdcebb4d3e79c16f07,car-00810,excel,car,BMW,,,Serie 3,E30,320i Cab,BMW Serie 3 320i Cab,1983-1985–,assets/vehicles/bmw/car-00810/,assets/vehicles/_quick/car-00810-1.webp,assets/vehicles/_quick/car-00810-2.webp,,,,content/articles/bmw/car-00810.md,no
e0c9398a36ea593604020b1925f1f90439b3bd00,car-00811,excel,car,BMW,,,Serie 3,E30,320i Cab,BMW Serie 3 320i Cab,1987-1992–,assets/vehicles/bmw/car-00811/,assets/vehicles/_quick/car-00811-1.webp,assets/vehicles/_quick/car-00811-2.webp,,,,content/articles/bmw/car-00811.md,no
55a8b36ace8e5569b883d1bebe80f61b072bb052,car-00812,excel,car,BMW,,,Serie 3,E30,320is,BMW Serie 3 320is,1987-1990–,assets/vehicles/bmw/car-00812/,assets/vehicles/_quick/car-00812-1.webp,assets/vehicles/_quick/car-00812-2.webp,,,,content/articles/bmw/car-00812.md,no
540e26364514c01df542e5f2612663a25422b88c,car-00813,excel,car,BMW,,,Serie 3,E30,323i,BMW Serie 3 323i,1983-1984–,assets/vehicles/bmw/car-00813/,assets/vehicles/_quick/car-00813-1.webp,assets/vehicles/_quick/car-00813-2.webp,,,,content/articles/bmw/car-00813.md,no
429c68ce9ffad312e771bdd365d3fc036ca94d8b,car-00814,excel,car,BMW,,,Serie 3,E30,323iA,BMW Serie 3 323iA,1983-1985–,assets/vehicles/bmw/car-00814/,assets/vehicles/_quick/car-00814-1.webp,assets/vehicles/_quick/car-00814-2.webp,,,,content/articles/bmw/car-00814.md,no
71df2eabba3c290ee1b6c75aa3d2c64a6f934888,car-00815,excel,car,BMW,,,Serie 3,E30,323iS,BMW Serie 3 323iS,1983-1985–,assets/vehicles/bmw/car-00815/,assets/vehicles/_quick/car-00815-1.webp,assets/vehicles/_quick/car-00815-2.webp,,,,content/articles/bmw/car-00815.md,no
29c2d0c7ebcac793b4d6dead1ee869bfccd47960,car-00816,excel,car,BMW,,,Serie 3,E30,324D,BMW Serie 3 324D,1985-1991–,assets/vehicles/bmw/car-00816/,assets/vehicles/_quick/car-00816-1.webp,assets/vehicles/_quick/car-00816-2.webp,,,,content/articles/bmw/car-00816.md,no
d2aaa39459e14b534dc5c80f1f35affc0cc29acc,car-00817,excel,car,BMW,,,Serie 3,E30,324Td,BMW Serie 3 324Td,1987-1991–,assets/vehicles/bmw/car-00817/,assets/vehicles/_quick/car-00817-1.webp,assets/vehicles/_quick/car-00817-2.webp,,,,content/articles/bmw/car-00817.md,no
2b4a7c98a91704463c9fd356d864cb2fa503c7a4,car-00818,excel,car,BMW,,,Serie 3,E30,325e,BMW Serie 3 325e,1984-1987–,assets/vehicles/bmw/car-00818/,assets/vehicles/_quick/car-00818-1.webp,assets/vehicles/_quick/car-00818-2.webp,,,,content/articles/bmw/car-00818.md,no
d86eefcc51d8397c5819d687d6469104cbce1a52,car-00819,excel,car,BMW,,,Serie 3,E30,325i,BMW Serie 3 325i,1985-1992–,assets/vehicles/bmw/car-00819/,assets/vehicles/_quick/car-00819-1.webp,assets/vehicles/_quick/car-00819-2.webp,,,,content/articles/bmw/car-00819.md,no
c38b80216d5c5189854ab44ed78d98910e7cfc34,car-00820,excel,car,BMW,,,Serie 3,E30,325i Cab,BMW Serie 3 325i Cab,1985-1993–,assets/vehicles/bmw/car-00820/,assets/vehicles/_quick/car-00820-1.webp,assets/vehicles/_quick/car-00820-2.webp,,,,content/articles/bmw/car-00820.md,no
aceaf18e81e9243c540977cca3034d12bbda414b,car-00821,excel,car,BMW,,,Serie 3,E30,325i SC,BMW Serie 3 325i SC,1990-1991–,assets/vehicles/bmw/car-00821/,assets/vehicles/_quick/car-00821-1.webp,assets/vehicles/_quick/car-00821-2.webp,,,,content/articles/bmw/car-00821.md,no
ae9b9508f6631f28bffb97d0ea08628065ddf001,car-00822,excel,car,BMW,,,Serie 3,E30,325i Touring,BMW Serie 3 325i Touring,1988-1992–,assets/vehicles/bmw/car-00822/,assets/vehicles/_quick/car-00822-1.webp,assets/vehicles/_quick/car-00822-2.webp,,,,content/articles/bmw/car-00822.md,no
694dd2630b49d09aaebc1f40557aa4db52820a47,car-00823,excel,car,BMW,,,Serie 3,E30,325is,BMW Serie 3 325is,1989-1991–,assets/vehicles/bmw/car-00823/,assets/vehicles/_quick/car-00823-1.webp,assets/vehicles/_quick/car-00823-2.webp,,,,content/articles/bmw/car-00823.md,no
5f7928671855468b62386f1682a7077083b39078,car-00824,excel,car,BMW,,,Serie 3,E30,325is,BMW Serie 3 325is,1991-1991–,assets/vehicles/bmw/car-00824/,assets/vehicles/_quick/car-00824-1.webp,assets/vehicles/_quick/car-00824-2.webp,,,,content/articles/bmw/car-00824.md,no
2ce7f887cc29a6fbb10c6e1e762a2320b38f0740,car-00825,excel,car,BMW,,,Serie 3,E30,325is,BMW Serie 3 325is,1991-1992–,assets/vehicles/bmw/car-00825/,assets/vehicles/_quick/car-00825-1.webp,assets/vehicles/_quick/car-00825-2.webp,,,,content/articles/bmw/car-00825.md,no
8d34dfb49247023b93e0e6542aa1c03ba42a1607,car-00826,excel,car,BMW,,,Serie 3,E30,325is Turbo,BMW Serie 3 325is Turbo,1992-1992–,assets/vehicles/bmw/car-00826/,assets/vehicles/_quick/car-00826-1.webp,assets/vehicles/_quick/car-00826-2.webp,,,,content/articles/bmw/car-00826.md,no
c4b4eda3d5abeb3ac44047257a652359ddea2ec1,car-00827,excel,car,BMW,,,Serie 3,E30,325iX,BMW Serie 3 325iX,1985-1992–,assets/vehicles/bmw/car-00827/,assets/vehicles/_quick/car-00827-1.webp,assets/vehicles/_quick/car-00827-2.webp,,,,content/articles/bmw/car-00827.md,no
641aaf8ab835410853a6f75a91cd6b2ad1f26418,car-00828,excel,car,BMW,,,Serie 3,E36,316i,BMW Serie 3 316i,1990-1994–,assets/vehicles/bmw/car-00828/,assets/vehicles/_quick/car-00828-1.webp,assets/vehicles/_quick/car-00828-2.webp,,,,content/articles/bmw/car-00828.md,no
b6a8e4131a7e840fcd7374f2641c1c20943fa89d,car-00829,excel,car,BMW,,,Serie 3,E36,316i,BMW Serie 3 316i,1993-1999–,assets/vehicles/bmw/car-00829/,assets/vehicles/_quick/car-00829-1.webp,assets/vehicles/_quick/car-00829-2.webp,,,,content/articles/bmw/car-00829.md,no
34e0a81ed637eae05dd026dba278f36c72a9f499,car-00830,excel,car,BMW,,,Serie 3,E36,318 tds,BMW Serie 3 318 tds,1994-1998–,assets/vehicles/bmw/car-00830/,assets/vehicles/_quick/car-00830-1.webp,assets/vehicles/_quick/car-00830-2.webp,,,,content/articles/bmw/car-00830.md,no
5ace0871b6ca3e52b9aee18b505375a6d24a5d01,car-00831,excel,car,BMW,,,Serie 3,E36,318 tds Touring,BMW Serie 3 318 tds Touring,1995-1999–,assets/vehicles/bmw/car-00831/,assets/vehicles/_quick/car-00831-1.webp,assets/vehicles/_quick/car-00831-2.webp,,,,content/articles/bmw/car-00831.md,no
26449a0d423bf621b33df812242c73bc801398cf,car-00832,excel,car,BMW,,,Serie 3,E36,318i,BMW Serie 3 318i,1993-1998–,assets/vehicles/bmw/car-00832/,assets/vehicles/_quick/car-00832-1.webp,assets/vehicles/_quick/car-00832-2.webp,,,,content/articles/bmw/car-00832.md,no
fd85964dee18efa997f407e4c0a502ee27906157,car-00833,excel,car,BMW,,,Serie 3,E36,318i,BMW Serie 3 318i,1990-1993–,assets/vehicles/bmw/car-00833/,assets/vehicles/_quick/car-00833-1.webp,assets/vehicles/_quick/car-00833-2.webp,,,,content/articles/bmw/car-00833.md,no
714d2346d92f1698ec2db137dbc4ab4788283588,car-00834,excel,car,BMW,,,Serie 3,E36,318i Cabrio,BMW Serie 3 318i Cabrio,1994-1999–,assets/vehicles/bmw/car-00834/,assets/vehicles/_quick/car-00834-1.webp,assets/vehicles/_quick/car-00834-2.webp,,,,content/articles/bmw/car-00834.md,no
d8b52e2a3d2897dfae6c923cf132259860ad66c9,car-00835,excel,car,BMW,,,Serie 3,E36,318iA,BMW Serie 3 318iA,1990-1993–,assets/vehicles/bmw/car-00835/,assets/vehicles/_quick/car-00835-1.webp,assets/vehicles/_quick/car-00835-2.webp,,,,content/articles/bmw/car-00835.md,no
0ced0002a1e19ceff868c0da94a1782685d4aacc,car-00836,excel,car,BMW,,,Serie 3,E36,318iA,BMW Serie 3 318iA,1993-1998–,assets/vehicles/bmw/car-00836/,assets/vehicles/_quick/car-00836-1.webp,assets/vehicles/_quick/car-00836-2.webp,,,,content/articles/bmw/car-00836.md,no
54d058c3888879c9d6fbbf3a6b38951c391a1a25,car-00837,excel,car,BMW,,,Serie 3,E36,318is,BMW Serie 3 318is,1996-1998–,assets/vehicles/bmw/car-00837/,assets/vehicles/_quick/car-00837-1.webp,assets/vehicles/_quick/car-00837-2.webp,,,,content/articles/bmw/car-00837.md,no
eddfd9904acbc6cb187ebe111098d68d7e366160,car-00838,excel,car,BMW,,,Serie 3,E36,318is,BMW Serie 3 318is,1992-1995–,assets/vehicles/bmw/car-00838/,assets/vehicles/_quick/car-00838-1.webp,assets/vehicles/_quick/car-00838-2.webp,,,,content/articles/bmw/car-00838.md,no
b04df04989669601e87d73b63f1e579758e42609,car-00839,excel,car,BMW,,,Serie 3,E36,320i,BMW Serie 3 320i,1991-1998–,assets/vehicles/bmw/car-00839/,assets/vehicles/_quick/car-00839-1.webp,assets/vehicles/_quick/car-00839-2.webp,,,,content/articles/bmw/car-00839.md,no
3054b0c07ab0239b114157b69c61a7e5db40848e,car-00840,excel,car,BMW,,,Serie 3,E36,320i Cab,BMW Serie 3 320i Cab,1993-2000–,assets/vehicles/bmw/car-00840/,assets/vehicles/_quick/car-00840-1.webp,assets/vehicles/_quick/car-00840-2.webp,,,,content/articles/bmw/car-00840.md,no
64e8d043e54d6aa2f4b05063643a690d8c7efc2d,car-00841,excel,car,BMW,,,Serie 3,E36,320i Coupe,BMW Serie 3 320i Coupe,1992-1999–,assets/vehicles/bmw/car-00841/,assets/vehicles/_quick/car-00841-1.webp,assets/vehicles/_quick/car-00841-2.webp,,,,content/articles/bmw/car-00841.md,no
848b82ee34cbd9b6929ebb355362b1f2c8f005c9,car-00842,excel,car,BMW,,,Serie 3,E36,320i Touring,BMW Serie 3 320i Touring,1995-1999–,assets/vehicles/bmw/car-00842/,assets/vehicles/_quick/car-00842-1.webp,assets/vehicles/_quick/car-00842-2.webp,,,,content/articles/bmw/car-00842.md,no
80569370cc7c3e0d99d7d4b89137aeeec68080d1,car-00843,excel,car,BMW,,,Serie 3,E36,323i,BMW Serie 3 323i,1995-1998–,assets/vehicles/bmw/car-00843/,assets/vehicles/_quick/car-00843-1.webp,assets/vehicles/_quick/car-00843-2.webp,,,,content/articles/bmw/car-00843.md,no
22f2491f079ecd49cfefca1f61eabe1fe5e41163,car-00844,excel,car,BMW,,,Serie 3,E36,323i Touring,BMW Serie 3 323i Touring,1995-1999–,assets/vehicles/bmw/car-00844/,assets/vehicles/_quick/car-00844-1.webp,assets/vehicles/_quick/car-00844-2.webp,,,,content/articles/bmw/car-00844.md,no
9e20fb2e405de0b14c8ab2d2dfab0079a3360240,car-00845,excel,car,BMW,,,Serie 3,E36,323i Touring,BMW Serie 3 323i Touring,1999-2000–,assets/vehicles/bmw/car-00845/,assets/vehicles/_quick/car-00845-1.webp,assets/vehicles/_quick/car-00845-2.webp,,,,content/articles/bmw/car-00845.md,no
5ae51a4bbc4558eb7f4bc78e7ed04583604f275b,car-00846,excel,car,BMW,,,Serie 3,E36,325i,BMW Serie 3 325i,1991-1995–,assets/vehicles/bmw/car-00846/,assets/vehicles/_quick/car-00846-1.webp,assets/vehicles/_quick/car-00846-2.webp,,,,content/articles/bmw/car-00846.md,no
47ac5242fff339f4b56cac80eba25b7ca2d6e0f3,car-00847,excel,car,BMW,,,Serie 3,E36,325i Cab,BMW Serie 3 325i Cab,1993-1995–,assets/vehicles/bmw/car-00847/,assets/vehicles/_quick/car-00847-1.webp,assets/vehicles/_quick/car-00847-2.webp,,,,content/articles/bmw/car-00847.md,no
59bbefd1f3232cc029d1f8a25e2fe7dcb4cfd88a,car-00848,excel,car,BMW,,,Serie 3,E36,325i Coupé,BMW Serie 3 325i Coupé,1992-1996–,assets/vehicles/bmw/car-00848/,assets/vehicles/_quick/car-00848-1.webp,assets/vehicles/_quick/car-00848-2.webp,,,,content/articles/bmw/car-00848.md,no
66dd3d06a04b6b497310f38e542a93e6c206d39b,car-00849,excel,car,BMW,,,Serie 3,E36,325iA,BMW Serie 3 325iA,1991-1995–,assets/vehicles/bmw/car-00849/,assets/vehicles/_quick/car-00849-1.webp,assets/vehicles/_quick/car-00849-2.webp,,,,content/articles/bmw/car-00849.md,no
9d6f6694f2f83798f9d9c955e79c19832405ebbd,car-00850,excel,car,BMW,,,Serie 3,E36,325Td,BMW Serie 3 325Td,1991-1998–,assets/vehicles/bmw/car-00850/,assets/vehicles/_quick/car-00850-1.webp,assets/vehicles/_quick/car-00850-2.webp,,,,content/articles/bmw/car-00850.md,no
73b9af688910223e87a623d60a253f874a85db41,car-00851,excel,car,BMW,,,Serie 3,E36,325Tds,BMW Serie 3 325Tds,1993-1997–,assets/vehicles/bmw/car-00851/,assets/vehicles/_quick/car-00851-1.webp,assets/vehicles/_quick/car-00851-2.webp,,,,content/articles/bmw/car-00851.md,no
fe4290e5f805957ef959c28c50fe37e5c00f38cb,car-00852,excel,car,BMW,,,Serie 3,E36,328Ci,BMW Serie 3 328Ci,1995-1999–,assets/vehicles/bmw/car-00852/,assets/vehicles/_quick/car-00852-1.webp,assets/vehicles/_quick/car-00852-2.webp,,,,content/articles/bmw/car-00852.md,no
01bfcbb1d4ae4a6bdbe7e8fb57e44d6954237506,car-00853,excel,car,BMW,,,Serie 3,E36,328i,BMW Serie 3 328i,1995-1998–,assets/vehicles/bmw/car-00853/,assets/vehicles/_quick/car-00853-1.webp,assets/vehicles/_quick/car-00853-2.webp,,,,content/articles/bmw/car-00853.md,no
d4f05222cf4ea281b77b9cf3b4f4a5440f143317,car-00854,excel,car,BMW,,,Serie 3,E36,328i Cab,BMW Serie 3 328i Cab,1995-1998–,assets/vehicles/bmw/car-00854/,assets/vehicles/_quick/car-00854-1.webp,assets/vehicles/_quick/car-00854-2.webp,,,,content/articles/bmw/car-00854.md,no
82c2d112f048a81a1fecd5cc0db9e009d46f86c7,car-00855,excel,car,BMW,,,Serie 3,E36,M3,BMW Serie 3 M3,1995-1999–,assets/vehicles/bmw/car-00855/,assets/vehicles/_quick/car-00855-1.webp,assets/vehicles/_quick/car-00855-2.webp,,,,content/articles/bmw/car-00855.md,no
45ed3ac3de30aac0deeb14921abf72a20cb69698,car-00856,excel,car,BMW,,,Serie 3,E36,M3,BMW Serie 3 M3,1992-1995–,assets/vehicles/bmw/car-00856/,assets/vehicles/_quick/car-00856-1.webp,assets/vehicles/_quick/car-00856-2.webp,,,,content/articles/bmw/car-00856.md,no
143cbfae85ab0392f3df900eed631aae753f3d79,car-00857,excel,car,BMW,,,Serie 3,E36,M3 (USA),BMW Serie 3 M3 (USA),1996-1999–,assets/vehicles/bmw/car-00857/,assets/vehicles/_quick/car-00857-1.webp,assets/vehicles/_quick/car-00857-2.webp,,,,content/articles/bmw/car-00857.md,no
40f0a8ee880d40fbbb5305cdafc9237207eca26c,car-00858,excel,car,BMW,,,Serie 3,E36/5,316i Compact,BMW Serie 3 316i Compact,1994-1999–,assets/vehicles/bmw/car-00858/,assets/vehicles/_quick/car-00858-1.webp,assets/vehicles/_quick/car-00858-2.webp,,,,content/articles/bmw/car-00858.md,no
1d82a77d704c1caf486c0ef83d89b6d4563a8f34,car-00859,excel,car,BMW,,,Serie 3,E36/5,318 tds Compact,BMW Serie 3 318 tds Compact,1995-2001–,assets/vehicles/bmw/car-00859/,assets/vehicles/_quick/car-00859-1.webp,assets/vehicles/_quick/car-00859-2.webp,,,,content/articles/bmw/car-00859.md,no
9f020164dd342f9858dbee061ffcdc54c2f44ef8,car-00860,excel,car,BMW,,,Serie 3,E36/5,318ti,BMW Serie 3 318ti,1993-1995–,assets/vehicles/bmw/car-00860/,assets/vehicles/_quick/car-00860-1.webp,assets/vehicles/_quick/car-00860-2.webp,,,,content/articles/bmw/car-00860.md,no
945d609fdf8307c8ab707780c3cc0bae6748f6c9,car-00861,excel,car,BMW,,,Serie 3,E36/5,318ti 1.9,BMW Serie 3 318ti 1.9,1996-2000–,assets/vehicles/bmw/car-00861/,assets/vehicles/_quick/car-00861-1.webp,assets/vehicles/_quick/car-00861-2.webp,,,,content/articles/bmw/car-00861.md,no
23b60782c646bc727f97c43f7092a6f360a01562,car-00862,excel,car,BMW,,,Serie 3,E36/5,323ti,BMW Serie 3 323ti,1997-2000–,assets/vehicles/bmw/car-00862/,assets/vehicles/_quick/car-00862-1.webp,assets/vehicles/_quick/car-00862-2.webp,,,,content/articles/bmw/car-00862.md,no
331b9178c3dddf2c842658a259e72c98d5eb70b9,car-00863,excel,car,BMW,,,Serie 3,E36/5,323ti Hartge,BMW Serie 3 323ti Hartge,1998-2000–,assets/vehicles/bmw/car-00863/,assets/vehicles/_quick/car-00863-1.webp,assets/vehicles/_quick/car-00863-2.webp,,,,content/articles/bmw/car-00863.md,no
9c719b31335eb7f48358201c05200a209f022920,car-00864,excel,car,BMW,,,Serie 3,E46,316i,BMW Serie 3 316i,1999-2001–,assets/vehicles/bmw/car-00864/,assets/vehicles/_quick/car-00864-1.webp,assets/vehicles/_quick/car-00864-2.webp,,,,content/articles/bmw/car-00864.md,no
0904a93dd0016edf37338974303e88737a478721,car-00865,excel,car,BMW,,,Serie 3,E46,316i,BMW Serie 3 316i,2001-2005–,assets/vehicles/bmw/car-00865/,assets/vehicles/_quick/car-00865-1.webp,assets/vehicles/_quick/car-00865-2.webp,,,,content/articles/bmw/car-00865.md,no
3576e116b0ff1f3b9d640908cc32ee917810b6ad,car-00866,excel,car,BMW,,,Serie 3,E46,318Ci,BMW Serie 3 318Ci,1998-2001–,assets/vehicles/bmw/car-00866/,assets/vehicles/_quick/car-00866-1.webp,assets/vehicles/_quick/car-00866-2.webp,,,,content/articles/bmw/car-00866.md,no
d61441ae210d34cc113189108d28e639648b38a2,car-00867,excel,car,BMW,,,Serie 3,E46,318i,BMW Serie 3 318i,2001-2005–,assets/vehicles/bmw/car-00867/,assets/vehicles/_quick/car-00867-1.webp,assets/vehicles/_quick/car-00867-2.webp,,,,content/articles/bmw/car-00867.md,no
e6064a15cc7326b76340efe413fa3a913b6f03f4,car-00868,excel,car,BMW,,,Serie 3,E46,318i,BMW Serie 3 318i,1998-2001–,assets/vehicles/bmw/car-00868/,assets/vehicles/_quick/car-00868-1.webp,assets/vehicles/_quick/car-00868-2.webp,,,,content/articles/bmw/car-00868.md,no
d07dccbf8ba53337fc608db44c38e159f5f18e41,car-00869,excel,car,BMW,,,Serie 3,E46,320Cd,BMW Serie 3 320Cd,2002-2006–,assets/vehicles/bmw/car-00869/,assets/vehicles/_quick/car-00869-1.webp,assets/vehicles/_quick/car-00869-2.webp,,,,content/articles/bmw/car-00869.md,no
457453e0102606d2222ffe360cbd323a693b485e,car-00870,excel,car,BMW,,,Serie 3,E46,320Ci,BMW Serie 3 320Ci,1999-2000–,assets/vehicles/bmw/car-00870/,assets/vehicles/_quick/car-00870-1.webp,assets/vehicles/_quick/car-00870-2.webp,,,,content/articles/bmw/car-00870.md,no
d021e3375d29de3500e5882cea95234154274ceb,car-00871,excel,car,BMW,,,Serie 3,E46,320Ci,BMW Serie 3 320Ci,2001-2005–,assets/vehicles/bmw/car-00871/,assets/vehicles/_quick/car-00871-1.webp,assets/vehicles/_quick/car-00871-2.webp,,,,content/articles/bmw/car-00871.md,no
179a4b7160db202ab508866a3ab6af0387044e25,car-00872,excel,car,BMW,,,Serie 3,E46,320Ci Cabrio,BMW Serie 3 320Ci Cabrio,2000-2005–,assets/vehicles/bmw/car-00872/,assets/vehicles/_quick/car-00872-1.webp,assets/vehicles/_quick/car-00872-2.webp,,,,content/articles/bmw/car-00872.md,no
bfb17bb75c5bb7647dff46149a0cc9865a30dfd2,car-00873,excel,car,BMW,,,Serie 3,E46,320d,BMW Serie 3 320d,1998–2001,assets/vehicles/bmw/car-00873/,assets/vehicles/_quick/car-00873-1.webp,assets/vehicles/_quick/car-00873-2.webp,,,,content/articles/bmw/car-00873.md,no
0034527801259df11b0671dc9e4294aba1685fcc,car-00874,excel,car,BMW,,,Serie 3,E46,320d bv5,BMW Serie 3 320d bv5,2001-2003–,assets/vehicles/bmw/car-00874/,assets/vehicles/_quick/car-00874-1.webp,assets/vehicles/_quick/car-00874-2.webp,,,,content/articles/bmw/car-00874.md,no
7ad21bee5c3af2e460dfc49571844e29fc15dffd,car-00875,excel,car,BMW,,,Serie 3,E46,320d bv6,BMW Serie 3 320d bv6,2003-2005–,assets/vehicles/bmw/car-00875/,assets/vehicles/_quick/car-00875-1.webp,assets/vehicles/_quick/car-00875-2.webp,,,,content/articles/bmw/car-00875.md,no
a5e8993d69a923379e85d2807058246c760d711b,car-00876,excel,car,BMW,,,Serie 3,E46,320d Touring,BMW Serie 3 320d Touring,1998-2001–,assets/vehicles/bmw/car-00876/,assets/vehicles/_quick/car-00876-1.webp,assets/vehicles/_quick/car-00876-2.webp,,,,content/articles/bmw/car-00876.md,no
c4ccb776f07ee00a7f96b55095c32c21b060a2e9,car-00877,excel,car,BMW,,,Serie 3,E46,320i,BMW Serie 3 320i,1998-2001–,assets/vehicles/bmw/car-00877/,assets/vehicles/_quick/car-00877-1.webp,assets/vehicles/_quick/car-00877-2.webp,,,,content/articles/bmw/car-00877.md,no
9537228c91cc15d065b0bccb27ef6a2b5086830b,car-00878,excel,car,BMW,,,Serie 3,E46,320i,BMW Serie 3 320i,2000-2005–,assets/vehicles/bmw/car-00878/,assets/vehicles/_quick/car-00878-1.webp,assets/vehicles/_quick/car-00878-2.webp,,,,content/articles/bmw/car-00878.md,no
074e98c41235526b2920444d3d4ca27b3c56c720,car-00879,excel,car,BMW,,,Serie 3,E46,323Ci,BMW Serie 3 323Ci,1998-2000–,assets/vehicles/bmw/car-00879/,assets/vehicles/_quick/car-00879-1.webp,assets/vehicles/_quick/car-00879-2.webp,,,,content/articles/bmw/car-00879.md,no
2b67a9f786801370874b82f673492e60ec50aab3,car-00880,excel,car,BMW,,,Serie 3,E46,323Ci Cab,BMW Serie 3 323Ci Cab,2000-2000–,assets/vehicles/bmw/car-00880/,assets/vehicles/_quick/car-00880-1.webp,assets/vehicles/_quick/car-00880-2.webp,,,,content/articles/bmw/car-00880.md,no
a9177c3622b6b6ce441e3ab7ccc80e4b4c25f259,car-00881,excel,car,BMW,,,Serie 3,E46,323Ci Cab Steptronic,BMW Serie 3 323Ci Cab Steptronic,2000-2000–,assets/vehicles/bmw/car-00881/,assets/vehicles/_quick/car-00881-1.webp,assets/vehicles/_quick/car-00881-2.webp,,,,content/articles/bmw/car-00881.md,no
21eb20bb89a861a20d1bc0476356fc06a52752b2,car-00882,excel,car,BMW,,,Serie 3,E46,323i,BMW Serie 3 323i,1998-2000–,assets/vehicles/bmw/car-00882/,assets/vehicles/_quick/car-00882-1.webp,assets/vehicles/_quick/car-00882-2.webp,,,,content/articles/bmw/car-00882.md,no
f4c0156f38f624aa7ad4f4d4126bf5e910766117,car-00883,excel,car,BMW,,,Serie 3,E46,323i Coupé,BMW Serie 3 323i Coupé,1998-1998–,assets/vehicles/bmw/car-00883/,assets/vehicles/_quick/car-00883-1.webp,assets/vehicles/_quick/car-00883-2.webp,,,,content/articles/bmw/car-00883.md,no
d1218126b24d601923ee21eb4475a60b95726b86,car-00884,excel,car,BMW,,,Serie 3,E46,325Ci,BMW Serie 3 325Ci,2000-2005–,assets/vehicles/bmw/car-00884/,assets/vehicles/_quick/car-00884-1.webp,assets/vehicles/_quick/car-00884-2.webp,,,,content/articles/bmw/car-00884.md,no
6bbc0816633cc9af052e5099ad97efe5cc247652,car-00885,excel,car,BMW,,,Serie 3,E46,325i,BMW Serie 3 325i,2000-2005–,assets/vehicles/bmw/car-00885/,assets/vehicles/_quick/car-00885-1.webp,assets/vehicles/_quick/car-00885-2.webp,,,,content/articles/bmw/car-00885.md,no
9316c984c6de722591d50fe964c53e6b3126c004,car-00886,excel,car,BMW,,,Serie 3,E46,325i Cab,BMW Serie 3 325i Cab,2000-2006–,assets/vehicles/bmw/car-00886/,assets/vehicles/_quick/car-00886-1.webp,assets/vehicles/_quick/car-00886-2.webp,,,,content/articles/bmw/car-00886.md,no
6db6435dea13fed06ae7fb2e1bffe281a1aa5dab,car-00887,excel,car,BMW,,,Serie 3,E46,325i SMG,BMW Serie 3 325i SMG,2002-2005–,assets/vehicles/bmw/car-00887/,assets/vehicles/_quick/car-00887-1.webp,assets/vehicles/_quick/car-00887-2.webp,,,,content/articles/bmw/car-00887.md,no
6778c2dd611b7379e3e6216a0269ad3e503de84d,car-00888,excel,car,BMW,,,Serie 3,E46,325i Turbo Roumiguier,BMW Serie 3 325i Turbo Roumiguier,2001-2005–,assets/vehicles/bmw/car-00888/,assets/vehicles/_quick/car-00888-1.webp,assets/vehicles/_quick/car-00888-2.webp,,,,content/articles/bmw/car-00888.md,no
1bbb60d722376118f221b4a07edf56ab94db7596,car-00889,excel,car,BMW,,,Serie 3,E46,325iA,BMW Serie 3 325iA,2000-2005–,assets/vehicles/bmw/car-00889/,assets/vehicles/_quick/car-00889-1.webp,assets/vehicles/_quick/car-00889-2.webp,,,,content/articles/bmw/car-00889.md,no
544a9f7547d80d493d537e53e751923d696745df,car-00890,excel,car,BMW,,,Serie 3,E46,325ti,BMW Serie 3 325ti,2001-2004–,assets/vehicles/bmw/car-00890/,assets/vehicles/_quick/car-00890-1.webp,assets/vehicles/_quick/car-00890-2.webp,,,,content/articles/bmw/car-00890.md,no
98af80f468983676d1e5903087284c14e342b268,car-00891,excel,car,BMW,,,Serie 3,E46,328Ci,BMW Serie 3 328Ci,1999-2000–,assets/vehicles/bmw/car-00891/,assets/vehicles/_quick/car-00891-1.webp,assets/vehicles/_quick/car-00891-2.webp,,,,content/articles/bmw/car-00891.md,no
fd20b5c7598c6d3c790291ed3aa19e20564ac295,car-00892,excel,car,BMW,,,Serie 3,E46,328i,BMW Serie 3 328i,1998-2000–,assets/vehicles/bmw/car-00892/,assets/vehicles/_quick/car-00892-1.webp,assets/vehicles/_quick/car-00892-2.webp,,,,content/articles/bmw/car-00892.md,no
7d565fcaded9775f82800701e4bf5156d41fcb44,car-00893,excel,car,BMW,,,Serie 3,E46,330Ci,BMW Serie 3 330Ci,2000–2006,assets/vehicles/bmw/car-00893/,assets/vehicles/_quick/car-00893-1.webp,assets/vehicles/_quick/car-00893-2.webp,,,,content/articles/bmw/car-00893.md,no
6f5084cbbed8a0a820ec395ab2dcedc51faf7854,car-00894,excel,car,BMW,,,Serie 3,E46,330Ci,BMW Serie 3 330Ci,2003–2006,assets/vehicles/bmw/car-00894/,assets/vehicles/_quick/car-00894-1.webp,assets/vehicles/_quick/car-00894-2.webp,,,,content/articles/bmw/car-00894.md,no
be19611fad06f6c68cf5bd071fce1e97c3fea0c0,car-00895,excel,car,BMW,,,Serie 3,E46,330i,BMW Serie 3 330i,2000-2005–,assets/vehicles/bmw/car-00895/,assets/vehicles/_quick/car-00895-1.webp,assets/vehicles/_quick/car-00895-2.webp,,,,content/articles/bmw/car-00895.md,no
cf58c80c5e00ffe31218c55fd570e6a91ad3c1df,car-00896,excel,car,BMW,,,Serie 3,E46/5,316ti,BMW Serie 3 316ti,2000-2004–,assets/vehicles/bmw/car-00896/,assets/vehicles/_quick/car-00896-1.webp,assets/vehicles/_quick/car-00896-2.webp,,,,content/articles/bmw/car-00896.md,no
6ced448b0af1c0a70176c42e580302ef42c6f507,car-00897,excel,car,BMW,,,Serie 3,E46/5,318 td,BMW Serie 3 318 td,2001-2004–,assets/vehicles/bmw/car-00897/,assets/vehicles/_quick/car-00897-1.webp,assets/vehicles/_quick/car-00897-2.webp,,,,content/articles/bmw/car-00897.md,no
5da34cb352a8271712b5fbd70523066d7fb70fcd,car-00898,excel,car,BMW,,,Serie 3,E46/5,318ti,BMW Serie 3 318ti,2001-2004–,assets/vehicles/bmw/car-00898/,assets/vehicles/_quick/car-00898-1.webp,assets/vehicles/_quick/car-00898-2.webp,,,,content/articles/bmw/car-00898.md,no
f2acb8e56d6a1972968a00ad5129d3619dcd33bb,car-00899,excel,car,BMW,,,Serie 3,E46/5,320td,BMW Serie 3 320td,2001-2004–,assets/vehicles/bmw/car-00899/,assets/vehicles/_quick/car-00899-1.webp,assets/vehicles/_quick/car-00899-2.webp,,,,content/articles/bmw/car-00899.md,no
3f7ab728d31e52d765eaca0e24ef2b9e6b060f48,car-00900,excel,car,BMW,,,Serie 3,E46/5,320td bv6,BMW Serie 3 320td bv6,2003-2005–,assets/vehicles/bmw/car-00900/,assets/vehicles/_quick/car-00900-1.webp,assets/vehicles/_quick/car-00900-2.webp,,,,content/articles/bmw/car-00900.md,no
307eea59864f9de225f77668dbbdf0e9d492916a,car-00901,excel,car,BMW,,,Serie 3,E46/5,325ti,BMW Serie 3 325ti,2001-2004–,assets/vehicles/bmw/car-00901/,assets/vehicles/_quick/car-00901-1.webp,assets/vehicles/_quick/car-00901-2.webp,,,,content/articles/bmw/car-00901.md,no
384660cf909adec4ed08f13e250398af4958f51f,car-00902,excel,car,BMW,,,Serie 3,E90,316d,BMW Serie 3 316d,2010-2012–,assets/vehicles/bmw/car-00902/,assets/vehicles/_quick/car-00902-1.webp,assets/vehicles/_quick/car-00902-2.webp,,,,content/articles/bmw/car-00902.md,no
d9ad18b243407af6659536c82086fa12078512ac,car-00903,excel,car,BMW,,,Serie 3,E90,318d,BMW Serie 3 318d,2007-2012–,assets/vehicles/bmw/car-00903/,assets/vehicles/_quick/car-00903-1.webp,assets/vehicles/_quick/car-00903-2.webp,,,,content/articles/bmw/car-00903.md,no
27b2d475f1267a041ceb98027fcc684cf5e89e9a,car-00904,excel,car,BMW,,,Serie 3,E90,318d,BMW Serie 3 318d,2005-2007–,assets/vehicles/bmw/car-00904/,assets/vehicles/_quick/car-00904-1.webp,assets/vehicles/_quick/car-00904-2.webp,,,,content/articles/bmw/car-00904.md,no
2d3e473f2901de9f0fae3f0d9524ee0e4c473067,car-00905,excel,car,BMW,,,Serie 3,E90,318i,BMW Serie 3 318i,2007-2012–,assets/vehicles/bmw/car-00905/,assets/vehicles/_quick/car-00905-1.webp,assets/vehicles/_quick/car-00905-2.webp,,,,content/articles/bmw/car-00905.md,no
bc4416393c6f22b8ee959e227d9386a1abb3b5e5,car-00906,excel,car,BMW,,,Serie 3,E90,318i,BMW Serie 3 318i,2005-2007–,assets/vehicles/bmw/car-00906/,assets/vehicles/_quick/car-00906-1.webp,assets/vehicles/_quick/car-00906-2.webp,,,,content/articles/bmw/car-00906.md,no
896ef219a13e2b4484c8c41631e14b172fd8d4b6,car-00907,excel,car,BMW,,,Serie 3,E90,320d,BMW Serie 3 320d,2004–2007,assets/vehicles/bmw/car-00907/,assets/vehicles/_quick/car-00907-1.webp,assets/vehicles/_quick/car-00907-2.webp,,,,content/articles/bmw/car-00907.md,no
0746a136c86c5e0459ce61b7642dbebf143bb377,car-00908,excel,car,BMW,,,Serie 3,E90,320d,BMW Serie 3 320d,2007–2010,assets/vehicles/bmw/car-00908/,assets/vehicles/_quick/car-00908-1.webp,assets/vehicles/_quick/car-00908-2.webp,,,,content/articles/bmw/car-00908.md,no
568001a28a6994f998babbe54c3eb0ef8bb99183,car-00909,excel,car,BMW,,,Serie 3,E90,320d EfficientDynamics,BMW Serie 3 320d EfficientDynamics,2010–2011,assets/vehicles/bmw/car-00909/,assets/vehicles/_quick/car-00909-1.webp,assets/vehicles/_quick/car-00909-2.webp,,,,content/articles/bmw/car-00909.md,no
514ee7e66849fd5b96fac101eb4ee187045bb837,car-00910,excel,car,BMW,,,Serie 3,E90,320d LCI,BMW Serie 3 320d LCI,2010–2012,assets/vehicles/bmw/car-00910/,assets/vehicles/_quick/car-00910-1.webp,assets/vehicles/_quick/car-00910-2.webp,,,,content/articles/bmw/car-00910.md,no
4ab4e81e22bd16639ce6c4869c4878ed0d8d7cb6,car-00911,excel,car,BMW,,,Serie 3,E90,320dA,BMW Serie 3 320dA,2005-2007–,assets/vehicles/bmw/car-00911/,assets/vehicles/_quick/car-00911-1.webp,assets/vehicles/_quick/car-00911-2.webp,,,,content/articles/bmw/car-00911.md,no
2f46d9bd54d1502502bb507d9a3a63d933690d35,car-00912,excel,car,BMW,,,Serie 3,E90,320i,BMW Serie 3 320i,2007-2011–,assets/vehicles/bmw/car-00912/,assets/vehicles/_quick/car-00912-1.webp,assets/vehicles/_quick/car-00912-2.webp,,,,content/articles/bmw/car-00912.md,no
c8c23c6e028140c097f9cb44404daef85a092878,car-00913,excel,car,BMW,,,Serie 3,E90,320i,BMW Serie 3 320i,2005-2007–,assets/vehicles/bmw/car-00913/,assets/vehicles/_quick/car-00913-1.webp,assets/vehicles/_quick/car-00913-2.webp,,,,content/articles/bmw/car-00913.md,no
40ba498d67c0369dcba7c043aace47527d09495a,car-00914,excel,car,BMW,,,Serie 3,E90,320si,BMW Serie 3 320si,2006-2007–,assets/vehicles/bmw/car-00914/,assets/vehicles/_quick/car-00914-1.webp,assets/vehicles/_quick/car-00914-2.webp,,,,content/articles/bmw/car-00914.md,no
e51a3b84de8f355f97870dcb86509b8eb7b20899,car-00915,excel,car,BMW,,,Serie 3,E90,325d,BMW Serie 3 325d,2010-2012–,assets/vehicles/bmw/car-00915/,assets/vehicles/_quick/car-00915-1.webp,assets/vehicles/_quick/car-00915-2.webp,,,,content/articles/bmw/car-00915.md,no
ba2c715b7070edb3fb2b723b074f01eb0d68c326,car-00916,excel,car,BMW,,,Serie 3,E90,325d,BMW Serie 3 325d,2006-2010–,assets/vehicles/bmw/car-00916/,assets/vehicles/_quick/car-00916-1.webp,assets/vehicles/_quick/car-00916-2.webp,,,,content/articles/bmw/car-00916.md,no
5b6639038d2551586fd344390425109a0cd4ba49,car-00917,excel,car,BMW,,,Serie 3,E90,325dA,BMW Serie 3 325dA,2007-2010–,assets/vehicles/bmw/car-00917/,assets/vehicles/_quick/car-00917-1.webp,assets/vehicles/_quick/car-00917-2.webp,,,,content/articles/bmw/car-00917.md,no
d80c30fedd8f9a596fdc34ed19e89b0933ce9741,car-00918,excel,car,BMW,,,Serie 3,E90,325i,BMW Serie 3 325i,2007–2012,assets/vehicles/bmw/car-00918/,assets/vehicles/_quick/car-00918-1.webp,assets/vehicles/_quick/car-00918-2.webp,,,,content/articles/bmw/car-00918.md,no
3ee430067c372e54c3e423f1b06e290c5e26c55f,car-00919,excel,car,BMW,,,Serie 3,E90,325i,BMW Serie 3 325i,2005–2008,assets/vehicles/bmw/car-00919/,assets/vehicles/_quick/car-00919-1.webp,assets/vehicles/_quick/car-00919-2.webp,,,,content/articles/bmw/car-00919.md,no
0f9dc2c694bcebc3ffb49c6a575e7d9eca51e86c,car-00920,excel,car,BMW,,,Serie 3,E90,325xi,BMW Serie 3 325xi,2005-2008–,assets/vehicles/bmw/car-00920/,assets/vehicles/_quick/car-00920-1.webp,assets/vehicles/_quick/car-00920-2.webp,,,,content/articles/bmw/car-00920.md,no
0f9dc2c694bcebc3ffb49c6a575e7d9eca51e86c,car-00921,excel,car,BMW,,,Serie 3,E90,325xi,BMW Serie 3 325xi,2005-2008–,assets/vehicles/bmw/car-00921/,assets/vehicles/_quick/car-00921-1.webp,assets/vehicles/_quick/car-00921-2.webp,,,,content/articles/bmw/car-00921.md,no
fb7720b5000e7afb10b8fe935260afc3e1ecc524,car-00922,excel,car,BMW,,,Serie 3,E90,330i,BMW Serie 3 330i,2005–2007,assets/vehicles/bmw/car-00922/,assets/vehicles/_quick/car-00922-1.webp,assets/vehicles/_quick/car-00922-2.webp,,,,content/articles/bmw/car-00922.md,no
a854b5a6c8c3d359398bc5619635086223e8d7fc,car-00923,excel,car,BMW,,,Serie 3,E90,330iA,BMW Serie 3 330iA,2005-2007–,assets/vehicles/bmw/car-00923/,assets/vehicles/_quick/car-00923-1.webp,assets/vehicles/_quick/car-00923-2.webp,,,,content/articles/bmw/car-00923.md,no
a8c368595a8699f91ccec45515b99aeb90dd38d7,car-00924,excel,car,BMW,,,Serie 3,E90,330xi,BMW Serie 3 330xi,2005-2007–,assets/vehicles/bmw/car-00924/,assets/vehicles/_quick/car-00924-1.webp,assets/vehicles/_quick/car-00924-2.webp,,,,content/articles/bmw/car-00924.md,no
9f6aa82f5a972982583dda9422eb06cd35d09d18,car-00925,excel,car,BMW,,,Serie 3,E91,320d Touring,BMW Serie 3 320d Touring,2008-2012–,assets/vehicles/bmw/car-00925/,assets/vehicles/_quick/car-00925-1.webp,assets/vehicles/_quick/car-00925-2.webp,,,,content/articles/bmw/car-00925.md,no
7ae534ae6fa896a9741e9862c19b88fe9fc9c884,car-00926,excel,car,BMW,,,Serie 3,E91,320d Touring,BMW Serie 3 320d Touring,2005-2007–,assets/vehicles/bmw/car-00926/,assets/vehicles/_quick/car-00926-1.webp,assets/vehicles/_quick/car-00926-2.webp,,,,content/articles/bmw/car-00926.md,no
57f0179ac94a0071111486aab58005893df0f1de,car-00927,excel,car,BMW,,,Serie 3,E91,320dA Touring ED,BMW Serie 3 320dA Touring ED,2011-2012–,assets/vehicles/bmw/car-00927/,assets/vehicles/_quick/car-00927-1.webp,assets/vehicles/_quick/car-00927-2.webp,,,,content/articles/bmw/car-00927.md,no
a512f43850e3b4bbbf3ef4ac54a5631dbd40184a,car-00928,excel,car,BMW,,,Serie 3,E91,325d Touring,BMW Serie 3 325d Touring,2010-2012–,assets/vehicles/bmw/car-00928/,assets/vehicles/_quick/car-00928-1.webp,assets/vehicles/_quick/car-00928-2.webp,,,,content/articles/bmw/car-00928.md,no
d74a52b1c14f31125db8036b14377f9e9e30e3f7,car-00929,excel,car,BMW,,,Serie 3,E91,325d Touring,BMW Serie 3 325d Touring,2007-2010–,assets/vehicles/bmw/car-00929/,assets/vehicles/_quick/car-00929-1.webp,assets/vehicles/_quick/car-00929-2.webp,,,,content/articles/bmw/car-00929.md,no
db3c66b9ef4be79ee593dbc366fcf9594a6ec7c8,car-00930,excel,car,BMW,,,Serie 3,E92,320i Coupe,BMW Serie 3 320i Coupe,2007-2009–,assets/vehicles/bmw/car-00930/,assets/vehicles/_quick/car-00930-1.webp,assets/vehicles/_quick/car-00930-2.webp,,,,content/articles/bmw/car-00930.md,no
b63396dbe12f389f0663a6dc9a3230d91e33782b,car-00931,excel,car,BMW,,,Serie 3,E92,325Ci,BMW Serie 3 325Ci,2005-2007–,assets/vehicles/bmw/car-00931/,assets/vehicles/_quick/car-00931-1.webp,assets/vehicles/_quick/car-00931-2.webp,,,,content/articles/bmw/car-00931.md,no
dc56647297b7166eb199d9966b5d84256945b514,car-00932,excel,car,BMW,,,Serie 3,E92,325i Coupé,BMW Serie 3 325i Coupé,2007-2013–,assets/vehicles/bmw/car-00932/,assets/vehicles/_quick/car-00932-1.webp,assets/vehicles/_quick/car-00932-2.webp,,,,content/articles/bmw/car-00932.md,no
8571528bb61305535e0dea3166a2b803953bac5d,car-00933,excel,car,BMW,,,Serie 3,E92,325i Coupé,BMW Serie 3 325i Coupé,2006-2007–,assets/vehicles/bmw/car-00933/,assets/vehicles/_quick/car-00933-1.webp,assets/vehicles/_quick/car-00933-2.webp,,,,content/articles/bmw/car-00933.md,no
16da8ae621ca5a74ab46be1a097125864843cbdb,car-00934,excel,car,BMW,,,Serie 3,E92,M3 Coupé,BMW Serie 3 M3 Coupé,2007–2013,assets/vehicles/bmw/car-00934/,assets/vehicles/_quick/car-00934-1.webp,assets/vehicles/_quick/car-00934-2.webp,,,,content/articles/bmw/car-00934.md,no
cc5d8cf074cbbd22bfffe5ee0954f1b876b3c7bb,car-00935,excel,car,BMW,,,Serie 3,E92,M3 Coupé DKG Drivelogic,BMW Serie 3 M3 Coupé DKG Drivelogic,2010–2013,assets/vehicles/bmw/car-00935/,assets/vehicles/_quick/car-00935-1.webp,assets/vehicles/_quick/car-00935-2.webp,,,,content/articles/bmw/car-00935.md,no
719645abc9ff5eb1d5c6c6da1127dda9e7a0bdfc,car-00936,excel,car,BMW,,,Serie 3,E93,320i Cab,BMW Serie 3 320i Cab,2007-2013–,assets/vehicles/bmw/car-00936/,assets/vehicles/_quick/car-00936-1.webp,assets/vehicles/_quick/car-00936-2.webp,,,,content/articles/bmw/car-00936.md,no
fa4d1c692ec47bb59918d4aa15848e32913c264b,car-00937,excel,car,BMW,,,Serie 3,E93,325i Cab,BMW Serie 3 325i Cab,2007-2013–,assets/vehicles/bmw/car-00937/,assets/vehicles/_quick/car-00937-1.webp,assets/vehicles/_quick/car-00937-2.webp,,,,content/articles/bmw/car-00937.md,no
ea07d636567707c0cc9133b9e5f22586e6cf8a3a,car-00938,excel,car,BMW,,,Serie 3,E93,325iA Cab,BMW Serie 3 325iA Cab,2007-2013–,assets/vehicles/bmw/car-00938/,assets/vehicles/_quick/car-00938-1.webp,assets/vehicles/_quick/car-00938-2.webp,,,,content/articles/bmw/car-00938.md,no
b4dc3e1e4f06c84bb67f5e02496224c71583d9d1,car-00939,excel,car,BMW,,,Serie 3,F30,316d,BMW Serie 3 316d,2012–2015,assets/vehicles/bmw/car-00939/,assets/vehicles/_quick/car-00939-1.webp,assets/vehicles/_quick/car-00939-2.webp,,,,content/articles/bmw/car-00939.md,no
785f4716fe16ad2d686c63caab6f6c49a8e36440,car-00940,excel,car,BMW,,,Serie 3,F30,316d Steptronic,BMW Serie 3 316d Steptronic,2012–2015,assets/vehicles/bmw/car-00940/,assets/vehicles/_quick/car-00940-1.webp,assets/vehicles/_quick/car-00940-2.webp,,,,content/articles/bmw/car-00940.md,no
4a838f7690c49bffb23a313db2ea7e243fd7cd91,car-00941,excel,car,BMW,,,Serie 3,F30,316i,BMW Serie 3 316i,2012–2015,assets/vehicles/bmw/car-00941/,assets/vehicles/_quick/car-00941-1.webp,assets/vehicles/_quick/car-00941-2.webp,,,,content/articles/bmw/car-00941.md,no
a69def75ec3b133c437fbcb15583f3710c6a0975,car-00942,excel,car,BMW,,,Serie 3,F30,316i Steptronic,BMW Serie 3 316i Steptronic,2012–2015,assets/vehicles/bmw/car-00942/,assets/vehicles/_quick/car-00942-1.webp,assets/vehicles/_quick/car-00942-2.webp,,,,content/articles/bmw/car-00942.md,no
ae1ac715ff080df7966d1c402b151d49c1639a5a,car-00943,excel,car,BMW,,,Serie 3,F30,318d,BMW Serie 3 318d,2012–2015,assets/vehicles/bmw/car-00943/,assets/vehicles/_quick/car-00943-1.webp,assets/vehicles/_quick/car-00943-2.webp,,,,content/articles/bmw/car-00943.md,no
9303fce97635b6eb9652e8cee581c333a6164ebb,car-00944,excel,car,BMW,,,Serie 3,F30,318d Steptronic,BMW Serie 3 318d Steptronic,2012–2015,assets/vehicles/bmw/car-00944/,assets/vehicles/_quick/car-00944-1.webp,assets/vehicles/_quick/car-00944-2.webp,,,,content/articles/bmw/car-00944.md,no
7552e03e0f969111d6a1ca4130d6d7a522a7ac63,car-00945,excel,car,BMW,,,Serie 3,F30,318i,BMW Serie 3 318i,2015-2018–,assets/vehicles/bmw/car-00945/,assets/vehicles/_quick/car-00945-1.webp,assets/vehicles/_quick/car-00945-2.webp,,,,content/articles/bmw/car-00945.md,no
d7954fbcc0dca74ff90604962e597a68f86577d4,car-00946,excel,car,BMW,,,Serie 3,F30,318iA,BMW Serie 3 318iA,2015-2018–,assets/vehicles/bmw/car-00946/,assets/vehicles/_quick/car-00946-1.webp,assets/vehicles/_quick/car-00946-2.webp,,,,content/articles/bmw/car-00946.md,no
9b03724cbe19f55748beecba52407a96e79615c2,car-00947,excel,car,BMW,,,Serie 3,F30,320d,BMW Serie 3 320d,2012–2015,assets/vehicles/bmw/car-00947/,assets/vehicles/_quick/car-00947-1.webp,assets/vehicles/_quick/car-00947-2.webp,,,,content/articles/bmw/car-00947.md,no
c81510967ec76b9e284f6b935db2101c064bfe3f,car-00948,excel,car,BMW,,,Serie 3,F30,320d Efficient Dynamics,BMW Serie 3 320d Efficient Dynamics,2012–2015,assets/vehicles/bmw/car-00948/,assets/vehicles/_quick/car-00948-1.webp,assets/vehicles/_quick/car-00948-2.webp,,,,content/articles/bmw/car-00948.md,no
6a4b7a85c6039e5c0c6c7e602047fab893f55fce,car-00949,excel,car,BMW,,,Serie 3,F30,320d Efficient Dynamics Steptronic,BMW Serie 3 320d Efficient Dynamics Steptronic,2012–2015,assets/vehicles/bmw/car-00949/,assets/vehicles/_quick/car-00949-1.webp,assets/vehicles/_quick/car-00949-2.webp,,,,content/articles/bmw/car-00949.md,no
9a8b136fd37388f92870ec0564de33009a5f6a22,car-00950,excel,car,BMW,,,Serie 3,F30,320d Steptronic,BMW Serie 3 320d Steptronic,2012–2015,assets/vehicles/bmw/car-00950/,assets/vehicles/_quick/car-00950-1.webp,assets/vehicles/_quick/car-00950-2.webp,,,,content/articles/bmw/car-00950.md,no
67b0b9144966963cecd6173d49ffd92bc9a25b46,car-00951,excel,car,BMW,,,Serie 3,F30,320dA,BMW Serie 3 320dA,2015–2018,assets/vehicles/bmw/car-00951/,assets/vehicles/_quick/car-00951-1.webp,assets/vehicles/_quick/car-00951-2.webp,,,,content/articles/bmw/car-00951.md,no
94b9cc46ce1fbebe33edb61dc533ed2dd67475de,car-00952,excel,car,BMW,,,Serie 3,F30,320dA xDrive,BMW Serie 3 320dA xDrive,2015-2018–,assets/vehicles/bmw/car-00952/,assets/vehicles/_quick/car-00952-1.webp,assets/vehicles/_quick/car-00952-2.webp,,,,content/articles/bmw/car-00952.md,no
1f623f1e3405ebf72c08d6380c2778fc55e80f4e,car-00953,excel,car,BMW,,,Serie 3,F30,320dA xDrive,BMW Serie 3 320dA xDrive,2012-2015–,assets/vehicles/bmw/car-00953/,assets/vehicles/_quick/car-00953-1.webp,assets/vehicles/_quick/car-00953-2.webp,,,,content/articles/bmw/car-00953.md,no
94b9cc46ce1fbebe33edb61dc533ed2dd67475de,car-00954,excel,car,BMW,,,Serie 3,F30,320dA xDrive,BMW Serie 3 320dA xDrive,2015-2018–,assets/vehicles/bmw/car-00954/,assets/vehicles/_quick/car-00954-1.webp,assets/vehicles/_quick/car-00954-2.webp,,,,content/articles/bmw/car-00954.md,no
4823af6343d8ebb9bb7b82ecaa34678b061774bf,car-00955,excel,car,BMW,,,Serie 3,F30,320i,BMW Serie 3 320i,2012–2015,assets/vehicles/bmw/car-00955/,assets/vehicles/_quick/car-00955-1.webp,assets/vehicles/_quick/car-00955-2.webp,,,,content/articles/bmw/car-00955.md,no
8792b1dcecc41a2029374e00109ff9db8025508f,car-00956,excel,car,BMW,,,Serie 3,F30,320i EDE,BMW Serie 3 320i EDE,2012-2015–,assets/vehicles/bmw/car-00956/,assets/vehicles/_quick/car-00956-1.webp,assets/vehicles/_quick/car-00956-2.webp,,,,content/articles/bmw/car-00956.md,no
ca283ab5a1f38176b597b6eb50eecc23e8731b64,car-00957,excel,car,BMW,,,Serie 3,F30,320i Steptronic,BMW Serie 3 320i Steptronic,2012–2015,assets/vehicles/bmw/car-00957/,assets/vehicles/_quick/car-00957-1.webp,assets/vehicles/_quick/car-00957-2.webp,,,,content/articles/bmw/car-00957.md,no
2c77251a25a287d65d187adbddae2febbecb8e55,car-00958,excel,car,BMW,,,Serie 3,F30,320iA B48,BMW Serie 3 320iA B48,2016-2018–,assets/vehicles/bmw/car-00958/,assets/vehicles/_quick/car-00958-1.webp,assets/vehicles/_quick/car-00958-2.webp,,,,content/articles/bmw/car-00958.md,no
6469e29884a5b4ec63c5e1b895a8ce022d56ddfe,car-00959,excel,car,BMW,,,Serie 3,F30,325d,BMW Serie 3 325d,2013–2015,assets/vehicles/bmw/car-00959/,assets/vehicles/_quick/car-00959-1.webp,assets/vehicles/_quick/car-00959-2.webp,,,,content/articles/bmw/car-00959.md,no
d07a394a6f8df0f54addcd0ef0396b9fa80cfa12,car-00960,excel,car,BMW,,,Serie 3,F30,325d Steptronic,BMW Serie 3 325d Steptronic,2013–2015,assets/vehicles/bmw/car-00960/,assets/vehicles/_quick/car-00960-1.webp,assets/vehicles/_quick/car-00960-2.webp,,,,content/articles/bmw/car-00960.md,no
0e19d56afda40a0e55e01c5b1a9adc9a76caa03e,car-00961,excel,car,BMW,,,Serie 3,F30,328i,BMW Serie 3 328i,2012-2015–,assets/vehicles/bmw/car-00961/,assets/vehicles/_quick/car-00961-1.webp,assets/vehicles/_quick/car-00961-2.webp,,,,content/articles/bmw/car-00961.md,no
cb7cc8fd6c68b0ed962006fd41e78ce685a96fc2,car-00962,excel,car,BMW,,,Serie 3,F30,340i,BMW Serie 3 340i,2015-2018–,assets/vehicles/bmw/car-00962/,assets/vehicles/_quick/car-00962-1.webp,assets/vehicles/_quick/car-00962-2.webp,,,,content/articles/bmw/car-00962.md,no
710db6dab102dbd0f4dcae1ea4b2ef0c2eb5131d,car-00963,excel,car,BMW,,,Serie 3,F30,340iA,BMW Serie 3 340iA,2015-2018–,assets/vehicles/bmw/car-00963/,assets/vehicles/_quick/car-00963-1.webp,assets/vehicles/_quick/car-00963-2.webp,,,,content/articles/bmw/car-00963.md,no
f6240329361a1bdb52a3b9abb43a2e6ecb463850,car-00964,excel,car,BMW,,,Serie 3,F30,340iA xDrive MPerformance,BMW Serie 3 340iA xDrive MPerformance,2015-2018–,assets/vehicles/bmw/car-00964/,assets/vehicles/_quick/car-00964-1.webp,assets/vehicles/_quick/car-00964-2.webp,,,,content/articles/bmw/car-00964.md,no
c4b9b37f4ee0a989fb84583a2571efc32c486737,car-00965,excel,car,BMW,,,Serie 3,F31,316d LCI Touring,BMW Serie 3 316d LCI Touring,2015–2019,assets/vehicles/bmw/car-00965/,assets/vehicles/_quick/car-00965-1.webp,assets/vehicles/_quick/car-00965-2.webp,,,,content/articles/bmw/car-00965.md,no
b658a9a537d75b7a88c543ecc35163456fd4d321,car-00966,excel,car,BMW,,,Serie 3,F31,316d Touring,BMW Serie 3 316d Touring,2012–2015,assets/vehicles/bmw/car-00966/,assets/vehicles/_quick/car-00966-1.webp,assets/vehicles/_quick/car-00966-2.webp,,,,content/articles/bmw/car-00966.md,no
ac26b1040af6cefc2e1d2e57e7fa2660e3bb1a2b,car-00967,excel,car,BMW,,,Serie 3,F31,316dA Touring,BMW Serie 3 316dA Touring,2012-2015–,assets/vehicles/bmw/car-00967/,assets/vehicles/_quick/car-00967-1.webp,assets/vehicles/_quick/car-00967-2.webp,,,,content/articles/bmw/car-00967.md,no
c1b51e3fb9c63d378d4ac7d2e1f0454a1091ad60,car-00968,excel,car,BMW,,,Serie 3,F31,316i Touring,BMW Serie 3 316i Touring,2013-2015–,assets/vehicles/bmw/car-00968/,assets/vehicles/_quick/car-00968-1.webp,assets/vehicles/_quick/car-00968-2.webp,,,,content/articles/bmw/car-00968.md,no
32da119f45c62c7f7064bc038a78c1d66234d47b,car-00969,excel,car,BMW,,,Serie 3,F31,318d Touring,BMW Serie 3 318d Touring,2012-2015–,assets/vehicles/bmw/car-00969/,assets/vehicles/_quick/car-00969-1.webp,assets/vehicles/_quick/car-00969-2.webp,,,,content/articles/bmw/car-00969.md,no
d7a56a1a7efdbf0ac80bc238fc6b42644976572e,car-00970,excel,car,BMW,,,Serie 3,F31,318dA Touring,BMW Serie 3 318dA Touring,2012-2015–,assets/vehicles/bmw/car-00970/,assets/vehicles/_quick/car-00970-1.webp,assets/vehicles/_quick/car-00970-2.webp,,,,content/articles/bmw/car-00970.md,no
ab9d1820fef35c91896af3f858002c192f9cb9f9,car-00971,excel,car,BMW,,,Serie 3,F31,318dA Touring,BMW Serie 3 318dA Touring,2015-2018–,assets/vehicles/bmw/car-00971/,assets/vehicles/_quick/car-00971-1.webp,assets/vehicles/_quick/car-00971-2.webp,,,,content/articles/bmw/car-00971.md,no
4534c1b436be57ad38667a328bc0e01d6cc8614a,car-00972,excel,car,BMW,,,Serie 3,F31,320dA Touring,BMW Serie 3 320dA Touring,2013-2015–,assets/vehicles/bmw/car-00972/,assets/vehicles/_quick/car-00972-1.webp,assets/vehicles/_quick/car-00972-2.webp,,,,content/articles/bmw/car-00972.md,no
68d5c8b3fe4f9524ef91c86cb4e42aa4947d4068,car-00973,excel,car,BMW,,,Serie 3,F31,320dA Touring,BMW Serie 3 320dA Touring,2012-2015–,assets/vehicles/bmw/car-00973/,assets/vehicles/_quick/car-00973-1.webp,assets/vehicles/_quick/car-00973-2.webp,,,,content/articles/bmw/car-00973.md,no
3b9a3d62f8b60352126b0678fedb249f0e455d51,car-00974,excel,car,BMW,,,Serie 3,F31,320dA Touring,BMW Serie 3 320dA Touring,2015-2018–,assets/vehicles/bmw/car-00974/,assets/vehicles/_quick/car-00974-1.webp,assets/vehicles/_quick/car-00974-2.webp,,,,content/articles/bmw/car-00974.md,no
aa2a77d0f3e9b5c2f205ab2d216c90bdb9160428,car-00975,excel,car,BMW,,,Serie 3,F31,320dA Touring xDrive,BMW Serie 3 320dA Touring xDrive,2015-2018–,assets/vehicles/bmw/car-00975/,assets/vehicles/_quick/car-00975-1.webp,assets/vehicles/_quick/car-00975-2.webp,,,,content/articles/bmw/car-00975.md,no
daa25c729131572b9ac0a75b256997db704071b8,car-00976,excel,car,BMW,,,Serie 3,F31,320dA Touring xDrive,BMW Serie 3 320dA Touring xDrive,2012-2015–,assets/vehicles/bmw/car-00976/,assets/vehicles/_quick/car-00976-1.webp,assets/vehicles/_quick/car-00976-2.webp,,,,content/articles/bmw/car-00976.md,no
957c4f7eaef954c338093e42173017fd1372f0b8,car-00977,excel,car,BMW,,,Serie 3,F31,320iA Touring,BMW Serie 3 320iA Touring,2012-2019–,assets/vehicles/bmw/car-00977/,assets/vehicles/_quick/car-00977-1.webp,assets/vehicles/_quick/car-00977-2.webp,,,,content/articles/bmw/car-00977.md,no
2a3dfe00da7d0b488039f47fc9fb07156ce722ff,car-00978,excel,car,BMW,,,Serie 3,F31,340iA xDrive Touring,BMW Serie 3 340iA xDrive Touring,2015-2018–,assets/vehicles/bmw/car-00978/,assets/vehicles/_quick/car-00978-1.webp,assets/vehicles/_quick/car-00978-2.webp,,,,content/articles/bmw/car-00978.md,no
f988db007743dbafc4ff57c5f5f65889afb49ef0,car-00979,excel,car,BMW,,,Serie 3,F34,318d GT,BMW Serie 3 318d GT,2013-2015–,assets/vehicles/bmw/car-00979/,assets/vehicles/_quick/car-00979-1.webp,assets/vehicles/_quick/car-00979-2.webp,,,,content/articles/bmw/car-00979.md,no
74bb1fff50738c46d339d47f71b5af2d5e7c9ff0,car-00980,excel,car,BMW,,,Serie 3,F34,318dA GT,BMW Serie 3 318dA GT,2013-2015–,assets/vehicles/bmw/car-00980/,assets/vehicles/_quick/car-00980-1.webp,assets/vehicles/_quick/car-00980-2.webp,,,,content/articles/bmw/car-00980.md,no
da11984dbbc78255210d3115ea643ad6434e6ab2,car-00981,excel,car,BMW,,,Serie 3,F34,320dA GT,BMW Serie 3 320dA GT,2015-2020–,assets/vehicles/bmw/car-00981/,assets/vehicles/_quick/car-00981-1.webp,assets/vehicles/_quick/car-00981-2.webp,,,,content/articles/bmw/car-00981.md,no
b7206e1a3c4b64edd8edb1d7c0939648c69b6924,car-00982,excel,car,BMW,,,Serie 3,F34,320dA GT,BMW Serie 3 320dA GT,2013-2015–,assets/vehicles/bmw/car-00982/,assets/vehicles/_quick/car-00982-1.webp,assets/vehicles/_quick/car-00982-2.webp,,,,content/articles/bmw/car-00982.md,no
8d3e534afccd6f2222afff063cc90c797656b303,car-00983,excel,car,BMW,,,Serie 3,F34,320dA GT xDrive,BMW Serie 3 320dA GT xDrive,2013-2015–,assets/vehicles/bmw/car-00983/,assets/vehicles/_quick/car-00983-1.webp,assets/vehicles/_quick/car-00983-2.webp,,,,content/articles/bmw/car-00983.md,no
3941263b3bec1ba6b0a85daf05627e264c524de7,car-00984,excel,car,BMW,,,Serie 3,F34,320i GT,BMW Serie 3 320i GT,2013-2015–,assets/vehicles/bmw/car-00984/,assets/vehicles/_quick/car-00984-1.webp,assets/vehicles/_quick/car-00984-2.webp,,,,content/articles/bmw/car-00984.md,no
b5810f666d40035edc22c931ef3d2aa114d49426,car-00985,excel,car,BMW,,,Serie 3,F34,325dA GT,BMW Serie 3 325dA GT,2013-2015–,assets/vehicles/bmw/car-00985/,assets/vehicles/_quick/car-00985-1.webp,assets/vehicles/_quick/car-00985-2.webp,,,,content/articles/bmw/car-00985.md,no
2b742fdeab476a9d033373811055b6517e7a9ffc,car-00986,excel,car,BMW,,,Serie 3,F34,325dA GT,BMW Serie 3 325dA GT,2016-2020–,assets/vehicles/bmw/car-00986/,assets/vehicles/_quick/car-00986-1.webp,assets/vehicles/_quick/car-00986-2.webp,,,,content/articles/bmw/car-00986.md,no
8f4cc92c7cc9eab7f7722c8566f576e4e1f032da,car-00987,excel,car,BMW,,,Serie 3,G20,318dA,BMW Serie 3 318dA,2019-2020–,assets/vehicles/bmw/car-00987/,assets/vehicles/_quick/car-00987-1.webp,assets/vehicles/_quick/car-00987-2.webp,,,,content/articles/bmw/car-00987.md,no
a272ee25d73ec354a1ae9d4d829aa7cb7ffed878,car-00988,excel,car,BMW,,,Serie 3,G20,318i,BMW Serie 3 318i,2020-–,assets/vehicles/bmw/car-00988/,assets/vehicles/_quick/car-00988-1.webp,assets/vehicles/_quick/car-00988-2.webp,,,,content/articles/bmw/car-00988.md,no
0724e8ee5f01aee8a2ba63aa52981be87128da75,car-00989,excel,car,BMW,,,Serie 3,G20,320d xDrive,BMW Serie 3 320d xDrive,2019-–,assets/vehicles/bmw/car-00989/,assets/vehicles/_quick/car-00989-1.webp,assets/vehicles/_quick/car-00989-2.webp,,,,content/articles/bmw/car-00989.md,no
0ade01cabf8e228b46992c6aa369ce09957914e3,car-00990,excel,car,BMW,,,Serie 3,G20,320dA,BMW Serie 3 320dA,2019-2020–,assets/vehicles/bmw/car-00990/,assets/vehicles/_quick/car-00990-1.webp,assets/vehicles/_quick/car-00990-2.webp,,,,content/articles/bmw/car-00990.md,no
7e3bfaf7f341fc590b99259a339cdca12c72f571,car-00991,excel,car,BMW,,,Serie 3,G20,320dA MHEV,BMW Serie 3 320dA MHEV,2021-–,assets/vehicles/bmw/car-00991/,assets/vehicles/_quick/car-00991-1.webp,assets/vehicles/_quick/car-00991-2.webp,,,,content/articles/bmw/car-00991.md,no
1c8e990c87a2c662db88f7b348b7fe4466ea381c,car-00992,excel,car,BMW,,,Serie 3,G20,320e,BMW Serie 3 320e,2021-–,assets/vehicles/bmw/car-00992/,assets/vehicles/_quick/car-00992-1.webp,assets/vehicles/_quick/car-00992-2.webp,,,,content/articles/bmw/car-00992.md,no
5f8013b3fd2c4e23df510188a924682c3a5c6149,car-00993,excel,car,BMW,,,Serie 3,G20,320i,BMW Serie 3 320i,2019-–,assets/vehicles/bmw/car-00993/,assets/vehicles/_quick/car-00993-1.webp,assets/vehicles/_quick/car-00993-2.webp,,,,content/articles/bmw/car-00993.md,no
f665879098367f279587ae1756d2ebde9cefd47d,car-00994,excel,car,BMW,,,Serie 3,G20,M340i,BMW Serie 3 M340i,2020-–,assets/vehicles/bmw/car-00994/,assets/vehicles/_quick/car-00994-1.webp,assets/vehicles/_quick/car-00994-2.webp,,,,content/articles/bmw/car-00994.md,no
d5bf0ae81c73218cd4265b84cacdc07477d68769,car-00995,excel,car,BMW,,,Serie 3,G20,M340i xDrive,BMW Serie 3 M340i xDrive,2019-2020–,assets/vehicles/bmw/car-00995/,assets/vehicles/_quick/car-00995-1.webp,assets/vehicles/_quick/car-00995-2.webp,,,,content/articles/bmw/car-00995.md,no
9a9013fe5350a12dd402c0733d54971b860836f0,car-00996,excel,car,BMW,,,Serie 3,G21,318dA Touring MHEV,BMW Serie 3 318dA Touring MHEV,2020-–,assets/vehicles/bmw/car-00996/,assets/vehicles/_quick/car-00996-1.webp,assets/vehicles/_quick/car-00996-2.webp,,,,content/articles/bmw/car-00996.md,no
927f8e874ea338258b1d1a36a13f75f391d4ee77,car-00997,excel,car,BMW,,,Serie 3,G21,320dA Touring,BMW Serie 3 320dA Touring,2019-2020–,assets/vehicles/bmw/car-00997/,assets/vehicles/_quick/car-00997-1.webp,assets/vehicles/_quick/car-00997-2.webp,,,,content/articles/bmw/car-00997.md,no
a92c73a2d852f9d065a3d264f4d3e3cd3794631e,car-00998,excel,car,BMW,,,Serie 3,G21,320dA Touring MHEV,BMW Serie 3 320dA Touring MHEV,2020-–,assets/vehicles/bmw/car-00998/,assets/vehicles/_quick/car-00998-1.webp,assets/vehicles/_quick/car-00998-2.webp,,,,content/articles/bmw/car-00998.md,no
ecaa9dcb6c5a711938a39290b0050a5a37614d43,car-00999,excel,car,BMW,,,Serie 3,G21,320dA Touring xDrive,BMW Serie 3 320dA Touring xDrive,2019-–,assets/vehicles/bmw/car-00999/,assets/vehicles/_quick/car-00999-1.webp,assets/vehicles/_quick/car-00999-2.webp,,,,content/articles/bmw/car-00999.md,no
0889e5d9c8e9472b870cac530d436a3a4f90c813,car-01000,excel,car,BMW,,,Serie 3,G21,320e Touring,BMW Serie 3 320e Touring,2021-–,assets/vehicles/bmw/car-01000/,assets/vehicles/_quick/car-01000-1.webp,assets/vehicles/_quick/car-01000-2.webp,,,,content/articles/bmw/car-01000.md,no
984d1e45232fc848dd30a0c6771443c1e2859e78,car-01001,excel,car,BMW,,,Serie 3,G21,M340i xDrive Touring,BMW Serie 3 M340i xDrive Touring,2019-2021–,assets/vehicles/bmw/car-01001/,assets/vehicles/_quick/car-01001-1.webp,assets/vehicles/_quick/car-01001-2.webp,,,,content/articles/bmw/car-01001.md,no
593fb6908db65547506228ecf3f6e7f0f5cea688,car-01002,excel,car,BMW,,,Serie 4,F36,430i Gran Coupé LCI,BMW Serie 4 430i Gran Coupé LCI,2017–2020,assets/vehicles/bmw/car-01002/,assets/vehicles/_quick/car-01002-1.webp,assets/vehicles/_quick/car-01002-2.webp,,,,content/articles/bmw/car-01002.md,no
0d34d2c4c4472be50d9b637ebcdbf5e59ce3fa21,car-01003,excel,car,BMW,,,Serie 4,F32,440i xDrive,BMW Serie 4 440i xDrive,2016-2020–,assets/vehicles/bmw/car-01003/,assets/vehicles/_quick/car-01003-1.webp,assets/vehicles/_quick/car-01003-2.webp,,,,content/articles/bmw/car-01003.md,no
3905b4cd72364780f8965f1a4461059c24b5e21b,car-01004,excel,car,BMW,,,Serie 4,F32,440iA,BMW Serie 4 440iA,2016-2020–,assets/vehicles/bmw/car-01004/,assets/vehicles/_quick/car-01004-1.webp,assets/vehicles/_quick/car-01004-2.webp,,,,content/articles/bmw/car-01004.md,no
afd2e9b3a4d8f1946885427610d058c814bcdf8e,car-01005,excel,car,BMW,,,Serie 4,F32,440iA MPerformance,BMW Serie 4 440iA MPerformance,2016–2020,assets/vehicles/bmw/car-01005/,assets/vehicles/_quick/car-01005-1.webp,assets/vehicles/_quick/car-01005-2.webp,,,,content/articles/bmw/car-01005.md,no
3af82f9a38d7707e4f8245adb6ac1f57c2b98d92,car-01006,excel,car,BMW,,,Serie 4,F33,440iA Cab,BMW Serie 4 440iA Cab,2016-2020–,assets/vehicles/bmw/car-01006/,assets/vehicles/_quick/car-01006-1.webp,assets/vehicles/_quick/car-01006-2.webp,,,,content/articles/bmw/car-01006.md,no
04b7df77bd9a71769b03898c2d943308cb5378bd,car-01007,excel,car,BMW,,,Serie 4,F36,440i Gran Coupé xDrive,BMW Serie 4 440i Gran Coupé xDrive,2016-2020–,assets/vehicles/bmw/car-01007/,assets/vehicles/_quick/car-01007-1.webp,assets/vehicles/_quick/car-01007-2.webp,,,,content/articles/bmw/car-01007.md,no
6fe00538ebf6bb28053023cdc4bbc9d4cbb7c350,car-01008,excel,car,BMW,,,Serie 4,F36,440i Gran Coupé xDrive MPerformance,BMW Serie 4 440i Gran Coupé xDrive MPerformance,2016-2020–,assets/vehicles/bmw/car-01008/,assets/vehicles/_quick/car-01008-1.webp,assets/vehicles/_quick/car-01008-2.webp,,,,content/articles/bmw/car-01008.md,no
1e1074d6840e935f5042bad9909a63ad961dac52,car-01009,excel,car,BMW,,,Serie 4,F36,440iA Gran Coupé,BMW Serie 4 440iA Gran Coupé,2016-2020–,assets/vehicles/bmw/car-01009/,assets/vehicles/_quick/car-01009-1.webp,assets/vehicles/_quick/car-01009-2.webp,,,,content/articles/bmw/car-01009.md,no
3cb3e15300a4c74a428970427bddce83df2e0bb4,car-01010,excel,car,BMW,,,Serie 4,F36,440iA Gran Coupé MPerformance,BMW Serie 4 440iA Gran Coupé MPerformance,2016-2020–,assets/vehicles/bmw/car-01010/,assets/vehicles/_quick/car-01010-1.webp,assets/vehicles/_quick/car-01010-2.webp,,,,content/articles/bmw/car-01010.md,no
60e889c6d0438213d59268c97a133347b36c20c1,car-01011,excel,car,BMW,,,Serie 4,G22,420d Coupé,BMW Serie 4 420d Coupé,2020–2024,assets/vehicles/bmw/car-01011/,assets/vehicles/_quick/car-01011-1.webp,assets/vehicles/_quick/car-01011-2.webp,,,,content/articles/bmw/car-01011.md,no
8222f94efab2938dc4b94186d93166f1c4ac9924,car-01012,excel,car,BMW,,,Serie 4,G22,420i Coupé,BMW Serie 4 420i Coupé,2020–2024,assets/vehicles/bmw/car-01012/,assets/vehicles/_quick/car-01012-1.webp,assets/vehicles/_quick/car-01012-2.webp,,,,content/articles/bmw/car-01012.md,no
ae0e0a34c252693198d6628a0ca38dffe682f911,car-01013,excel,car,BMW,,,Serie 4,G22,430d Coupé,BMW Serie 4 430d Coupé,2020–2024,assets/vehicles/bmw/car-01013/,assets/vehicles/_quick/car-01013-1.webp,assets/vehicles/_quick/car-01013-2.webp,,,,content/articles/bmw/car-01013.md,no
6f0412d788eee776a0e84df5962afb7676f6781b,car-01014,excel,car,BMW,,,Serie 4,G22,430d xDrive Coupé,BMW Serie 4 430d xDrive Coupé,2020–2024,assets/vehicles/bmw/car-01014/,assets/vehicles/_quick/car-01014-1.webp,assets/vehicles/_quick/car-01014-2.webp,,,,content/articles/bmw/car-01014.md,no
11b408e613805fc0f952618f44d77a291fa8078f,car-01015,excel,car,BMW,,,Serie 4,G22,430i Coupé,BMW Serie 4 430i Coupé,2020–2024,assets/vehicles/bmw/car-01015/,assets/vehicles/_quick/car-01015-1.webp,assets/vehicles/_quick/car-01015-2.webp,,,,content/articles/bmw/car-01015.md,no
497549bed0291bbb64a19a1ef1cab88d62f5d0ec,car-01016,excel,car,BMW,,,Serie 4,G22,M440i,BMW Serie 4 M440i,2021-–,assets/vehicles/bmw/car-01016/,assets/vehicles/_quick/car-01016-1.webp,assets/vehicles/_quick/car-01016-2.webp,,,,content/articles/bmw/car-01016.md,no
6eebe52f12dc6d7cd0d6d944a4b54fd4e9f50c91,car-01017,excel,car,BMW,,,Serie 4,G22,M440i xDrive,BMW Serie 4 M440i xDrive,2020-–,assets/vehicles/bmw/car-01017/,assets/vehicles/_quick/car-01017-1.webp,assets/vehicles/_quick/car-01017-2.webp,,,,content/articles/bmw/car-01017.md,no
7ac40229afc1f403df8fc6ab3919f509b1edd8bc,car-01018,excel,car,BMW,,,Serie 4,G22,M440i xDrive Cabrio,BMW Serie 4 M440i xDrive Cabrio,2021-–,assets/vehicles/bmw/car-01018/,assets/vehicles/_quick/car-01018-1.webp,assets/vehicles/_quick/car-01018-2.webp,,,,content/articles/bmw/car-01018.md,no
ba8c857c6abdeb3ca2e3494c617e82503277411a,car-01019,excel,car,BMW,,,Serie 4,G22,M440i xDrive Gran Coupé,BMW Serie 4 M440i xDrive Gran Coupé,2021-–,assets/vehicles/bmw/car-01019/,assets/vehicles/_quick/car-01019-1.webp,assets/vehicles/_quick/car-01019-2.webp,,,,content/articles/bmw/car-01019.md,no
2a912a68045bb613d31f7053849a6c251a946f8d,car-01020,excel,car,BMW,,,Serie 5,E28,520i,BMW Serie 5 520i,1981-1988–,assets/vehicles/bmw/car-01020/,assets/vehicles/_quick/car-01020-1.webp,assets/vehicles/_quick/car-01020-2.webp,,,,content/articles/bmw/car-01020.md,no
0bb4d88aabb96b4128e908d666f8d7e63b372b4d,car-01021,excel,car,BMW,,,Serie 5,E28,525e,BMW Serie 5 525e,1983-1985–,assets/vehicles/bmw/car-01021/,assets/vehicles/_quick/car-01021-1.webp,assets/vehicles/_quick/car-01021-2.webp,,,,content/articles/bmw/car-01021.md,no
dff188675d0aafc53fec17d3587e310bcb83a457,car-01022,excel,car,BMW,,,Serie 5,E28,525e,BMW Serie 5 525e,1985-1987–,assets/vehicles/bmw/car-01022/,assets/vehicles/_quick/car-01022-1.webp,assets/vehicles/_quick/car-01022-2.webp,,,,content/articles/bmw/car-01022.md,no
544552ad6499a3d3c4120497476947691a90117c,car-01023,excel,car,BMW,,,Serie 5,E34,520i,BMW Serie 5 520i,1990-1996–,assets/vehicles/bmw/car-01023/,assets/vehicles/_quick/car-01023-1.webp,assets/vehicles/_quick/car-01023-2.webp,,,,content/articles/bmw/car-01023.md,no
92b7864759481f0d3bfd5407562a395694ea9791,car-01024,excel,car,BMW,,,Serie 5,E34,520i,BMW Serie 5 520i,1988-1990–,assets/vehicles/bmw/car-01024/,assets/vehicles/_quick/car-01024-1.webp,assets/vehicles/_quick/car-01024-2.webp,,,,content/articles/bmw/car-01024.md,no
c5fa3f0a1277446f7f85451266f26e60e1018328,car-01025,excel,car,BMW,,,Serie 5,E34,520i Touring,BMW Serie 5 520i Touring,1990-1996–,assets/vehicles/bmw/car-01025/,assets/vehicles/_quick/car-01025-1.webp,assets/vehicles/_quick/car-01025-2.webp,,,,content/articles/bmw/car-01025.md,no
5a5a105f6160cba00b1a58fd45c1e3ef8f2c3cde,car-01026,excel,car,BMW,,,Serie 5,E34,525i,BMW Serie 5 525i,1990-1996–,assets/vehicles/bmw/car-01026/,assets/vehicles/_quick/car-01026-1.webp,assets/vehicles/_quick/car-01026-2.webp,,,,content/articles/bmw/car-01026.md,no
2b760b4cf6b66a070a660f4ad885bf720c8208e9,car-01027,excel,car,BMW,,,Serie 5,E34,525i,BMW Serie 5 525i,1987-1990–,assets/vehicles/bmw/car-01027/,assets/vehicles/_quick/car-01027-1.webp,assets/vehicles/_quick/car-01027-2.webp,,,,content/articles/bmw/car-01027.md,no
d3b5bbb564c05e89d284de97095b74f0073c7554,car-01028,excel,car,BMW,,,Serie 5,E34,525iA,BMW Serie 5 525iA,1990-1996–,assets/vehicles/bmw/car-01028/,assets/vehicles/_quick/car-01028-1.webp,assets/vehicles/_quick/car-01028-2.webp,,,,content/articles/bmw/car-01028.md,no
d154f90f28ceaf2eb42be1a60e159abcd2b5a749,car-01029,excel,car,BMW,,,Serie 5,E34,540i,BMW Serie 5 540i,1992-1996–,assets/vehicles/bmw/car-01029/,assets/vehicles/_quick/car-01029-1.webp,assets/vehicles/_quick/car-01029-2.webp,,,,content/articles/bmw/car-01029.md,no
5b9956e5f6cb6cad28b00685acf4f88bb60bd6f6,car-01030,excel,car,BMW,,,Serie 5,E34,540IA,BMW Serie 5 540IA,1992-1996–,assets/vehicles/bmw/car-01030/,assets/vehicles/_quick/car-01030-1.webp,assets/vehicles/_quick/car-01030-2.webp,,,,content/articles/bmw/car-01030.md,no
93ac6246a4bb44987c8ebc73eaf39459cef4d84c,car-01031,excel,car,BMW,,,Serie 5,E39,520d,BMW Serie 5 520d,2000-2003–,assets/vehicles/bmw/car-01031/,assets/vehicles/_quick/car-01031-1.webp,assets/vehicles/_quick/car-01031-2.webp,,,,content/articles/bmw/car-01031.md,no
57a03fd25a798f55d8ebfcf7dc63224a5cee4689,car-01032,excel,car,BMW,,,Serie 5,E39,520i,BMW Serie 5 520i,2000-2003–,assets/vehicles/bmw/car-01032/,assets/vehicles/_quick/car-01032-1.webp,assets/vehicles/_quick/car-01032-2.webp,,,,content/articles/bmw/car-01032.md,no
2decfe170078c3d697de2301e2ff9a854a0e02be,car-01033,excel,car,BMW,,,Serie 5,E39,520i,BMW Serie 5 520i,1995-2000–,assets/vehicles/bmw/car-01033/,assets/vehicles/_quick/car-01033-1.webp,assets/vehicles/_quick/car-01033-2.webp,,,,content/articles/bmw/car-01033.md,no
a3289377f12eab9940e433392b90bfe9bf7a1bbf,car-01034,excel,car,BMW,,,Serie 5,E39,523i,BMW Serie 5 523i,1995-1998–,assets/vehicles/bmw/car-01034/,assets/vehicles/_quick/car-01034-1.webp,assets/vehicles/_quick/car-01034-2.webp,,,,content/articles/bmw/car-01034.md,no
5b0a5df1a1a87fc509307440fa72b937bd6bb4d0,car-01035,excel,car,BMW,,,Serie 5,E39,525 Tds,BMW Serie 5 525 Tds,1995-2000–,assets/vehicles/bmw/car-01035/,assets/vehicles/_quick/car-01035-1.webp,assets/vehicles/_quick/car-01035-2.webp,,,,content/articles/bmw/car-01035.md,no
56b98f94d3759dc8627592151b011f4bf3b177d1,car-01036,excel,car,BMW,,,Serie 5,E39,525d,BMW Serie 5 525d,2000-2003–,assets/vehicles/bmw/car-01036/,assets/vehicles/_quick/car-01036-1.webp,assets/vehicles/_quick/car-01036-2.webp,,,,content/articles/bmw/car-01036.md,no
e33b49b4de891f597feb2bfce1f2af97069d95ba,car-01037,excel,car,BMW,,,Serie 5,E39,525d Touring,BMW Serie 5 525d Touring,2000-2003–,assets/vehicles/bmw/car-01037/,assets/vehicles/_quick/car-01037-1.webp,assets/vehicles/_quick/car-01037-2.webp,,,,content/articles/bmw/car-01037.md,no
ff0acbb0d28937fe047dc44091dfb43104fdd8e3,car-01038,excel,car,BMW,,,Serie 5,E39,525dA,BMW Serie 5 525dA,2000-2003–,assets/vehicles/bmw/car-01038/,assets/vehicles/_quick/car-01038-1.webp,assets/vehicles/_quick/car-01038-2.webp,,,,content/articles/bmw/car-01038.md,no
a4c84c6fcc459ea64f26d13c83813c44ab2966f9,car-01039,excel,car,BMW,,,Serie 5,E39,525i,BMW Serie 5 525i,2000-2003–,assets/vehicles/bmw/car-01039/,assets/vehicles/_quick/car-01039-1.webp,assets/vehicles/_quick/car-01039-2.webp,,,,content/articles/bmw/car-01039.md,no
31c84f365947597b7af0f138da81c53e3dce7397,car-01040,excel,car,BMW,,,Serie 5,E39,528i,BMW Serie 5 528i,1995–2000,assets/vehicles/bmw/car-01040/,assets/vehicles/_quick/car-01040-1.webp,assets/vehicles/_quick/car-01040-2.webp,,,,content/articles/bmw/car-01040.md,no
6e93d41c01139fdb50d3e12702029fcbc66692b2,car-01041,excel,car,BMW,,,Serie 5,E39,528i Touring,BMW Serie 5 528i Touring,1996-2000–,assets/vehicles/bmw/car-01041/,assets/vehicles/_quick/car-01041-1.webp,assets/vehicles/_quick/car-01041-2.webp,,,,content/articles/bmw/car-01041.md,no
76d465df26f95befc00e0201e22b1ad1533de5af,car-01042,excel,car,BMW,,,Serie 5,E39,528iA,BMW Serie 5 528iA,1995–2000,assets/vehicles/bmw/car-01042/,assets/vehicles/_quick/car-01042-1.webp,assets/vehicles/_quick/car-01042-2.webp,,,,content/articles/bmw/car-01042.md,no
068acb18728ef278e3d08ea78ebd7814f5adf61a,car-01043,excel,car,BMW,,,Serie 5,E39,530d,BMW Serie 5 530d,2000-2003–,assets/vehicles/bmw/car-01043/,assets/vehicles/_quick/car-01043-1.webp,assets/vehicles/_quick/car-01043-2.webp,,,,content/articles/bmw/car-01043.md,no
d7f0f24a4a724f7750f4e600dd5b389da9a664c4,car-01044,excel,car,BMW,,,Serie 5,E39,530d,BMW Serie 5 530d,1998-2000–,assets/vehicles/bmw/car-01044/,assets/vehicles/_quick/car-01044-1.webp,assets/vehicles/_quick/car-01044-2.webp,,,,content/articles/bmw/car-01044.md,no
f9f7157bdcb77bfadbd82250a9c9e090745f2dd7,car-01045,excel,car,BMW,,,Serie 5,E39,530d Touring,BMW Serie 5 530d Touring,2000-2004–,assets/vehicles/bmw/car-01045/,assets/vehicles/_quick/car-01045-1.webp,assets/vehicles/_quick/car-01045-2.webp,,,,content/articles/bmw/car-01045.md,no
e347acce83a66e04a1f124a8b3c2e79dd83f7c66,car-01046,excel,car,BMW,,,Serie 5,E39,530dA,BMW Serie 5 530dA,1998-2000–,assets/vehicles/bmw/car-01046/,assets/vehicles/_quick/car-01046-1.webp,assets/vehicles/_quick/car-01046-2.webp,,,,content/articles/bmw/car-01046.md,no
f5c9fa6b4c6586c1319176537487ee4c445d3a36,car-01047,excel,car,BMW,,,Serie 5,E39,530dA Touring,BMW Serie 5 530dA Touring,1998-2000–,assets/vehicles/bmw/car-01047/,assets/vehicles/_quick/car-01047-1.webp,assets/vehicles/_quick/car-01047-2.webp,,,,content/articles/bmw/car-01047.md,no
7f9ec53738b79faab133f621d6377aa922a56b71,car-01048,excel,car,BMW,,,Serie 5,E39,530i,BMW Serie 5 530i,2000–2003,assets/vehicles/bmw/car-01048/,assets/vehicles/_quick/car-01048-1.webp,assets/vehicles/_quick/car-01048-2.webp,,,,content/articles/bmw/car-01048.md,no
7529819bb4d1f7163ec2487a803b2cd7eb8f231b,car-01049,excel,car,BMW,,,Serie 5,E39,530iA,BMW Serie 5 530iA,2000–2003,assets/vehicles/bmw/car-01049/,assets/vehicles/_quick/car-01049-1.webp,assets/vehicles/_quick/car-01049-2.webp,,,,content/articles/bmw/car-01049.md,no
93892394d93db786cc75345e0f964c9807f7424b,car-01050,excel,car,BMW,,,Serie 5,E39,535i,BMW Serie 5 535i,1996-2000–,assets/vehicles/bmw/car-01050/,assets/vehicles/_quick/car-01050-1.webp,assets/vehicles/_quick/car-01050-2.webp,,,,content/articles/bmw/car-01050.md,no
6896f5111cfdcc524ee3ef556115c34f5d94f314,car-01051,excel,car,BMW,,,Serie 5,E39,540i,BMW Serie 5 540i,1996-2003–,assets/vehicles/bmw/car-01051/,assets/vehicles/_quick/car-01051-1.webp,assets/vehicles/_quick/car-01051-2.webp,,,,content/articles/bmw/car-01051.md,no
9684eab1a66bbcb43c6c537e16188508bcb7c2a2,car-01052,excel,car,BMW,,,Serie 5,E39,540iA,BMW Serie 5 540iA,1996-2003–,assets/vehicles/bmw/car-01052/,assets/vehicles/_quick/car-01052-1.webp,assets/vehicles/_quick/car-01052-2.webp,,,,content/articles/bmw/car-01052.md,no
64209c763f9acd0be29c1ed30619adc459359715,car-01053,excel,car,BMW,,,Serie 5,E39,540iA Touring,BMW Serie 5 540iA Touring,1996-2003–,assets/vehicles/bmw/car-01053/,assets/vehicles/_quick/car-01053-1.webp,assets/vehicles/_quick/car-01053-2.webp,,,,content/articles/bmw/car-01053.md,no
40db1c00b8a2328d79a59b758384092547ae6702,car-01054,excel,car,BMW,,,Serie 5,E39,M5,BMW Serie 5 M5,1998-2003–,assets/vehicles/bmw/car-01054/,assets/vehicles/_quick/car-01054-1.webp,assets/vehicles/_quick/car-01054-2.webp,,,,content/articles/bmw/car-01054.md,no
bb6b17ab89f5a8575dbc273e4d513989253b4786,car-01055,excel,car,BMW,,,Serie 5,E60,520d,BMW Serie 5 520d,2007-2010–,assets/vehicles/bmw/car-01055/,assets/vehicles/_quick/car-01055-1.webp,assets/vehicles/_quick/car-01055-2.webp,,,,content/articles/bmw/car-01055.md,no
467960fd5143aa19958558b0caf4e998dcb2a70a,car-01056,excel,car,BMW,,,Serie 5,E60,520d,BMW Serie 5 520d,2005-2007–,assets/vehicles/bmw/car-01056/,assets/vehicles/_quick/car-01056-1.webp,assets/vehicles/_quick/car-01056-2.webp,,,,content/articles/bmw/car-01056.md,no
9ca49da4bce192ca870e67c0f9a55533a48b6f06,car-01057,excel,car,BMW,,,Serie 5,E60,520dA,BMW Serie 5 520dA,2007-2010–,assets/vehicles/bmw/car-01057/,assets/vehicles/_quick/car-01057-1.webp,assets/vehicles/_quick/car-01057-2.webp,,,,content/articles/bmw/car-01057.md,no
161a525742abbc5b43f09ee48ebeea75d4da71fd,car-01058,excel,car,BMW,,,Serie 5,E60,520i,BMW Serie 5 520i,2003-2005–,assets/vehicles/bmw/car-01058/,assets/vehicles/_quick/car-01058-1.webp,assets/vehicles/_quick/car-01058-2.webp,,,,content/articles/bmw/car-01058.md,no
6ffd111f6eb14453153a97605506a7c2f34a222c,car-01059,excel,car,BMW,,,Serie 5,E60,523i,BMW Serie 5 523i,2004-2007–,assets/vehicles/bmw/car-01059/,assets/vehicles/_quick/car-01059-1.webp,assets/vehicles/_quick/car-01059-2.webp,,,,content/articles/bmw/car-01059.md,no
b9f26ddfdaf56b71f6a3ed734a6d87dd5605ed9e,car-01060,excel,car,BMW,,,Serie 5,E60,523iA,BMW Serie 5 523iA,2007-2010–,assets/vehicles/bmw/car-01060/,assets/vehicles/_quick/car-01060-1.webp,assets/vehicles/_quick/car-01060-2.webp,,,,content/articles/bmw/car-01060.md,no
c964375a0c30996bf6d00eefc4bac20701379b99,car-01061,excel,car,BMW,,,Serie 5,E60,525d,BMW Serie 5 525d,2007-2010–,assets/vehicles/bmw/car-01061/,assets/vehicles/_quick/car-01061-1.webp,assets/vehicles/_quick/car-01061-2.webp,,,,content/articles/bmw/car-01061.md,no
a30cbdeae02c6aa3c2dff8b88e11ccec386574ae,car-01062,excel,car,BMW,,,Serie 5,E60,525d,BMW Serie 5 525d,2003-2007–,assets/vehicles/bmw/car-01062/,assets/vehicles/_quick/car-01062-1.webp,assets/vehicles/_quick/car-01062-2.webp,,,,content/articles/bmw/car-01062.md,no
3e2409a9e5d4fa96dc7dee2629f5d4607e7ddc76,car-01063,excel,car,BMW,,,Serie 5,E60,525dA,BMW Serie 5 525dA,2007-2010–,assets/vehicles/bmw/car-01063/,assets/vehicles/_quick/car-01063-1.webp,assets/vehicles/_quick/car-01063-2.webp,,,,content/articles/bmw/car-01063.md,no
87447fbc7ce33768596c2cb0f4b4cc80dd7239bd,car-01064,excel,car,BMW,,,Serie 5,E60,525dA,BMW Serie 5 525dA,2003-2007–,assets/vehicles/bmw/car-01064/,assets/vehicles/_quick/car-01064-1.webp,assets/vehicles/_quick/car-01064-2.webp,,,,content/articles/bmw/car-01064.md,no
95263de2e5d90b2185287b1b755aa6396a84e9f6,car-01065,excel,car,BMW,,,Serie 5,E60,525i,BMW Serie 5 525i,2007-2010–,assets/vehicles/bmw/car-01065/,assets/vehicles/_quick/car-01065-1.webp,assets/vehicles/_quick/car-01065-2.webp,,,,content/articles/bmw/car-01065.md,no
0c91a2692f94d1cff4eb8b315883173ac32688af,car-01066,excel,car,BMW,,,Serie 5,E60,525iA,BMW Serie 5 525iA,2007-2010–,assets/vehicles/bmw/car-01066/,assets/vehicles/_quick/car-01066-1.webp,assets/vehicles/_quick/car-01066-2.webp,,,,content/articles/bmw/car-01066.md,no
1b174a8797439296220cb3b69b636675886ae251,car-01067,excel,car,BMW,,,Serie 5,E60,530d,BMW Serie 5 530d,2007-2010–,assets/vehicles/bmw/car-01067/,assets/vehicles/_quick/car-01067-1.webp,assets/vehicles/_quick/car-01067-2.webp,,,,content/articles/bmw/car-01067.md,no
0676a2d278ce16be62f058b88c44c20e40801801,car-01068,excel,car,BMW,,,Serie 5,E60,530d,BMW Serie 5 530d,2005-2007–,assets/vehicles/bmw/car-01068/,assets/vehicles/_quick/car-01068-1.webp,assets/vehicles/_quick/car-01068-2.webp,,,,content/articles/bmw/car-01068.md,no
5ef38b7330ee63c11b5d4cee4b01a0fcadbd567f,car-01069,excel,car,BMW,,,Serie 5,E60,530d,BMW Serie 5 530d,2003-2005–,assets/vehicles/bmw/car-01069/,assets/vehicles/_quick/car-01069-1.webp,assets/vehicles/_quick/car-01069-2.webp,,,,content/articles/bmw/car-01069.md,no
cadc838c31c79728c01ba6bd6f59d363a3dce107,car-01070,excel,car,BMW,,,Serie 5,E60,530dA,BMW Serie 5 530dA,2007-2010–,assets/vehicles/bmw/car-01070/,assets/vehicles/_quick/car-01070-1.webp,assets/vehicles/_quick/car-01070-2.webp,,,,content/articles/bmw/car-01070.md,no
2ef433b4ce8460f6ac990f71c247a7d6db5656a9,car-01071,excel,car,BMW,,,Serie 5,E60,530dA,BMW Serie 5 530dA,2003-2005–,assets/vehicles/bmw/car-01071/,assets/vehicles/_quick/car-01071-1.webp,assets/vehicles/_quick/car-01071-2.webp,,,,content/articles/bmw/car-01071.md,no
674b205161b74596d860ee6c6e29a345a66d374b,car-01072,excel,car,BMW,,,Serie 5,E60,530i,BMW Serie 5 530i,2003–2005,assets/vehicles/bmw/car-01072/,assets/vehicles/_quick/car-01072-1.webp,assets/vehicles/_quick/car-01072-2.webp,,,,content/articles/bmw/car-01072.md,no
104f78854cf9e95b0c51f084b0b6c198dffe4b55,car-01073,excel,car,BMW,,,Serie 5,E60,530iA,BMW Serie 5 530iA,2007-2010–,assets/vehicles/bmw/car-01073/,assets/vehicles/_quick/car-01073-1.webp,assets/vehicles/_quick/car-01073-2.webp,,,,content/articles/bmw/car-01073.md,no
3e1b48833d2a3d00664ba70b94487a37c78024c9,car-01074,excel,car,BMW,,,Serie 5,E60,530iA,BMW Serie 5 530iA,2005-2007–,assets/vehicles/bmw/car-01074/,assets/vehicles/_quick/car-01074-1.webp,assets/vehicles/_quick/car-01074-2.webp,,,,content/articles/bmw/car-01074.md,no
4ba090ff189b746afd422a74b0a46e24910e324d,car-01075,excel,car,BMW,,,Serie 5,E60,530iA,BMW Serie 5 530iA,2003-2005–,assets/vehicles/bmw/car-01075/,assets/vehicles/_quick/car-01075-1.webp,assets/vehicles/_quick/car-01075-2.webp,,,,content/articles/bmw/car-01075.md,no
4de4d481db5c393860931b85a9fbf8968e41732f,car-01076,excel,car,BMW,,,Serie 5,E60,530Xi,BMW Serie 5 530Xi,2007-2010–,assets/vehicles/bmw/car-01076/,assets/vehicles/_quick/car-01076-1.webp,assets/vehicles/_quick/car-01076-2.webp,,,,content/articles/bmw/car-01076.md,no
02dcec3896fb90818202529ef372fb1766888dc9,car-01077,excel,car,BMW,,,Serie 5,E60,530XiA,BMW Serie 5 530XiA,2005-2007–,assets/vehicles/bmw/car-01077/,assets/vehicles/_quick/car-01077-1.webp,assets/vehicles/_quick/car-01077-2.webp,,,,content/articles/bmw/car-01077.md,no
e9fdaf61c37da04f9857eced756a50045cb1bbea,car-01078,excel,car,BMW,,,Serie 5,E60,535d,BMW Serie 5 535d,2007-2010–,assets/vehicles/bmw/car-01078/,assets/vehicles/_quick/car-01078-1.webp,assets/vehicles/_quick/car-01078-2.webp,,,,content/articles/bmw/car-01078.md,no
5113f038c8c985d08c5c1808bc8367d06cb96b8c,car-01079,excel,car,BMW,,,Serie 5,E60,535d,BMW Serie 5 535d,2004-2007–,assets/vehicles/bmw/car-01079/,assets/vehicles/_quick/car-01079-1.webp,assets/vehicles/_quick/car-01079-2.webp,,,,content/articles/bmw/car-01079.md,no
547cd09e0ec9adc3fb24ad641763d47e49058f9e,car-01080,excel,car,BMW,,,Serie 5,E60,535i,BMW Serie 5 535i,2008-2010–,assets/vehicles/bmw/car-01080/,assets/vehicles/_quick/car-01080-1.webp,assets/vehicles/_quick/car-01080-2.webp,,,,content/articles/bmw/car-01080.md,no
8152c8bd0e9ae908bc8593df9ba673fd31fd38f6,car-01081,excel,car,BMW,,,Serie 5,E60,535iA,BMW Serie 5 535iA,2008-2010–,assets/vehicles/bmw/car-01081/,assets/vehicles/_quick/car-01081-1.webp,assets/vehicles/_quick/car-01081-2.webp,,,,content/articles/bmw/car-01081.md,no
91eef5a3ff6f9e28fc2e73aed8cf67717b8becc1,car-01082,excel,car,BMW,,,Serie 5,E60,540iA,BMW Serie 5 540iA,2005-2010–,assets/vehicles/bmw/car-01082/,assets/vehicles/_quick/car-01082-1.webp,assets/vehicles/_quick/car-01082-2.webp,,,,content/articles/bmw/car-01082.md,no
be2458ff729eb3106b78fde4f3c99d1030874779,car-01083,excel,car,BMW,,,Serie 5,E60,545i,BMW Serie 5 545i,2003-2005–,assets/vehicles/bmw/car-01083/,assets/vehicles/_quick/car-01083-1.webp,assets/vehicles/_quick/car-01083-2.webp,,,,content/articles/bmw/car-01083.md,no
cafae64ad5c614087d623502148f84b1a4aaf068,car-01084,excel,car,BMW,,,Serie 5,E60,545iA,BMW Serie 5 545iA,2003-2005–,assets/vehicles/bmw/car-01084/,assets/vehicles/_quick/car-01084-1.webp,assets/vehicles/_quick/car-01084-2.webp,,,,content/articles/bmw/car-01084.md,no
a30d143aaa3f2ac1b47c87abcf47148532d93cee,car-01085,excel,car,BMW,,,Serie 5,E60,550iA,BMW Serie 5 550iA,2005-2010–,assets/vehicles/bmw/car-01085/,assets/vehicles/_quick/car-01085-1.webp,assets/vehicles/_quick/car-01085-2.webp,,,,content/articles/bmw/car-01085.md,no
726e35d4e7eba3822ba657b85dfb86bc0eab10cb,car-01086,excel,car,BMW,,,Serie 5,E60,M5,BMW Serie 5 M5,2004-2010–,assets/vehicles/bmw/car-01086/,assets/vehicles/_quick/car-01086-1.webp,assets/vehicles/_quick/car-01086-2.webp,,,,content/articles/bmw/car-01086.md,no
5598731606881904c3000f47a708db6b968688fa,car-01087,excel,car,BMW,,,Serie 5,E61,520d Touring,BMW Serie 5 520d Touring,2005-2007–,assets/vehicles/bmw/car-01087/,assets/vehicles/_quick/car-01087-1.webp,assets/vehicles/_quick/car-01087-2.webp,,,,content/articles/bmw/car-01087.md,no
606ee08fd1a583868fa45f430481b0e9b1db648e,car-01088,excel,car,BMW,,,Serie 5,E61,525d Touring,BMW Serie 5 525d Touring,2007-2010–,assets/vehicles/bmw/car-01088/,assets/vehicles/_quick/car-01088-1.webp,assets/vehicles/_quick/car-01088-2.webp,,,,content/articles/bmw/car-01088.md,no
de1b692f4ae1bc614ae7700e3e33c7eeb8cafb94,car-01089,excel,car,BMW,,,Serie 5,E61,525d Touring,BMW Serie 5 525d Touring,2003-2007–,assets/vehicles/bmw/car-01089/,assets/vehicles/_quick/car-01089-1.webp,assets/vehicles/_quick/car-01089-2.webp,,,,content/articles/bmw/car-01089.md,no
da000d1922e0278e887dfbd3a95ed1dc7afb196c,car-01090,excel,car,BMW,,,Serie 5,E61,525dA Touring,BMW Serie 5 525dA Touring,2003-2007–,assets/vehicles/bmw/car-01090/,assets/vehicles/_quick/car-01090-1.webp,assets/vehicles/_quick/car-01090-2.webp,,,,content/articles/bmw/car-01090.md,no
263650ae54bb5c276bad00234652e4e9f981c189,car-01091,excel,car,BMW,,,Serie 5,E61,525dA Touring,BMW Serie 5 525dA Touring,2007-2010–,assets/vehicles/bmw/car-01091/,assets/vehicles/_quick/car-01091-1.webp,assets/vehicles/_quick/car-01091-2.webp,,,,content/articles/bmw/car-01091.md,no
a4a3a6649a3511f8ce3682859750c300a165b095,car-01092,excel,car,BMW,,,Serie 5,E61,530XdA Touring,BMW Serie 5 530XdA Touring,2007-2010–,assets/vehicles/bmw/car-01092/,assets/vehicles/_quick/car-01092-1.webp,assets/vehicles/_quick/car-01092-2.webp,,,,content/articles/bmw/car-01092.md,no
c54a5fca39cca0a9c305f6e711019e25dc42e006,car-01093,excel,car,BMW,,,Serie 5,E61,530XdA Touring,BMW Serie 5 530XdA Touring,2005-2007–,assets/vehicles/bmw/car-01093/,assets/vehicles/_quick/car-01093-1.webp,assets/vehicles/_quick/car-01093-2.webp,,,,content/articles/bmw/car-01093.md,no
f0c6eb0d7e403367a2a533a21b52acf1b5d13130,car-01094,excel,car,BMW,,,Serie 5,F90,M5,BMW Serie 5 M5,2018-–,assets/vehicles/bmw/car-01094/,assets/vehicles/_quick/car-01094-1.webp,assets/vehicles/_quick/car-01094-2.webp,,,,content/articles/bmw/car-01094.md,no
bd8b5cc805be63d60f785a7a8c7edf5fc035d34a,car-01095,excel,car,BMW,,,Serie 5,G30,540i,BMW Serie 5 540i,2017-2020–,assets/vehicles/bmw/car-01095/,assets/vehicles/_quick/car-01095-1.webp,assets/vehicles/_quick/car-01095-2.webp,,,,content/articles/bmw/car-01095.md,no
bd8b5cc805be63d60f785a7a8c7edf5fc035d34a,car-01096,excel,car,BMW,,,Serie 5,G30,540i,BMW Serie 5 540i,2017-2020–,assets/vehicles/bmw/car-01096/,assets/vehicles/_quick/car-01096-1.webp,assets/vehicles/_quick/car-01096-2.webp,,,,content/articles/bmw/car-01096.md,no
bb50fa53253a3a27ee57c900b58ac96b00fd42de,car-01097,excel,car,BMW,,,Serie 5,G30,540i xDrive,BMW Serie 5 540i xDrive,2017-2020–,assets/vehicles/bmw/car-01097/,assets/vehicles/_quick/car-01097-1.webp,assets/vehicles/_quick/car-01097-2.webp,,,,content/articles/bmw/car-01097.md,no
05910801e3c2572e309ed4d56c9c204483163097,car-01098,excel,car,BMW,,,Serie 5,G31,540i xDrive Touring,BMW Serie 5 540i xDrive Touring,2017-2020–,assets/vehicles/bmw/car-01098/,assets/vehicles/_quick/car-01098-1.webp,assets/vehicles/_quick/car-01098-2.webp,,,,content/articles/bmw/car-01098.md,no
85e73d349309328e539dfca6610fb8395a3c88f8,car-01099,excel,car,BMW,,,Serie 6,E24,633 CSi,BMW Serie 6 633 CSi,1976-1982–,assets/vehicles/bmw/car-01099/,assets/vehicles/_quick/car-01099-1.webp,assets/vehicles/_quick/car-01099-2.webp,,,,content/articles/bmw/car-01099.md,no
35c61a2db6546339ddc939c25090cb34bce0d8d2,car-01100,excel,car,BMW,,,Serie 6,E24/2,635CSi,BMW Serie 6 635CSi,1985-1988–,assets/vehicles/bmw/car-01100/,assets/vehicles/_quick/car-01100-1.webp,assets/vehicles/_quick/car-01100-2.webp,,,,content/articles/bmw/car-01100.md,no
d9978819bb86118ede3ffe3112634a0940ba2e1f,car-01101,excel,car,BMW,,,Serie 6,E63,630i,BMW Serie 6 630i,2004–2007,assets/vehicles/bmw/car-01101/,assets/vehicles/_quick/car-01101-1.webp,assets/vehicles/_quick/car-01101-2.webp,,,,content/articles/bmw/car-01101.md,no
dd1c3d19fa861df02a63bf768b5a0ebba8024206,car-01102,excel,car,BMW,,,Serie 6,E63,630i,BMW Serie 6 630i,2008–2010,assets/vehicles/bmw/car-01102/,assets/vehicles/_quick/car-01102-1.webp,assets/vehicles/_quick/car-01102-2.webp,,,,content/articles/bmw/car-01102.md,no
cf40894fb5806abdbc74c52ff543efb2c6ad8e8b,car-01103,excel,car,BMW,,,Serie 6,E63,630i,BMW Serie 6 630i,2004-2007–,assets/vehicles/bmw/car-01103/,assets/vehicles/_quick/car-01103-1.webp,assets/vehicles/_quick/car-01103-2.webp,,,,content/articles/bmw/car-01103.md,no
731dd3d84753b844a86e1863a3a0a968c1462c42,car-01104,excel,car,BMW,,,Serie 6,E63,630i Steptronic,BMW Serie 6 630i Steptronic,2004–2007,assets/vehicles/bmw/car-01104/,assets/vehicles/_quick/car-01104-1.webp,assets/vehicles/_quick/car-01104-2.webp,,,,content/articles/bmw/car-01104.md,no
d34e0d803566870c8b591e4c88768ae8dd3d8aed,car-01105,excel,car,BMW,,,Serie 6,E63,630i Steptronic,BMW Serie 6 630i Steptronic,2008–2010,assets/vehicles/bmw/car-01105/,assets/vehicles/_quick/car-01105-1.webp,assets/vehicles/_quick/car-01105-2.webp,,,,content/articles/bmw/car-01105.md,no
f894244e42fe8ccf694ef79c3f32db7b45d1b70e,car-01106,excel,car,BMW,,,Serie 6,E63,635d,BMW Serie 6 635d,2007–2010,assets/vehicles/bmw/car-01106/,assets/vehicles/_quick/car-01106-1.webp,assets/vehicles/_quick/car-01106-2.webp,,,,content/articles/bmw/car-01106.md,no
00851f244340f3189d234e7dbd89b81dd00498c2,car-01107,excel,car,BMW,,,Serie 6,E63,645Ci,BMW Serie 6 645Ci,2003–2005,assets/vehicles/bmw/car-01107/,assets/vehicles/_quick/car-01107-1.webp,assets/vehicles/_quick/car-01107-2.webp,,,,content/articles/bmw/car-01107.md,no
8d89a6824836cdf9d09a0f46b5d1509b1c6f8105,car-01108,excel,car,BMW,,,Serie 6,E63,645Ci Steptronic,BMW Serie 6 645Ci Steptronic,2003–2005,assets/vehicles/bmw/car-01108/,assets/vehicles/_quick/car-01108-1.webp,assets/vehicles/_quick/car-01108-2.webp,,,,content/articles/bmw/car-01108.md,no
831bdf74706ea14a8cf4b12255a26f3e0ed1c2ea,car-01109,excel,car,BMW,,,Serie 6,E63,650i,BMW Serie 6 650i,2005–2010,assets/vehicles/bmw/car-01109/,assets/vehicles/_quick/car-01109-1.webp,assets/vehicles/_quick/car-01109-2.webp,,,,content/articles/bmw/car-01109.md,no
e4f6fdce591fb24eebed06fd4425c8ede19e4309,car-01110,excel,car,BMW,,,Serie 6,E63,650i Steptronic,BMW Serie 6 650i Steptronic,2005–2010,assets/vehicles/bmw/car-01110/,assets/vehicles/_quick/car-01110-1.webp,assets/vehicles/_quick/car-01110-2.webp,,,,content/articles/bmw/car-01110.md,no
92b1b13d82d33306d9fd7851a034258b6cb5be8f,car-01111,excel,car,BMW,,,Serie 6,E63,M6,BMW Serie 6 M6,2005–2010,assets/vehicles/bmw/car-01111/,assets/vehicles/_quick/car-01111-1.webp,assets/vehicles/_quick/car-01111-2.webp,,,,content/articles/bmw/car-01111.md,no
a95202f76814daeaa8063c7d9eec914030041d59,car-01112,excel,car,BMW,,,Serie 6,F13,M6,BMW Serie 6 M6,2012–2018,assets/vehicles/bmw/car-01112/,assets/vehicles/_quick/car-01112-1.webp,assets/vehicles/_quick/car-01112-2.webp,,,,content/articles/bmw/car-01112.md,no
dfd36808a2ffdf18424db0461ec789d1d634895d,car-01113,excel,car,BMW,,,Serie 6,F13,M6 Competition Package,BMW Serie 6 M6 Competition Package,2015–2017,assets/vehicles/bmw/car-01113/,assets/vehicles/_quick/car-01113-1.webp,assets/vehicles/_quick/car-01113-2.webp,,,,content/articles/bmw/car-01113.md,no
445d0fbd1eafc25d708a424aa59ed586aac5f861,car-01114,excel,car,BMW,,,Serie 6,G32,640i GT,BMW Serie 6 640i GT,2017-2020–,assets/vehicles/bmw/car-01114/,assets/vehicles/_quick/car-01114-1.webp,assets/vehicles/_quick/car-01114-2.webp,,,,content/articles/bmw/car-01114.md,no
4fc2222ad3f0aa72138aec9baea856c10731a1a6,car-01115,excel,car,BMW,,,Serie 6,G32,640i GT xDrive,BMW Serie 6 640i GT xDrive,2017-2020–,assets/vehicles/bmw/car-01115/,assets/vehicles/_quick/car-01115-1.webp,assets/vehicles/_quick/car-01115-2.webp,,,,content/articles/bmw/car-01115.md,no
08646231adb489ee47f22555c188c68ee7902f78,car-01116,excel,car,BMW,,,Serie 7,E65,730i,BMW Serie 7 730i,2003-2005–,assets/vehicles/bmw/car-01116/,assets/vehicles/_quick/car-01116-1.webp,assets/vehicles/_quick/car-01116-2.webp,,,,content/articles/bmw/car-01116.md,no
57296ff99c1a7621de1784a0ec94dac83aa6b1a4,car-01117,excel,car,BMW,,,Serie 7,G70,740i,BMW Serie 7 740i,2023-–,assets/vehicles/bmw/car-01117/,assets/vehicles/_quick/car-01117-1.webp,assets/vehicles/_quick/car-01117-2.webp,,,,content/articles/bmw/car-01117.md,no
648574dbde6bf14f5f6931cc8ba114ba795e6b45,car-01118,excel,car,BMW,,,Serie 8,E31,850 CSi,BMW Serie 8 850 CSi,1992-1996–,assets/vehicles/bmw/car-01118/,assets/vehicles/_quick/car-01118-1.webp,assets/vehicles/_quick/car-01118-2.webp,,,,content/articles/bmw/car-01118.md,no
86711940d197d238aedd396e7336ceaccd4ef4a2,car-01119,excel,car,BMW,,,Serie 8,G16,840i Gran Coupé,BMW Serie 8 840i Gran Coupé,2019-–,assets/vehicles/bmw/car-01119/,assets/vehicles/_quick/car-01119-1.webp,assets/vehicles/_quick/car-01119-2.webp,,,,content/articles/bmw/car-01119.md,no
1cee65d2d529e5a6b5a0577e905eebb0a99f2441,car-01120,excel,car,BMW,,,Serie 8,G16,840i xDrive,BMW Serie 8 840i xDrive,2019-–,assets/vehicles/bmw/car-01120/,assets/vehicles/_quick/car-01120-1.webp,assets/vehicles/_quick/car-01120-2.webp,,,,content/articles/bmw/car-01120.md,no
1bc4bf012816fcc32a58adc0ad447e01177cd667,car-01121,excel,car,BMW,,,Serie 8,G16,840i xDrive Gran Coupé,BMW Serie 8 840i xDrive Gran Coupé,2019-2020–,assets/vehicles/bmw/car-01121/,assets/vehicles/_quick/car-01121-1.webp,assets/vehicles/_quick/car-01121-2.webp,,,,content/articles/bmw/car-01121.md,no
6db602306fda7718d59d148cac510dbf2cd2f434,car-01122,excel,car,BMW,,,M1,E26,-,BMW M1,1978-1981–,assets/vehicles/bmw/car-01122/,assets/vehicles/_quick/car-01122-1.webp,assets/vehicles/_quick/car-01122-2.webp,,,,content/articles/bmw/car-01122.md,no
a315be91e46c890ad82da9ba438fd714a8a4fe16,car-01123,excel,car,BMW,,,X3,E83,2.5i,BMW X3 2.5i,2004-2006–,assets/vehicles/bmw/car-01123/,assets/vehicles/_quick/car-01123-1.webp,assets/vehicles/_quick/car-01123-2.webp,,,,content/articles/bmw/car-01123.md,no
115c5502c24f94f513d039824ee503ab21b86488,car-01124,excel,car,BMW,,,X3,E83,2.5siA,BMW X3 2.5siA,2006-2009–,assets/vehicles/bmw/car-01124/,assets/vehicles/_quick/car-01124-1.webp,assets/vehicles/_quick/car-01124-2.webp,,,,content/articles/bmw/car-01124.md,no
2966b4e676dcfde0908c36e59b5762a673edd1d7,car-01125,excel,car,BMW,,,X3,E83,3.0i,BMW X3 3.0i,2003-2006–,assets/vehicles/bmw/car-01125/,assets/vehicles/_quick/car-01125-1.webp,assets/vehicles/_quick/car-01125-2.webp,,,,content/articles/bmw/car-01125.md,no
50ee8d3913b578d047165b9b4032aec1647d5a21,car-01126,excel,car,BMW,,,X3,E83,3.0iA,BMW X3 3.0iA,2003-2006–,assets/vehicles/bmw/car-01126/,assets/vehicles/_quick/car-01126-1.webp,assets/vehicles/_quick/car-01126-2.webp,,,,content/articles/bmw/car-01126.md,no
1e9019d6bdbf2aca961d8595e887187302beb45c,car-01127,excel,car,BMW,,,X3,G01,M40i,BMW X3 M40i,2020-2020–,assets/vehicles/bmw/car-01127/,assets/vehicles/_quick/car-01127-1.webp,assets/vehicles/_quick/car-01127-2.webp,,,,content/articles/bmw/car-01127.md,no
d043baa0f0f21e62956906162c7528a0bcf22787,car-01128,excel,car,BMW,,,X3,G01,M40i,BMW X3 M40i,2022-–,assets/vehicles/bmw/car-01128/,assets/vehicles/_quick/car-01128-1.webp,assets/vehicles/_quick/car-01128-2.webp,,,,content/articles/bmw/car-01128.md,no
a9b0331ff833574f9134716fea769c741cb26723,car-01129,excel,car,BMW,,,X3,G01,M40i,BMW X3 M40i,2018-2019–,assets/vehicles/bmw/car-01129/,assets/vehicles/_quick/car-01129-1.webp,assets/vehicles/_quick/car-01129-2.webp,,,,content/articles/bmw/car-01129.md,no
facd895ae5089060500f3abe7fb2565eafe3381a,car-01130,excel,car,BMW,,,X3,G01,M40i,BMW X3 M40i,2017-2018–,assets/vehicles/bmw/car-01130/,assets/vehicles/_quick/car-01130-1.webp,assets/vehicles/_quick/car-01130-2.webp,,,,content/articles/bmw/car-01130.md,no
b207dee101f059da2a60b7b751c1e17a96b7f4d2,car-01131,excel,car,BMW,,,X4,G02,M40i,BMW X4 M40i,2018-2019–,assets/vehicles/bmw/car-01131/,assets/vehicles/_quick/car-01131-1.webp,assets/vehicles/_quick/car-01131-2.webp,,,,content/articles/bmw/car-01131.md,no
fb29ea7d024b4eacc72a02b2cbf2d6a7c5f58c94,car-01132,excel,car,BMW,,,X5,E53,3.0i,BMW X5 3.0i,1999-2003–,assets/vehicles/bmw/car-01132/,assets/vehicles/_quick/car-01132-1.webp,assets/vehicles/_quick/car-01132-2.webp,,,,content/articles/bmw/car-01132.md,no
19afec8a37d5ec49ede58b16539c2c8afe940f15,car-01133,excel,car,BMW,,,X5,E53,3.0iA,BMW X5 3.0iA,2000-2006–,assets/vehicles/bmw/car-01133/,assets/vehicles/_quick/car-01133-1.webp,assets/vehicles/_quick/car-01133-2.webp,,,,content/articles/bmw/car-01133.md,no
da3067f8bd5eb09c056e84b73285c8db2ffb7c8a,car-01134,excel,car,BMW,,,X5,G05,40i xDrive,BMW X5 40i xDrive,2023-–,assets/vehicles/bmw/car-01134/,assets/vehicles/_quick/car-01134-1.webp,assets/vehicles/_quick/car-01134-2.webp,,,,content/articles/bmw/car-01134.md,no
085d44005bdeb427097544c58e25aa717547ddbc,car-01135,excel,car,BMW,,,X5,G05,40i xDrive,BMW X5 40i xDrive,2018-2023–,assets/vehicles/bmw/car-01135/,assets/vehicles/_quick/car-01135-1.webp,assets/vehicles/_quick/car-01135-2.webp,,,,content/articles/bmw/car-01135.md,no
2906592930c656e3d480dc60e09deeed66197dbf,car-01136,excel,car,BMW,,,X6,G06,40i xDrive,BMW X6 40i xDrive,2019-–,assets/vehicles/bmw/car-01136/,assets/vehicles/_quick/car-01136-1.webp,assets/vehicles/_quick/car-01136-2.webp,,,,content/articles/bmw/car-01136.md,no
8e04c6a74f6ec0652006ec359080d495fac911e1,car-01137,excel,car,BMW,,,X7,G07,40i xDrive,BMW X7 40i xDrive,2023-–,assets/vehicles/bmw/car-01137/,assets/vehicles/_quick/car-01137-1.webp,assets/vehicles/_quick/car-01137-2.webp,,,,content/articles/bmw/car-01137.md,no
012e7db82246baf59d99625effc302ae817d17d0,car-01138,excel,car,BMW,,,X7,G07,40i xDrive,BMW X7 40i xDrive,2019-2020–,assets/vehicles/bmw/car-01138/,assets/vehicles/_quick/car-01138-1.webp,assets/vehicles/_quick/car-01138-2.webp,,,,content/articles/bmw/car-01138.md,no
c24e86291bce0f856a04e6334eb82ca6a5ea9157,car-01139,excel,car,BMW,,,Z3,E36/7,1.8i,BMW Z3 1.8i,1995–1998,assets/vehicles/bmw/car-01139/,assets/vehicles/_quick/car-01139-1.webp,assets/vehicles/_quick/car-01139-2.webp,,,,content/articles/bmw/car-01139.md,no
de1e379a300273f1551b2b7268708f5a452e0672,car-01140,excel,car,BMW,,,Z3,E36/7,1.9i,BMW Z3 1.9i,1999–2003,assets/vehicles/bmw/car-01140/,assets/vehicles/_quick/car-01140-1.webp,assets/vehicles/_quick/car-01140-2.webp,,,,content/articles/bmw/car-01140.md,no
049edb0ee09009400ba7b2abab9c87ee4abd5e4f,car-01141,excel,car,BMW,,,Z3,E36/7,1.9i,BMW Z3 1.9i,1995–1999,assets/vehicles/bmw/car-01141/,assets/vehicles/_quick/car-01141-1.webp,assets/vehicles/_quick/car-01141-2.webp,,,,content/articles/bmw/car-01141.md,no
9585a9e3b8cd72005ac2aa84c29cd882c8d94411,car-01142,excel,car,BMW,,,Z3,E36/7,2.0i,BMW Z3 2.0i,1998-2000–,assets/vehicles/bmw/car-01142/,assets/vehicles/_quick/car-01142-1.webp,assets/vehicles/_quick/car-01142-2.webp,,,,content/articles/bmw/car-01142.md,no
7e17d1f2760175eef534c5cff6dde4005807cebf,car-01143,excel,car,BMW,,,Z3,E36/7,2.2i,BMW Z3 2.2i,1999-2002–,assets/vehicles/bmw/car-01143/,assets/vehicles/_quick/car-01143-1.webp,assets/vehicles/_quick/car-01143-2.webp,,,,content/articles/bmw/car-01143.md,no
86ddeb5808a8cb57c621624a712b9ca059f1f50e,car-01144,excel,car,BMW,,,Z3,E36/7,2.8i,BMW Z3 2.8i,1997-2000–,assets/vehicles/bmw/car-01144/,assets/vehicles/_quick/car-01144-1.webp,assets/vehicles/_quick/car-01144-2.webp,,,,content/articles/bmw/car-01144.md,no
36a116045c06b29aa6aac330402a87e7bf5072cf,car-01145,excel,car,BMW,,,Z3,E36/7,3.0i,BMW Z3 3.0i,2000-2002–,assets/vehicles/bmw/car-01145/,assets/vehicles/_quick/car-01145-1.webp,assets/vehicles/_quick/car-01145-2.webp,,,,content/articles/bmw/car-01145.md,no
e8bfc6cab5d7e0c2fedd05b7fb4f88fd74bbe61a,car-01146,excel,car,BMW,,,Z3,E36/7,M,BMW Z3 M,2001-2002–,assets/vehicles/bmw/car-01146/,assets/vehicles/_quick/car-01146-1.webp,assets/vehicles/_quick/car-01146-2.webp,,,,content/articles/bmw/car-01146.md,no
ab8f6cb52f57b8b55c838875828566c45dcef819,car-01147,excel,car,BMW,,,Z3,E36/7,M,BMW Z3 M,1998-2000–,assets/vehicles/bmw/car-01147/,assets/vehicles/_quick/car-01147-1.webp,assets/vehicles/_quick/car-01147-2.webp,,,,content/articles/bmw/car-01147.md,no
a74b3445d9e82f7db9790837d8ee3077ac2aa345,car-01148,excel,car,BMW,,,Z3,E36/7,M,BMW Z3 M,1997-2000–,assets/vehicles/bmw/car-01148/,assets/vehicles/_quick/car-01148-1.webp,assets/vehicles/_quick/car-01148-2.webp,,,,content/articles/bmw/car-01148.md,no
68c4f6b469f50f9e05304a397d0762348b676efc,car-01149,excel,car,BMW,,,Z3,E36/8,Coupé 2.8i,BMW Z3 Coupé 2.8i,1998-2000–,assets/vehicles/bmw/car-01149/,assets/vehicles/_quick/car-01149-1.webp,assets/vehicles/_quick/car-01149-2.webp,,,,content/articles/bmw/car-01149.md,no
c6453befbf38517f4b8790857b586710cb72e63d,car-01150,excel,car,BMW,,,Z3,E36/8,Coupé 3.0i,BMW Z3 Coupé 3.0i,2000-2002–,assets/vehicles/bmw/car-01150/,assets/vehicles/_quick/car-01150-1.webp,assets/vehicles/_quick/car-01150-2.webp,,,,content/articles/bmw/car-01150.md,no
492c6d91c1ac9e462618fe7dbb4b76656e272485,car-01151,excel,car,BMW,,,Z3,E36/8,Coupé M,BMW Z3 Coupé M,2000-2002–,assets/vehicles/bmw/car-01151/,assets/vehicles/_quick/car-01151-1.webp,assets/vehicles/_quick/car-01151-2.webp,,,,content/articles/bmw/car-01151.md,no
fb3b7034eaeae072f8303be14b45092203957d7e,car-01152,excel,car,BMW,,,Z3,E36/8,Coupé M,BMW Z3 Coupé M,1998-2000–,assets/vehicles/bmw/car-01152/,assets/vehicles/_quick/car-01152-1.webp,assets/vehicles/_quick/car-01152-2.webp,,,,content/articles/bmw/car-01152.md,no
1a73c2c0011e461846574fcdc0c0887760514db4,car-01153,excel,car,BMW,,,Z4,E85,2.0i,BMW Z4 2.0i,2006-2009–,assets/vehicles/bmw/car-01153/,assets/vehicles/_quick/car-01153-1.webp,assets/vehicles/_quick/car-01153-2.webp,,,,content/articles/bmw/car-01153.md,no
c5547bb05af2b7e624985d8d9afe9a2c5212f355,car-01154,excel,car,BMW,,,Z4,E85,2.2i,BMW Z4 2.2i,2004-2006–,assets/vehicles/bmw/car-01154/,assets/vehicles/_quick/car-01154-1.webp,assets/vehicles/_quick/car-01154-2.webp,,,,content/articles/bmw/car-01154.md,no
cebe6c4034fa732d1420c28adc0fe77d83cb0490,car-01155,excel,car,BMW,,,Z4,E85,2.5i,BMW Z4 2.5i,2006–2009,assets/vehicles/bmw/car-01155/,assets/vehicles/_quick/car-01155-1.webp,assets/vehicles/_quick/car-01155-2.webp,,,,content/articles/bmw/car-01155.md,no
3560ef79f78dd79d3dedbe85b3f98973e64aed52,car-01156,excel,car,BMW,,,Z4,E85,2.5i,BMW Z4 2.5i,2003–2006,assets/vehicles/bmw/car-01156/,assets/vehicles/_quick/car-01156-1.webp,assets/vehicles/_quick/car-01156-2.webp,,,,content/articles/bmw/car-01156.md,no
f7b698751dca9a53d04d4e4c22b970bdeacbd94c,car-01157,excel,car,BMW,,,Z4,E85,2.5ia,BMW Z4 2.5ia,2006-2009–,assets/vehicles/bmw/car-01157/,assets/vehicles/_quick/car-01157-1.webp,assets/vehicles/_quick/car-01157-2.webp,,,,content/articles/bmw/car-01157.md,no
0d1b796e59bfeca32366b980cd395a0248421d89,car-01158,excel,car,BMW,,,Z4,E85,2.5si,BMW Z4 2.5si,2006–2008,assets/vehicles/bmw/car-01158/,assets/vehicles/_quick/car-01158-1.webp,assets/vehicles/_quick/car-01158-2.webp,,,,content/articles/bmw/car-01158.md,no
24b9e9096091b8790380bbbff890852f85eee4b8,car-01159,excel,car,BMW,,,Z4,E85,2.5sia,BMW Z4 2.5sia,2007-2009–,assets/vehicles/bmw/car-01159/,assets/vehicles/_quick/car-01159-1.webp,assets/vehicles/_quick/car-01159-2.webp,,,,content/articles/bmw/car-01159.md,no
8b195b029e814d427f28ca0c02cbaf290f912191,car-01160,excel,car,BMW,,,Z4,E85,3.0i,BMW Z4 3.0i,2003–2005,assets/vehicles/bmw/car-01160/,assets/vehicles/_quick/car-01160-1.webp,assets/vehicles/_quick/car-01160-2.webp,,,,content/articles/bmw/car-01160.md,no
ffb14e4a093f6a36c85bd512708207d765be7851,car-01161,excel,car,BMW,,,Z4,E85,3.0si,BMW Z4 3.0si,2006–2009,assets/vehicles/bmw/car-01161/,assets/vehicles/_quick/car-01161-1.webp,assets/vehicles/_quick/car-01161-2.webp,,,,content/articles/bmw/car-01161.md,no
0729ddb4da1561ce5e35661d3113571f08ec40e1,car-01162,excel,car,BMW,,,Z4,E85,M,BMW Z4 M,2006-2009–,assets/vehicles/bmw/car-01162/,assets/vehicles/_quick/car-01162-1.webp,assets/vehicles/_quick/car-01162-2.webp,,,,content/articles/bmw/car-01162.md,no
1a4d4c7d2ab431bdc96385ddc4022beb9695cda3,car-01163,excel,car,BMW,,,Z4,E86,Coupé 3.0si,BMW Z4 Coupé 3.0si,2006-2009–,assets/vehicles/bmw/car-01163/,assets/vehicles/_quick/car-01163-1.webp,assets/vehicles/_quick/car-01163-2.webp,,,,content/articles/bmw/car-01163.md,no
03e7abff2b5afaca858e1a4bfe6de882c65a7935,car-01164,excel,car,BMW,,,Z4,E86,Coupé 3.0sia,BMW Z4 Coupé 3.0sia,2006-2009–,assets/vehicles/bmw/car-01164/,assets/vehicles/_quick/car-01164-1.webp,assets/vehicles/_quick/car-01164-2.webp,,,,content/articles/bmw/car-01164.md,no
23e594bf570d29de8667cc2b7af498cef80a4831,car-01165,excel,car,BMW,,,Z4,E86,M Coupé,BMW Z4 M Coupé,2006-2009–,assets/vehicles/bmw/car-01165/,assets/vehicles/_quick/car-01165-1.webp,assets/vehicles/_quick/car-01165-2.webp,,,,content/articles/bmw/car-01165.md,no
2ed1b5fda11893c9fba2b18009075feb26aff779,car-01166,excel,car,BMW,,,Z4,E89,sDrive 18i,BMW Z4 sDrive 18i,2013-2016–,assets/vehicles/bmw/car-01166/,assets/vehicles/_quick/car-01166-1.webp,assets/vehicles/_quick/car-01166-2.webp,,,,content/articles/bmw/car-01166.md,no
2522d492f98b6758122c346db96001d067e4bb43,car-01167,excel,car,BMW,,,Z4,E89,sDrive 20i,BMW Z4 sDrive 20i,2011-2016–,assets/vehicles/bmw/car-01167/,assets/vehicles/_quick/car-01167-1.webp,assets/vehicles/_quick/car-01167-2.webp,,,,content/articles/bmw/car-01167.md,no
977ec974089817da49408dfde05e5a3cb51216a8,car-01168,excel,car,BMW,,,Z4,E89,sDrive 20iA,BMW Z4 sDrive 20iA,2011-2016–,assets/vehicles/bmw/car-01168/,assets/vehicles/_quick/car-01168-1.webp,assets/vehicles/_quick/car-01168-2.webp,,,,content/articles/bmw/car-01168.md,no
f8de48915cd9495ac50a9298b62769e3f301295d,car-01169,excel,car,BMW,,,Z4,E89,sDrive 23iA,BMW Z4 sDrive 23iA,2009-2011–,assets/vehicles/bmw/car-01169/,assets/vehicles/_quick/car-01169-1.webp,assets/vehicles/_quick/car-01169-2.webp,,,,content/articles/bmw/car-01169.md,no
7e78218d7976b6a6f411be9990be2c7ed9989ab6,car-01170,excel,car,BMW,,,Z4,E89,sDrive 28iA,BMW Z4 sDrive 28iA,2011-2016–,assets/vehicles/bmw/car-01170/,assets/vehicles/_quick/car-01170-1.webp,assets/vehicles/_quick/car-01170-2.webp,,,,content/articles/bmw/car-01170.md,no
3db5b2c04539dbed7f88c60ed63e3519b433622c,car-01171,excel,car,BMW,,,Z4,G29,20i,BMW Z4 20i,2019-–,assets/vehicles/bmw/car-01171/,assets/vehicles/_quick/car-01171-1.webp,assets/vehicles/_quick/car-01171-2.webp,,,,content/articles/bmw/car-01171.md,no
8b582be21b91f2a7816ff5e903b1f107453f7862,car-01172,excel,car,BMW,,,Z4,G29,20iA,BMW Z4 20iA,2019-–,assets/vehicles/bmw/car-01172/,assets/vehicles/_quick/car-01172-1.webp,assets/vehicles/_quick/car-01172-2.webp,,,,content/articles/bmw/car-01172.md,no
428f3aa16a479ff5fca7d40e30d8c5a1d0ca73c8,car-01173,excel,car,BMW,,,Z4,G29,30i,BMW Z4 30i,2019-–,assets/vehicles/bmw/car-01173/,assets/vehicles/_quick/car-01173-1.webp,assets/vehicles/_quick/car-01173-2.webp,,,,content/articles/bmw/car-01173.md,no
4a3d44fb28db921ff51f54365c3e254d2db4cab5,car-01174,excel,car,BMW,,,Z4,G29,M40i,BMW Z4 M40i,2019-–,assets/vehicles/bmw/car-01174/,assets/vehicles/_quick/car-01174-1.webp,assets/vehicles/_quick/car-01174-2.webp,,,,content/articles/bmw/car-01174.md,no
7412d88a82c3edece13419ff7c57cf33c50f07b2,car-01175,excel,car,BMW,,,Z8,E52,-,BMW Z8,1999-2003–,assets/vehicles/bmw/car-01175/,assets/vehicles/_quick/car-01175-1.webp,assets/vehicles/_quick/car-01175-2.webp,,,,content/articles/bmw/car-01175.md,no
55c717e304a41161338dbeefa67cbbeb610cc59f,car-01176,excel,car,BMW,,,Z4,E89,sDrive 30i,BMW Z4 sDrive 30i,2009-2011–,assets/vehicles/bmw/car-01176/,assets/vehicles/_quick/car-01176-1.webp,assets/vehicles/_quick/car-01176-2.webp,,,,content/articles/bmw/car-01176.md,no
e4bcded39d6abc85002fe985f89cfd71b540e9c7,car-01177,excel,car,BMW,,,Z4,E89,sDrive 35i,BMW Z4 sDrive 35i,2009-2016–,assets/vehicles/bmw/car-01177/,assets/vehicles/_quick/car-01177-1.webp,assets/vehicles/_quick/car-01177-2.webp,,,,content/articles/bmw/car-01177.md,no
8f1d7bf5aa9d782d3e75fa9b1b63d16720b35afc,car-01178,excel,car,BMW,,,Z4,E89,sDrive 35iA,BMW Z4 sDrive 35iA,2009-2016–,assets/vehicles/bmw/car-01178/,assets/vehicles/_quick/car-01178-1.webp,assets/vehicles/_quick/car-01178-2.webp,,,,content/articles/bmw/car-01178.md,no
1cd240aa747cb7dc6e49d0078c4b05dddf49e856,car-01179,excel,car,BMW,,,Z4,E89,sDrive 35is,BMW Z4 sDrive 35is,2009-2016–,assets/vehicles/bmw/car-01179/,assets/vehicles/_quick/car-01179-1.webp,assets/vehicles/_quick/car-01179-2.webp,,,,content/articles/bmw/car-01179.md,no
453d9d8c98aa9bcd13eb6f21c32a04b32e73da76,car-01180,excel,car,BYD,,,Seal,Gen 1,RWD,BYD Seal RWD,2023-–,assets/vehicles/byd/car-01180/,assets/vehicles/_quick/car-01180-1.webp,assets/vehicles/_quick/car-01180-2.webp,,,,content/articles/byd/car-01180.md,no
4410f481d6b39312cb2ffe9bc61e6ec60e0f1978,car-01181,excel,car,Chevrolet,,,Aveo,II,LTZ 1.3 D 6vel,Chevrolet Aveo LTZ 1.3 D 6vel,2011–2015,assets/vehicles/chevrolet/car-01181/,assets/vehicles/_quick/car-01181-1.webp,assets/vehicles/_quick/car-01181-2.webp,,,,content/articles/chevrolet/car-01181.md,no
2b5961d65951c9e98f3a7baf0d7ca75de0579138,car-01182,excel,car,Chevrolet,,,Camaro,IV,SS,Chevrolet Camaro SS,2001-2002–,assets/vehicles/chevrolet/car-01182/,assets/vehicles/_quick/car-01182-1.webp,assets/vehicles/_quick/car-01182-2.webp,,,,content/articles/chevrolet/car-01182.md,no
4c79f6a0a8d17ec292e3e722178d9d3699850e8f,car-01183,excel,car,Chevrolet,,,Camaro,IV,SS,Chevrolet Camaro SS,1997-2001–,assets/vehicles/chevrolet/car-01183/,assets/vehicles/_quick/car-01183-1.webp,assets/vehicles/_quick/car-01183-2.webp,,,,content/articles/chevrolet/car-01183.md,no
78ce4f5194570cc9ef0ac18afa45a120032c60ad,car-01184,excel,car,Chevrolet,,,Camaro,IV,Z28,Chevrolet Camaro Z28,1998-2002–,assets/vehicles/chevrolet/car-01184/,assets/vehicles/_quick/car-01184-1.webp,assets/vehicles/_quick/car-01184-2.webp,,,,content/articles/chevrolet/car-01184.md,no
33e58f66a043338bfa90ed641ab083c5c92462ce,car-01185,excel,car,Chevrolet,,,Captiva,Gen 1,LT 2.2 VCDI 184 AWD,Chevrolet Captiva LT 2.2 VCDI 184 AWD,2011–2014,assets/vehicles/chevrolet/car-01185/,assets/vehicles/_quick/car-01185-1.webp,assets/vehicles/_quick/car-01185-2.webp,,,,content/articles/chevrolet/car-01185.md,no
c27db1e452786d2a4e5ee89b37de60bfc2e14c31,car-01186,excel,car,Chevrolet,,,Corvette,C4,Grand Sport,Chevrolet Corvette Grand Sport,1995-1996–,assets/vehicles/chevrolet/car-01186/,assets/vehicles/_quick/car-01186-1.webp,assets/vehicles/_quick/car-01186-2.webp,,,,content/articles/chevrolet/car-01186.md,no
51d39e1c48c7b43cf33f4e4a655d9deba694fcb5,car-01187,excel,car,Citroën,,,C2,Gen 1,VTS,Citroën C2 VTS,2004–2009,assets/vehicles/citroen/car-01187/,assets/vehicles/_quick/car-01187-1.webp,assets/vehicles/_quick/car-01187-2.webp,,,,content/articles/citroen/car-01187.md,no
3f0ec242632c7e07d7ad6a828c54f7c358a98f95,car-01188,excel,car,Citroën,,,C4,Gen 1,2.0 HDi VTR Plus,Citroën C4 2.0 HDi VTR Plus,2004–2009,assets/vehicles/citroen/car-01188/,assets/vehicles/_quick/car-01188-1.webp,assets/vehicles/_quick/car-01188-2.webp,,,,content/articles/citroen/car-01188.md,no
32cab61577b1359bf7ee1a5f90593af38fbe8eb3,car-01189,excel,car,Citroën,,,C4,Gen 1,2.0 HDi VTS,Citroën C4 2.0 HDi VTS,2004–2009,assets/vehicles/citroen/car-01189/,assets/vehicles/_quick/car-01189-1.webp,assets/vehicles/_quick/car-01189-2.webp,,,,content/articles/citroen/car-01189.md,no
ac3b2f78ffbd1e582d8e828a66d98fc38d7236b5,car-01190,excel,car,Citroën,,,C5,Gen 1,1.6 HDi,Citroën C5 1.6 HDi,2004-2008–,assets/vehicles/citroen/car-01190/,assets/vehicles/_quick/car-01190-1.webp,assets/vehicles/_quick/car-01190-2.webp,,,,content/articles/citroen/car-01190.md,no
b300efddfe4a67495355f4e84db0542412e968e2,car-01191,excel,car,Citroën,,,C5,Gen 1,1.8 16v,Citroën C5 1.8 16v,2001-2004–,assets/vehicles/citroen/car-01191/,assets/vehicles/_quick/car-01191-1.webp,assets/vehicles/_quick/car-01191-2.webp,,,,content/articles/citroen/car-01191.md,no
7e429bf2383665d475cd43927b039807accfeca9,car-01192,excel,car,Citroën,,,C5,Gen 1,2.0 16v,Citroën C5 2.0 16v,2001-2004–,assets/vehicles/citroen/car-01192/,assets/vehicles/_quick/car-01192-1.webp,assets/vehicles/_quick/car-01192-2.webp,,,,content/articles/citroen/car-01192.md,no
3fc7079747a4d6eae681cb5d1bf5ef86a35ace5d,car-01193,excel,car,Citroën,,,C5,Gen 1,2.0 HDi,Citroën C5 2.0 HDi,2004-2008–,assets/vehicles/citroen/car-01193/,assets/vehicles/_quick/car-01193-1.webp,assets/vehicles/_quick/car-01193-2.webp,,,,content/articles/citroen/car-01193.md,no
720341866571b74a65b60850ad1be31d0b70034a,car-01194,excel,car,Citroën,,,C5,Gen 1,2.0 HDi,Citroën C5 2.0 HDi,2001-2004–,assets/vehicles/citroen/car-01194/,assets/vehicles/_quick/car-01194-1.webp,assets/vehicles/_quick/car-01194-2.webp,,,,content/articles/citroen/car-01194.md,no
0807ae419395abea09025ae0513620ff4d713b4a,car-01195,excel,car,Citroën,,,C5,Gen 1,2.0 HPi,Citroën C5 2.0 HPi,2001-2003–,assets/vehicles/citroen/car-01195/,assets/vehicles/_quick/car-01195-1.webp,assets/vehicles/_quick/car-01195-2.webp,,,,content/articles/citroen/car-01195.md,no
b8f5b36fb6675f9af2c036d37e3e17eb1e0aed01,car-01196,excel,car,Citroën,,,C5,Gen 1,2.2 HDi,Citroën C5 2.2 HDi,2001-2004–,assets/vehicles/citroen/car-01196/,assets/vehicles/_quick/car-01196-1.webp,assets/vehicles/_quick/car-01196-2.webp,,,,content/articles/citroen/car-01196.md,no
2153181b866574b611bd7d1015bd0670c637be6e,car-01197,excel,car,Citroën,,,C5,Gen 1,2.2 HDi Biturbo,Citroën C5 2.2 HDi Biturbo,2006-2008–,assets/vehicles/citroen/car-01197/,assets/vehicles/_quick/car-01197-1.webp,assets/vehicles/_quick/car-01197-2.webp,,,,content/articles/citroen/car-01197.md,no
bc783df1eda2f330851bbd0d6834b409f6209a40,car-01198,excel,car,Citroën,,,C5,Gen 1,2.2 HDi Break,Citroën C5 2.2 HDi Break,2001-2004–,assets/vehicles/citroen/car-01198/,assets/vehicles/_quick/car-01198-1.webp,assets/vehicles/_quick/car-01198-2.webp,,,,content/articles/citroen/car-01198.md,no
19c05a4be4567d27bd464b9c152d43e744d93001,car-01199,excel,car,Citroën,,,C5,Gen 1,2.2 HDi Bv6,Citroën C5 2.2 HDi Bv6,2004-2008–,assets/vehicles/citroen/car-01199/,assets/vehicles/_quick/car-01199-1.webp,assets/vehicles/_quick/car-01199-2.webp,,,,content/articles/citroen/car-01199.md,no
6191f5a235354159fe702493fcb6f7817104e6d4,car-01200,excel,car,Citroën,,,C5,II,1.6 Hdi,Citroën C5 1.6 Hdi,2008-2010–,assets/vehicles/citroen/car-01200/,assets/vehicles/_quick/car-01200-1.webp,assets/vehicles/_quick/car-01200-2.webp,,,,content/articles/citroen/car-01200.md,no
2289653b700c84dc5de54629fb0801089292e70f,car-01201,excel,car,Citroën,,,C5,II,1.6 THP,Citroën C5 1.6 THP,2009-2015–,assets/vehicles/citroen/car-01201/,assets/vehicles/_quick/car-01201-1.webp,assets/vehicles/_quick/car-01201-2.webp,,,,content/articles/citroen/car-01201.md,no
c9e0a7ef96029a803d81b067a1b43315cb324c28,car-01202,excel,car,Citroën,,,C5,II,1.8 16v,Citroën C5 1.8 16v,2008-2010–,assets/vehicles/citroen/car-01202/,assets/vehicles/_quick/car-01202-1.webp,assets/vehicles/_quick/car-01202-2.webp,,,,content/articles/citroen/car-01202.md,no
5dee10e77bde0ef8c11fcafdaf2558a60c6d7379,car-01203,excel,car,Citroën,,,C5,II,2.0 16v,Citroën C5 2.0 16v,2008-2009–,assets/vehicles/citroen/car-01203/,assets/vehicles/_quick/car-01203-1.webp,assets/vehicles/_quick/car-01203-2.webp,,,,content/articles/citroen/car-01203.md,no
6d72dbb2f60e9467ee9d088eacf434d740675c12,car-01204,excel,car,Citroën,,,C5,II,2.0 Hdi FAP,Citroën C5 2.0 Hdi FAP,2009-2015–,assets/vehicles/citroen/car-01204/,assets/vehicles/_quick/car-01204-1.webp,assets/vehicles/_quick/car-01204-2.webp,,,,content/articles/citroen/car-01204.md,no
1d504db5ea42f46b2c8a7d46def2d6759ff9f3a7,car-01205,excel,car,Citroën,,,C5,II,2.0 Hdi FAP,Citroën C5 2.0 Hdi FAP,2008-2009–,assets/vehicles/citroen/car-01205/,assets/vehicles/_quick/car-01205-1.webp,assets/vehicles/_quick/car-01205-2.webp,,,,content/articles/citroen/car-01205.md,no
df3aad7afba9a34d1ca42fb2831974b827bd720a,car-01206,excel,car,Citroën,,,C5,II,2.0 Hdi FAP A,Citroën C5 2.0 Hdi FAP A,2009-2015–,assets/vehicles/citroen/car-01206/,assets/vehicles/_quick/car-01206-1.webp,assets/vehicles/_quick/car-01206-2.webp,,,,content/articles/citroen/car-01206.md,no
b1d15e95aa4151842d9cc7a4e2a7dba432f1ae9c,car-01207,excel,car,Citroën,,,C5,II,2.0 Hdi FAP A Tourer,Citroën C5 2.0 Hdi FAP A Tourer,2008-2010–,assets/vehicles/citroen/car-01207/,assets/vehicles/_quick/car-01207-1.webp,assets/vehicles/_quick/car-01207-2.webp,,,,content/articles/citroen/car-01207.md,no
6aecd2417e966220a406abf4a8468811db51c68c,car-01208,excel,car,Citroën,,,C5,II,2.0 Hdi Tourer,Citroën C5 2.0 Hdi Tourer,2009-2015–,assets/vehicles/citroen/car-01208/,assets/vehicles/_quick/car-01208-1.webp,assets/vehicles/_quick/car-01208-2.webp,,,,content/articles/citroen/car-01208.md,no
c081ca9ed8fdd4a43f95da0b6487809d2e0fef3a,car-01209,excel,car,Citroën,,,C5,II,2.0 Hdi Tourer,Citroën C5 2.0 Hdi Tourer,2008-2009–,assets/vehicles/citroen/car-01209/,assets/vehicles/_quick/car-01209-1.webp,assets/vehicles/_quick/car-01209-2.webp,,,,content/articles/citroen/car-01209.md,no
84a48aaaaa25d4665c70dc69922d150405688d2e,car-01210,excel,car,Citroën,,,C5,II,2.2 Hdi A,Citroën C5 2.2 Hdi A,2010-2015–,assets/vehicles/citroen/car-01210/,assets/vehicles/_quick/car-01210-1.webp,assets/vehicles/_quick/car-01210-2.webp,,,,content/articles/citroen/car-01210.md,no
29dfe33828993417d9810c33d7081d52dc503ade,car-01211,excel,car,Citroën,,,C5,II,2.2 Hdi FAP,Citroën C5 2.2 Hdi FAP,2008-2009–,assets/vehicles/citroen/car-01211/,assets/vehicles/_quick/car-01211-1.webp,assets/vehicles/_quick/car-01211-2.webp,,,,content/articles/citroen/car-01211.md,no
d3c339bf0d48391bfb6ab99720c5725bce20300a,car-01212,excel,car,Citroën,,,C5,II,2.2 Hdi Tourer,Citroën C5 2.2 Hdi Tourer,2010-2015–,assets/vehicles/citroen/car-01212/,assets/vehicles/_quick/car-01212-1.webp,assets/vehicles/_quick/car-01212-2.webp,,,,content/articles/citroen/car-01212.md,no
5010a9f7a2dc91923a00606fc6e3963c0fd87bbb,car-01213,excel,car,Citroën,,,C5,II,2.7 Hdi FAP V6A,Citroën C5 2.7 Hdi FAP V6A,2008-2009–,assets/vehicles/citroen/car-01213/,assets/vehicles/_quick/car-01213-1.webp,assets/vehicles/_quick/car-01213-2.webp,,,,content/articles/citroen/car-01213.md,no
4e3751eec70b5704267514819542ee204ff28303,car-01214,excel,car,Citroën,,,C5,II,3.0 Hdi,Citroën C5 3.0 Hdi,2009-2013–,assets/vehicles/citroen/car-01214/,assets/vehicles/_quick/car-01214-1.webp,assets/vehicles/_quick/car-01214-2.webp,,,,content/articles/citroen/car-01214.md,no
2d828f08e62c310d4d57e815a176c25c5782212a,car-01215,excel,car,Citroën,,,C5,II,3.0 Hdi FAP Tourer,Citroën C5 3.0 Hdi FAP Tourer,2009-2013–,assets/vehicles/citroen/car-01215/,assets/vehicles/_quick/car-01215-1.webp,assets/vehicles/_quick/car-01215-2.webp,,,,content/articles/citroen/car-01215.md,no
6cc8c13a653396b86edaa4dc329294c442297ae2,car-01216,excel,car,Citroën,,,C5,II,3.0 V6 A,Citroën C5 3.0 V6 A,2008-2009–,assets/vehicles/citroen/car-01216/,assets/vehicles/_quick/car-01216-1.webp,assets/vehicles/_quick/car-01216-2.webp,,,,content/articles/citroen/car-01216.md,no
2ffa059356961c0cee8f3b660e388f299b66e677,car-01217,excel,car,Citroën,,,C5,II,CrossTourer 2.0 HDi auto,Citroën C5 CrossTourer 2.0 HDi auto,2014-2015–,assets/vehicles/citroen/car-01217/,assets/vehicles/_quick/car-01217-1.webp,assets/vehicles/_quick/car-01217-2.webp,,,,content/articles/citroen/car-01217.md,no
f1ec9c18acb869578a0f373837ea19e0036a3fc1,car-01218,excel,car,Citroën,,,C5,Gen 1,V6,Citroën C5 V6,2001-2004–,assets/vehicles/citroen/car-01218/,assets/vehicles/_quick/car-01218-1.webp,assets/vehicles/_quick/car-01218-2.webp,,,,content/articles/citroen/car-01218.md,no
f16ab334a0ef93cb81dd33ebb89b44817309bc63,car-01219,excel,car,Citroën,,,C5,Gen 1,V6 A,Citroën C5 V6 A,2001-2004–,assets/vehicles/citroen/car-01219/,assets/vehicles/_quick/car-01219-1.webp,assets/vehicles/_quick/car-01219-2.webp,,,,content/articles/citroen/car-01219.md,no
eeaa6771f12ca66dd208067935158734f9a0ce9b,car-01220,excel,car,Citroën,,,C5,Gen 1,V6 A Phase 2,Citroën C5 V6 A Phase 2,2004-2008–,assets/vehicles/citroen/car-01220/,assets/vehicles/_quick/car-01220-1.webp,assets/vehicles/_quick/car-01220-2.webp,,,,content/articles/citroen/car-01220.md,no
9b2ccf79fcd741db4686cee433d5d708f688077d,car-01221,excel,car,Citroën,,,CX,Gen 1,20 Reflex,Citroën CX 20 Reflex,1979-1989–,assets/vehicles/citroen/car-01221/,assets/vehicles/_quick/car-01221-1.webp,assets/vehicles/_quick/car-01221-2.webp,,,,content/articles/citroen/car-01221.md,no
62d6fc0c9a0ea9dfdf189f01b97ffab95c07ca2b,car-01222,excel,car,Citroën,,,CX,Gen 1,22 TRS,Citroën CX 22 TRS,1985-1989–,assets/vehicles/citroen/car-01222/,assets/vehicles/_quick/car-01222-1.webp,assets/vehicles/_quick/car-01222-2.webp,,,,content/articles/citroen/car-01222.md,no
f091694dcf92729be81b3c433abb0bd04f736023,car-01223,excel,car,Citroën,,,CX,Gen 1,2400 Pallas bv4,Citroën CX 2400 Pallas bv4,1976-1978–,assets/vehicles/citroen/car-01223/,assets/vehicles/_quick/car-01223-1.webp,assets/vehicles/_quick/car-01223-2.webp,,,,content/articles/citroen/car-01223.md,no
80a89c6bf5b770572597af7b5263d3e71dbf9f47,car-01224,excel,car,Citroën,,,CX,Gen 1,25 TRD Turbo 2,Citroën CX 25 TRD Turbo 2,1987-1989–,assets/vehicles/citroen/car-01224/,assets/vehicles/_quick/car-01224-1.webp,assets/vehicles/_quick/car-01224-2.webp,,,,content/articles/citroen/car-01224.md,no
6f5bd7ab40bf4bced384b6791ee1e4da88ff434c,car-01225,excel,car,Citroën,,,CX,Gen 1,2500 D bv5,Citroën CX 2500 D bv5,1978-1982–,assets/vehicles/citroen/car-01225/,assets/vehicles/_quick/car-01225-1.webp,assets/vehicles/_quick/car-01225-2.webp,,,,content/articles/citroen/car-01225.md,no
f77ea21ccb6a82db82f79832181f351d4315c08b,car-01226,excel,car,Citroën,,,CX,Gen 1,GTI,Citroën CX GTI,1983-1989–,assets/vehicles/citroen/car-01226/,assets/vehicles/_quick/car-01226-1.webp,assets/vehicles/_quick/car-01226-2.webp,,,,content/articles/citroen/car-01226.md,no
393ac2d8972a9a7afe85645758386a6e668d4eff,car-01227,excel,car,Citroën,,,CX,Gen 1,GTI,Citroën CX GTI,1977-1983–,assets/vehicles/citroen/car-01227/,assets/vehicles/_quick/car-01227-1.webp,assets/vehicles/_quick/car-01227-2.webp,,,,content/articles/citroen/car-01227.md,no
4babbdd87fb2530896c23fc9dc931d1d8dfc1fe8,car-01228,excel,car,Citroën,,,CX,Gen 1,GTI Turbo,Citroën CX GTI Turbo,1984-1989–,assets/vehicles/citroen/car-01228/,assets/vehicles/_quick/car-01228-1.webp,assets/vehicles/_quick/car-01228-2.webp,,,,content/articles/citroen/car-01228.md,no
fa41114ab7eeec9931c3adc22d7ff7a7e84c4017,car-01229,excel,car,Citroën,,,CX,Gen 1,GTI Turbo cat,Citroën CX GTI Turbo cat,1987-1989–,assets/vehicles/citroen/car-01229/,assets/vehicles/_quick/car-01229-1.webp,assets/vehicles/_quick/car-01229-2.webp,,,,content/articles/citroen/car-01229.md,no
e9d12eb6ba07159cca1387dce4010c0c1e82cf9d,car-01230,excel,car,Citroën,,,Grand C4 Picasso,Gen 1,1.6 HDi 110,Citroën Grand C4 Picasso 1.6 HDi 110,2006–2010,assets/vehicles/citroen/car-01230/,assets/vehicles/_quick/car-01230-1.webp,assets/vehicles/_quick/car-01230-2.webp,,,,content/articles/citroen/car-01230.md,no
16cb3fc9be0d2e50b5cf5bd8f42cacc71db99ade,car-01231,excel,car,Citroën,,,Grand C4 Picasso,Gen 1,1.6 HDi 110,Citroën Grand C4 Picasso 1.6 HDi 110,2011–2013,assets/vehicles/citroen/car-01231/,assets/vehicles/_quick/car-01231-1.webp,assets/vehicles/_quick/car-01231-2.webp,,,,content/articles/citroen/car-01231.md,no
13edd59ea86f02de16434afe60df3491b6a08fd0,car-01232,excel,car,Citroën,,,GS,Gen 1,Birotor,Citroën GS Birotor,1973-1975–,assets/vehicles/citroen/car-01232/,assets/vehicles/_quick/car-01232-1.webp,assets/vehicles/_quick/car-01232-2.webp,,,,content/articles/citroen/car-01232.md,no
ff488b6df961f9b51a9a88957aee7eee488efd1b,car-01233,excel,car,Citroën,,,GS,Gen 1,X2,Citroën GS X2,1975-1978–,assets/vehicles/citroen/car-01233/,assets/vehicles/_quick/car-01233-1.webp,assets/vehicles/_quick/car-01233-2.webp,,,,content/articles/citroen/car-01233.md,no
d5eda72f07ac0c1d4e617c43944cda24c591f1b7,car-01234,excel,car,Citroën,,,Saxo,Gen 1,1.6i VTS,Citroën Saxo 1.6i VTS,2001-2003–,assets/vehicles/citroen/car-01234/,assets/vehicles/_quick/car-01234-1.webp,assets/vehicles/_quick/car-01234-2.webp,,,,content/articles/citroen/car-01234.md,no
7934459b8253e1ee2ff78fd9af3f211bc9264b05,car-01235,excel,car,Citroën,,,Saxo,Gen 1,1.6i VTS 16v,Citroën Saxo 1.6i VTS 16v,1996-2003–,assets/vehicles/citroen/car-01235/,assets/vehicles/_quick/car-01235-1.webp,assets/vehicles/_quick/car-01235-2.webp,,,,content/articles/citroen/car-01235.md,no
db0d867f126d6c1d382738e38e59ff131385e9c0,car-01236,excel,car,Citroën,,,SM,Gen 1,V6 2.7 c,Citroën SM V6 2.7 c,1970-1972–,assets/vehicles/citroen/car-01236/,assets/vehicles/_quick/car-01236-1.webp,assets/vehicles/_quick/car-01236-2.webp,,,,content/articles/citroen/car-01236.md,no
1a42558d49436a998c6dc91889b88d3aec8a680e,car-01237,excel,car,Citroën,,,SM,Gen 1,V6 2.7 i,Citroën SM V6 2.7 i,1973-1975–,assets/vehicles/citroen/car-01237/,assets/vehicles/_quick/car-01237-1.webp,assets/vehicles/_quick/car-01237-2.webp,,,,content/articles/citroen/car-01237.md,no
692fede5b1e359c6a7e05f0011ca256f0ff495e6,car-01238,excel,car,Citroën,,,Xsara,Gen 1,1.8 16v,Citroën Xsara 1.8 16v,1997-2000–,assets/vehicles/citroen/car-01238/,assets/vehicles/_quick/car-01238-1.webp,assets/vehicles/_quick/car-01238-2.webp,,,,content/articles/citroen/car-01238.md,no
61eb21e9acc12d9c68970c6e34fcc2e4eaf52442,car-01239,excel,car,Citroën,,,Xsara,Gen 1,2.0 16v,Citroën Xsara 2.0 16v,2000-2005–,assets/vehicles/citroen/car-01239/,assets/vehicles/_quick/car-01239-1.webp,assets/vehicles/_quick/car-01239-2.webp,,,,content/articles/citroen/car-01239.md,no
c2b1407d47e2b251c4a58cd535ef837fd88b657d,car-01240,excel,car,Citroën,,,Xsara,Gen 1,2.0 16v,Citroën Xsara 2.0 16v,1999-2001–,assets/vehicles/citroen/car-01240/,assets/vehicles/_quick/car-01240-1.webp,assets/vehicles/_quick/car-01240-2.webp,,,,content/articles/citroen/car-01240.md,no
a0b427ab00413a0c39ef20fad49d4cfc5efbca67,car-01241,excel,car,Citroën,,,Xsara,Gen 1,VTS,Citroën Xsara VTS,1998-2000–,assets/vehicles/citroen/car-01241/,assets/vehicles/_quick/car-01241-1.webp,assets/vehicles/_quick/car-01241-2.webp,,,,content/articles/citroen/car-01241.md,no
497a026205ce6a783fe3d16cdcf2a0a287e245fc,car-01242,excel,car,Citroën,,,Xsara,Gen 1,VTS 2,Citroën Xsara VTS 2,2001-2005–,assets/vehicles/citroen/car-01242/,assets/vehicles/_quick/car-01242-1.webp,assets/vehicles/_quick/car-01242-2.webp,,,,content/articles/citroen/car-01242.md,no
e5786efe996bab4da3182701ab53bab81ef40e19,car-01243,excel,car,Citroën,,,ZX,Gen 1,1.8,Citroën ZX 1.8,1992-1998–,assets/vehicles/citroen/car-01243/,assets/vehicles/_quick/car-01243-1.webp,assets/vehicles/_quick/car-01243-2.webp,,,,content/articles/citroen/car-01243.md,no
b8779e7672b1530490e29610eecbae3e853b3e42,car-01244,excel,car,Citroën,,,ZX,Gen 1,1.9i Volcane,Citroën ZX 1.9i Volcane,1991-1992–,assets/vehicles/citroen/car-01244/,assets/vehicles/_quick/car-01244-1.webp,assets/vehicles/_quick/car-01244-2.webp,,,,content/articles/citroen/car-01244.md,no
2eb3b3e92ce34b8e447a8783ae1292e1d179371e,car-01245,excel,car,Citroën,,,ZX,Gen 1,2.0 16v,Citroën ZX 2.0 16v,1996-1997–,assets/vehicles/citroen/car-01245/,assets/vehicles/_quick/car-01245-1.webp,assets/vehicles/_quick/car-01245-2.webp,,,,content/articles/citroen/car-01245.md,no
ee8414747496e00a5eb7e0e5facd1e6075324e97,car-01246,excel,car,Citroën,,,ZX,Gen 1,2.0 16v,Citroën ZX 2.0 16v,1993-1998–,assets/vehicles/citroen/car-01246/,assets/vehicles/_quick/car-01246-1.webp,assets/vehicles/_quick/car-01246-2.webp,,,,content/articles/citroen/car-01246.md,no
bf6a585d12ffe6796b6690b823436b82c0f8fe94,car-01247,excel,car,Citroën,,,ZX,Gen 1,2.0i Volcane,Citroën ZX 2.0i Volcane,1993-1994–,assets/vehicles/citroen/car-01247/,assets/vehicles/_quick/car-01247-1.webp,assets/vehicles/_quick/car-01247-2.webp,,,,content/articles/citroen/car-01247.md,no
96f310eb10cde7bc6ea2e7e0ec07218932ba9e07,car-01248,excel,car,Cupra,,,Formentor,Gen 1,2.5 TSi VZ5,Cupra Formentor 2.5 TSi VZ5,2021–2023,assets/vehicles/cupra/car-01248/,assets/vehicles/_quick/car-01248-1.webp,assets/vehicles/_quick/car-01248-2.webp,,,,content/articles/cupra/car-01248.md,no
cff23c9bcf6d75f1389b60244feb90a2834db656,car-01249,excel,car,De Tomaso,,,Pantera,Gen 1,GT5-S,De Tomaso Pantera GT5-S,1986-1986–,assets/vehicles/de-tomaso/car-01249/,assets/vehicles/_quick/car-01249-1.webp,assets/vehicles/_quick/car-01249-2.webp,,,,content/articles/de-tomaso/car-01249.md,no
93264e0b27a8d7ada113b62bdf22e75ce2d6f6b7,car-01250,excel,car,Dodge,,,Charger,LD,SRT 392,Dodge Charger SRT 392,2015-2018–,assets/vehicles/dodge/car-01250/,assets/vehicles/_quick/car-01250-1.webp,assets/vehicles/_quick/car-01250-2.webp,,,,content/articles/dodge/car-01250.md,no
b5b82e16fe7a40a6f2b423da7ee575dee60daced,car-01251,excel,car,Ferrari,,,328,Gen 1,GTB,Ferrari 328 GTB,1985-1989–,assets/vehicles/ferrari/car-01251/,assets/vehicles/_quick/car-01251-1.webp,assets/vehicles/_quick/car-01251-2.webp,,,,content/articles/ferrari/car-01251.md,no
8085ba910b070e5c07a96290289b2aa8d5a49aa8,car-01252,excel,car,Ferrari,,,328,Gen 1,GTS,Ferrari 328 GTS,1985-1989–,assets/vehicles/ferrari/car-01252/,assets/vehicles/_quick/car-01252-1.webp,assets/vehicles/_quick/car-01252-2.webp,,,,content/articles/ferrari/car-01252.md,no
790a55706ff80c076d4172385921ac42bb0ce89e,car-01253,excel,car,Ferrari,,,328,Gen 1,Koenig Biturbo,Ferrari 328 Koenig Biturbo,1987-1989–,assets/vehicles/ferrari/car-01253/,assets/vehicles/_quick/car-01253-1.webp,assets/vehicles/_quick/car-01253-2.webp,,,,content/articles/ferrari/car-01253.md,no
abc549c7b5ccb8645a7293b37fe968d490aab7ed,car-01254,excel,car,Ferrari,,,340,Gen 1,America,Ferrari 340 America,1951-1952–,assets/vehicles/ferrari/car-01254/,assets/vehicles/_quick/car-01254-1.webp,assets/vehicles/_quick/car-01254-2.webp,,,,content/articles/ferrari/car-01254.md,no
6b472b43557cd170d5711dc3bc0fcabab82c04ad,car-01255,excel,car,Ferrari,,,348,Gen 1,GTB,Ferrari 348 GTB,1993-1994–,assets/vehicles/ferrari/car-01255/,assets/vehicles/_quick/car-01255-1.webp,assets/vehicles/_quick/car-01255-2.webp,,,,content/articles/ferrari/car-01255.md,no
0c86b985e6279c99c750cc83c5117ce455a3b9cb,car-01256,excel,car,Ferrari,,,348,Gen 1,GTS,Ferrari 348 GTS,1993-1994–,assets/vehicles/ferrari/car-01256/,assets/vehicles/_quick/car-01256-1.webp,assets/vehicles/_quick/car-01256-2.webp,,,,content/articles/ferrari/car-01256.md,no
860458a975517bff45d00ebfc4d2e6c3e9690c1c,car-01257,excel,car,Ferrari,,,348,Gen 1,Spider,Ferrari 348 Spider,1993-1994–,assets/vehicles/ferrari/car-01257/,assets/vehicles/_quick/car-01257-1.webp,assets/vehicles/_quick/car-01257-2.webp,,,,content/articles/ferrari/car-01257.md,no
e612d455d7a5c046ea808d0c33c0c9e13f002d91,car-01258,excel,car,Ferrari,,,348,Gen 1,TB,Ferrari 348 TB,1989-1993–,assets/vehicles/ferrari/car-01258/,assets/vehicles/_quick/car-01258-1.webp,assets/vehicles/_quick/car-01258-2.webp,,,,content/articles/ferrari/car-01258.md,no
a589be0efa669c6987078aaee22f269c2560dc75,car-01259,excel,car,Ferrari,,,348,Gen 1,TS,Ferrari 348 TS,1989-1993–,assets/vehicles/ferrari/car-01259/,assets/vehicles/_quick/car-01259-1.webp,assets/vehicles/_quick/car-01259-2.webp,,,,content/articles/ferrari/car-01259.md,no
a4a81072fdad97e59acb01a59a337ab12f95f12c,car-01260,excel,car,Ferrari,,,360,Gen 1,Modena,Ferrari 360 Modena,1999-2004–,assets/vehicles/ferrari/car-01260/,assets/vehicles/_quick/car-01260-1.webp,assets/vehicles/_quick/car-01260-2.webp,,,,content/articles/ferrari/car-01260.md,no
5c8edaf8ff8c6f3bc045e9babb10b9e66510b645,car-01261,excel,car,Ferrari,,,456M,Gen 1,GTA,Ferrari 456M GTA,1998-2004–,assets/vehicles/ferrari/car-01261/,assets/vehicles/_quick/car-01261-1.webp,assets/vehicles/_quick/car-01261-2.webp,,,,content/articles/ferrari/car-01261.md,no
60bed872c535e85ef4a62f6acd3582bc2aba43ce,car-01262,excel,car,Ferrari,,,458,Gen 1,Italia,Ferrari 458 Italia,2009-2015–,assets/vehicles/ferrari/car-01262/,assets/vehicles/_quick/car-01262-1.webp,assets/vehicles/_quick/car-01262-2.webp,,,,content/articles/ferrari/car-01262.md,no
5d891e397bc90a0e50184ca3a498c85db2d88e6e,car-01263,excel,car,Ferrari,,,550,Gen 1,Maranello,Ferrari 550 Maranello,1996-2001–,assets/vehicles/ferrari/car-01263/,assets/vehicles/_quick/car-01263-1.webp,assets/vehicles/_quick/car-01263-2.webp,,,,content/articles/ferrari/car-01263.md,no
3b50c5758e832021ea8a67676a1b31057d2778a1,car-01264,excel,car,Ferrari,,,California,Gen 1,T,Ferrari California T,2014-2017–,assets/vehicles/ferrari/car-01264/,assets/vehicles/_quick/car-01264-1.webp,assets/vehicles/_quick/car-01264-2.webp,,,,content/articles/ferrari/car-01264.md,no
9885b76cc37dedeb202143652e9d06bd8b8b53c4,car-01265,excel,car,Ferrari,,,F355,Gen 1,Berlinetta,Ferrari F355 Berlinetta,1994-1999–,assets/vehicles/ferrari/car-01265/,assets/vehicles/_quick/car-01265-1.webp,assets/vehicles/_quick/car-01265-2.webp,,,,content/articles/ferrari/car-01265.md,no
7d7815930ba4ae1027f7f4fb9c48df1ca9c620ca,car-01266,excel,car,Ferrari,,,F355,Gen 1,Berlinetta F1,Ferrari F355 Berlinetta F1,1997-1999–,assets/vehicles/ferrari/car-01266/,assets/vehicles/_quick/car-01266-1.webp,assets/vehicles/_quick/car-01266-2.webp,,,,content/articles/ferrari/car-01266.md,no
cdb0053c1f73c36bc3bec85f2834e1c4ee07adab,car-01267,excel,car,Ferrari,,,F355,Gen 1,GTS,Ferrari F355 GTS,1994-1999–,assets/vehicles/ferrari/car-01267/,assets/vehicles/_quick/car-01267-1.webp,assets/vehicles/_quick/car-01267-2.webp,,,,content/articles/ferrari/car-01267.md,no
820adeb7ce3bb63bb8894070764e4e6f53782b0f,car-01268,excel,car,Ferrari,,,F355,Gen 1,GTS F1,Ferrari F355 GTS F1,1997-1999–,assets/vehicles/ferrari/car-01268/,assets/vehicles/_quick/car-01268-1.webp,assets/vehicles/_quick/car-01268-2.webp,,,,content/articles/ferrari/car-01268.md,no
db8844ae946e0e2fd402339bb78e52a081bbff88,car-01269,excel,car,Ferrari,,,F355,Gen 1,Spider,Ferrari F355 Spider,1995-1999–,assets/vehicles/ferrari/car-01269/,assets/vehicles/_quick/car-01269-1.webp,assets/vehicles/_quick/car-01269-2.webp,,,,content/articles/ferrari/car-01269.md,no
f423dc3f04f976d33a00daab5d0a3a3540e236e1,car-01270,excel,car,Ferrari,,,F355,Gen 1,Spider F1,Ferrari F355 Spider F1,1997-1999–,assets/vehicles/ferrari/car-01270/,assets/vehicles/_quick/car-01270-1.webp,assets/vehicles/_quick/car-01270-2.webp,,,,content/articles/ferrari/car-01270.md,no
864a52a0ca42a725876630bae6aa8f88d791b425,car-01271,excel,car,Ferrari,,,F50,Gen 1,-,Ferrari F50,1995-1997–,assets/vehicles/ferrari/car-01271/,assets/vehicles/_quick/car-01271-1.webp,assets/vehicles/_quick/car-01271-2.webp,,,,content/articles/ferrari/car-01271.md,no
008fc6a1a1e93b1bedc422473d0a5e83312837cb,car-01272,excel,car,Ferrari,,,Portofino,Gen 1,-,Ferrari Portofino,2017-2020–,assets/vehicles/ferrari/car-01272/,assets/vehicles/_quick/car-01272-1.webp,assets/vehicles/_quick/car-01272-2.webp,,,,content/articles/ferrari/car-01272.md,no
6a79f6aa09d520daa35365d1be729b3d6e8c70d8,car-01273,excel,car,Fiat,,,124,USA,Abarth Spider,Fiat 124 Abarth Spider,2016-2019–,assets/vehicles/fiat/car-01273/,assets/vehicles/_quick/car-01273-1.webp,assets/vehicles/_quick/car-01273-2.webp,,,,content/articles/fiat/car-01273.md,no
ceb453862e34ce46db3028cec60e7e1baaf65217,car-01274,excel,car,Fiat,,,124,USA,Spider,Fiat 124 Spider,2016-2019–,assets/vehicles/fiat/car-01274/,assets/vehicles/_quick/car-01274-1.webp,assets/vehicles/_quick/car-01274-2.webp,,,,content/articles/fiat/car-01274.md,no
ceb453862e34ce46db3028cec60e7e1baaf65217,car-01275,excel,car,Fiat,,,124,USA,Spider,Fiat 124 Spider,2016-2019–,assets/vehicles/fiat/car-01275/,assets/vehicles/_quick/car-01275-1.webp,assets/vehicles/_quick/car-01275-2.webp,,,,content/articles/fiat/car-01275.md,no
539b6086926d2000e4864f67e6c96ca29a8516d0,car-01276,excel,car,Fiat,,,1800,Gen 1,B,Fiat 1800 B,1961–1968,assets/vehicles/fiat/car-01276/,assets/vehicles/_quick/car-01276-1.webp,assets/vehicles/_quick/car-01276-2.webp,,,,content/articles/fiat/car-01276.md,no
7eb0040930f3156f815b9b2243e000749285e304,car-01277,excel,car,Fiat,,,8V,Gen 1,-,Fiat 8V,1952-1954–,assets/vehicles/fiat/car-01277/,assets/vehicles/_quick/car-01277-1.webp,assets/vehicles/_quick/car-01277-2.webp,,,,content/articles/fiat/car-01277.md,no
ac99ff900f7e18177e84384df303625609313993,car-01278,excel,car,Fiat,,,Coupé,Gen 1,20v Turbo,Fiat Coupé 20v Turbo,1996-2000–,assets/vehicles/fiat/car-01278/,assets/vehicles/_quick/car-01278-1.webp,assets/vehicles/_quick/car-01278-2.webp,,,,content/articles/fiat/car-01278.md,no
8e17f02750ca964f4fc387acb287a395dfe19423,car-01279,excel,car,Fiat,,,Croma,Gen 1,2.0 ie,Fiat Croma 2.0 ie,1985-1993–,assets/vehicles/fiat/car-01279/,assets/vehicles/_quick/car-01279-1.webp,assets/vehicles/_quick/car-01279-2.webp,,,,content/articles/fiat/car-01279.md,no
eab394efdac6fd28cae7e51a7c9532b7fa120875,car-01280,excel,car,Fiat,,,Croma,Gen 1,2.0 ie Turbo,Fiat Croma 2.0 ie Turbo,1985-1992–,assets/vehicles/fiat/car-01280/,assets/vehicles/_quick/car-01280-1.webp,assets/vehicles/_quick/car-01280-2.webp,,,,content/articles/fiat/car-01280.md,no
2ec5ed365c9222ffba6ba4cb3375ef5de85e96de,car-01281,excel,car,Fiat,,,Freemont,Gen 1,2.0 DIesel 140,Fiat Freemont 2.0 DIesel 140,2011–2016,assets/vehicles/fiat/car-01281/,assets/vehicles/_quick/car-01281-1.webp,assets/vehicles/_quick/car-01281-2.webp,,,,content/articles/fiat/car-01281.md,no
aed3651a81ca230e0263c30af7ee7eb56f138934,car-01282,excel,car,Fiat,,,Freemont,Gen 1,2.0 DIesel 170,Fiat Freemont 2.0 DIesel 170,2011–2016,assets/vehicles/fiat/car-01282/,assets/vehicles/_quick/car-01282-1.webp,assets/vehicles/_quick/car-01282-2.webp,,,,content/articles/fiat/car-01282.md,no
02414c84c6da1c895861afc772569a4be67ca6c9,car-01283,excel,car,Fiat,,,Punto,Gen 1,GT,Fiat Punto GT,1994-1997–,assets/vehicles/fiat/car-01283/,assets/vehicles/_quick/car-01283-1.webp,assets/vehicles/_quick/car-01283-2.webp,,,,content/articles/fiat/car-01283.md,no
d8e663b80bc867f94d1ffc67670d1ad10bd529bd,car-01284,excel,car,Fiat,,,Tempra,Gen 1,1.8 ie,Fiat Tempra 1.8 ie,1990-1994–,assets/vehicles/fiat/car-01284/,assets/vehicles/_quick/car-01284-1.webp,assets/vehicles/_quick/car-01284-2.webp,,,,content/articles/fiat/car-01284.md,no
faeb36bb5856f6e3fc5dc8c71b196e29ff9789e9,car-01285,excel,car,Fiat,,,Tempra,Gen 1,2.0 ie,Fiat Tempra 2.0 ie,1990-1996–,assets/vehicles/fiat/car-01285/,assets/vehicles/_quick/car-01285-1.webp,assets/vehicles/_quick/car-01285-2.webp,,,,content/articles/fiat/car-01285.md,no
91439fbaf40b47557716dd7a851b32db0ef96838,car-01286,excel,car,Ford,,,Capri,Gen 1,2.0 GL,Ford Capri 2.0 GL,1979–1983,assets/vehicles/ford/car-01286/,assets/vehicles/_quick/car-01286-1.webp,assets/vehicles/_quick/car-01286-2.webp,,,,content/articles/ford/car-01286.md,no
d79ffe5b90475d74145b186e0099f331f4ebe367,car-01287,excel,car,Ford,,,Capri,Gen 1,2.0 S,Ford Capri 2.0 S,1981–1984,assets/vehicles/ford/car-01287/,assets/vehicles/_quick/car-01287-1.webp,assets/vehicles/_quick/car-01287-2.webp,,,,content/articles/ford/car-01287.md,no
a980a5fefd73daf2c25e7f0f493d7eb13a619252,car-01288,excel,car,Ford,,,Capri,Gen 1,2.8i,Ford Capri 2.8i,1981-1983–,assets/vehicles/ford/car-01288/,assets/vehicles/_quick/car-01288-1.webp,assets/vehicles/_quick/car-01288-2.webp,,,,content/articles/ford/car-01288.md,no
76002bb603bd500b2ee254219c59027e80c34ccf,car-01289,excel,car,Ford,,,Capri,Gen 1,2.8i Special,Ford Capri 2.8i Special,1983-1987–,assets/vehicles/ford/car-01289/,assets/vehicles/_quick/car-01289-1.webp,assets/vehicles/_quick/car-01289-2.webp,,,,content/articles/ford/car-01289.md,no
91a0bc148d987300811549dede82b7770377d54f,car-01290,excel,car,Ford,,,Capri,Gen 1,2000 GT,Ford Capri 2000 GT,1969-1972–,assets/vehicles/ford/car-01290/,assets/vehicles/_quick/car-01290-1.webp,assets/vehicles/_quick/car-01290-2.webp,,,,content/articles/ford/car-01290.md,no
68c26abf234bb03e47d361959a98cb2e3596cd70,car-01291,excel,car,Ford,,,Capri,Gen 1,2300 GT,Ford Capri 2300 GT,1972-1977–,assets/vehicles/ford/car-01291/,assets/vehicles/_quick/car-01291-1.webp,assets/vehicles/_quick/car-01291-2.webp,,,,content/articles/ford/car-01291.md,no
dfca2aebd70bf42f86687d28a67fbf04beba9219,car-01292,excel,car,Ford,,,Capri,Gen 1,2300 R,Ford Capri 2300 R,1969-1972–,assets/vehicles/ford/car-01292/,assets/vehicles/_quick/car-01292-1.webp,assets/vehicles/_quick/car-01292-2.webp,,,,content/articles/ford/car-01292.md,no
28534c4ea19819329e8a06d35defcfffe6a6e864,car-01293,excel,car,Ford,,,Capri,Gen 1,2300 Turbo,Ford Capri 2300 Turbo,1970-1972–,assets/vehicles/ford/car-01293/,assets/vehicles/_quick/car-01293-1.webp,assets/vehicles/_quick/car-01293-2.webp,,,,content/articles/ford/car-01293.md,no
28534c4ea19819329e8a06d35defcfffe6a6e864,car-01294,excel,car,Ford,,,Capri,Gen 1,2300 Turbo,Ford Capri 2300 Turbo,1970-1972–,assets/vehicles/ford/car-01294/,assets/vehicles/_quick/car-01294-1.webp,assets/vehicles/_quick/car-01294-2.webp,,,,content/articles/ford/car-01294.md,no
b6dfc3935ddc8203b0998d9273f0baed5faa3e13,car-01295,excel,car,Ford,,,Capri,Gen 1,2600 RS,Ford Capri 2600 RS,1971-1973–,assets/vehicles/ford/car-01295/,assets/vehicles/_quick/car-01295-1.webp,assets/vehicles/_quick/car-01295-2.webp,,,,content/articles/ford/car-01295.md,no
245c97a7bd660aeeef7b71297420d369cb453af9,car-01296,excel,car,Ford,,,Capri,Gen 1,3000,Ford Capri 3000,1969-1972–,assets/vehicles/ford/car-01296/,assets/vehicles/_quick/car-01296-1.webp,assets/vehicles/_quick/car-01296-2.webp,,,,content/articles/ford/car-01296.md,no
7c136d0e306e2e54e256e68a4bbfc91300764cc0,car-01297,excel,car,Ford,,,Capri,Gen 1,3000 S,Ford Capri 3000 S,1972-1974–,assets/vehicles/ford/car-01297/,assets/vehicles/_quick/car-01297-1.webp,assets/vehicles/_quick/car-01297-2.webp,,,,content/articles/ford/car-01297.md,no
78a0ed0197a6c5c5f8695e52330b979e02a4a6f4,car-01298,excel,car,Ford,,,Capri,Gen 1,Tickford Turbo,Ford Capri Tickford Turbo,1983-1984–,assets/vehicles/ford/car-01298/,assets/vehicles/_quick/car-01298-1.webp,assets/vehicles/_quick/car-01298-2.webp,,,,content/articles/ford/car-01298.md,no
11f0d0ef9dfc5e2cc282fd39632e73b43ac5678f,car-01299,excel,car,Ford,,,Capri,Gen 1,Turbo,Ford Capri Turbo,1981-1982–,assets/vehicles/ford/car-01299/,assets/vehicles/_quick/car-01299-1.webp,assets/vehicles/_quick/car-01299-2.webp,,,,content/articles/ford/car-01299.md,no
befc1034398968a7fb1ed6d27b0ba42cb6ae3801,car-01300,excel,car,Ford,,,Capri,Gen 1,Turbo S,Ford Capri Turbo S,1984-1984–,assets/vehicles/ford/car-01300/,assets/vehicles/_quick/car-01300-1.webp,assets/vehicles/_quick/car-01300-2.webp,,,,content/articles/ford/car-01300.md,no
a0554a64f34d89e6a95b202712d123aa5584e59b,car-01301,excel,car,Ford,,,Capri,Gen 1,V8 Mako,Ford Capri V8 Mako,1978-1979–,assets/vehicles/ford/car-01301/,assets/vehicles/_quick/car-01301-1.webp,assets/vehicles/_quick/car-01301-2.webp,,,,content/articles/ford/car-01301.md,no
666d591d6817b19dc45f63dc371ac50d63008e0c,car-01302,excel,car,Ford,,,Fiesta,Mk7.5,ST 182,Ford Fiesta ST 182,2013–2017,assets/vehicles/ford/car-01302/,assets/vehicles/_quick/car-01302-1.webp,assets/vehicles/_quick/car-01302-2.webp,,,,content/articles/ford/car-01302.md,no
9d421608701f45350c87587307d3d88cdd87322c,car-01303,excel,car,Ford,,,Fiesta,Mk7,3p Sport 1.6,Ford Fiesta 3p Sport 1.6,2008–2012,assets/vehicles/ford/car-01303/,assets/vehicles/_quick/car-01303-1.webp,assets/vehicles/_quick/car-01303-2.webp,,,,content/articles/ford/car-01303.md,no
486af8ba61a5b61f199059bcc3ee2484d7343479,car-01304,excel,car,Ford,,,Fiesta,Mk7,3p Sport Match 1.6 Ti-VCT,Ford Fiesta 3p Sport Match 1.6 Ti-VCT,2011–2012,assets/vehicles/ford/car-01304/,assets/vehicles/_quick/car-01304-1.webp,assets/vehicles/_quick/car-01304-2.webp,,,,content/articles/ford/car-01304.md,no
75bd70eaff29cb6139dc53561339f4476827bc6e,car-01305,excel,car,Ford,,,Fiesta,III,RS Turbo,Ford Fiesta RS Turbo,1990-1992–,assets/vehicles/ford/car-01305/,assets/vehicles/_quick/car-01305-1.webp,assets/vehicles/_quick/car-01305-2.webp,,,,content/articles/ford/car-01305.md,no
2ac8e17e5514b22c915e7c062fe5448ccee6d4db,car-01306,excel,car,Ford,,,Fiesta,III,XR2i,Ford Fiesta XR2i,1989-1990–,assets/vehicles/ford/car-01306/,assets/vehicles/_quick/car-01306-1.webp,assets/vehicles/_quick/car-01306-2.webp,,,,content/articles/ford/car-01306.md,no
a8be640b14b373a0c46c03ee95322dffde946aa6,car-01307,excel,car,Ford,,,Fiesta,III,XR2i 16v,Ford Fiesta XR2i 16v,1992-1994–,assets/vehicles/ford/car-01307/,assets/vehicles/_quick/car-01307-1.webp,assets/vehicles/_quick/car-01307-2.webp,,,,content/articles/ford/car-01307.md,no
012dde3655a231cc87c7a7e4b93ecbce37ff23cd,car-01308,excel,car,Ford,,,Fiesta,V,1.4 16v,Ford Fiesta 1.4 16v,2002–2008,assets/vehicles/ford/car-01308/,assets/vehicles/_quick/car-01308-1.webp,assets/vehicles/_quick/car-01308-2.webp,,,,content/articles/ford/car-01308.md,no
037f88f59b1951f81f7750c1245d56a40aac18b9,car-01309,excel,car,Ford,,,Fiesta,V,1.4 16v Ghia,Ford Fiesta 1.4 16v Ghia,2006–2008,assets/vehicles/ford/car-01309/,assets/vehicles/_quick/car-01309-1.webp,assets/vehicles/_quick/car-01309-2.webp,,,,content/articles/ford/car-01309.md,no
5a6c99e319c6a8a9e2622a5bee8467b775e53c9b,car-01310,excel,car,Ford,,,Fiesta,V,1.4 TDCi,Ford Fiesta 1.4 TDCi,2002–2008,assets/vehicles/ford/car-01310/,assets/vehicles/_quick/car-01310-1.webp,assets/vehicles/_quick/car-01310-2.webp,,,,content/articles/ford/car-01310.md,no
e60d23ce05ca858fc13db5ad4988a5d38f43ad71,car-01311,excel,car,Ford,,,Fiesta,V,1.6 16v,Ford Fiesta 1.6 16v,2002–2008,assets/vehicles/ford/car-01311/,assets/vehicles/_quick/car-01311-1.webp,assets/vehicles/_quick/car-01311-2.webp,,,,content/articles/ford/car-01311.md,no
27c56f52923efcadfb7b8db4c0388c72cd9a57db,car-01312,excel,car,Ford,,,Fiesta,V,1.6 16v Sport,Ford Fiesta 1.6 16v Sport,2002–2008,assets/vehicles/ford/car-01312/,assets/vehicles/_quick/car-01312-1.webp,assets/vehicles/_quick/car-01312-2.webp,,,,content/articles/ford/car-01312.md,no
c588f711d820f9faec63bde080109f3c78056b89,car-01313,excel,car,Ford,,,Fiesta,V,ST,Ford Fiesta ST,2005–2008,assets/vehicles/ford/car-01313/,assets/vehicles/_quick/car-01313-1.webp,assets/vehicles/_quick/car-01313-2.webp,,,,content/articles/ford/car-01313.md,no
cd09e5028a82fec1788c70245fa1e581eb0615b1,car-01314,excel,car,Ford,,,Fiesta,Mk7.5,VI ST 200,Ford Fiesta VI ST 200,2016–2017,assets/vehicles/ford/car-01314/,assets/vehicles/_quick/car-01314-1.webp,assets/vehicles/_quick/car-01314-2.webp,,,,content/articles/ford/car-01314.md,no
c19588f8cefd9584ec714a0352514e7b8b3b9be6,car-01315,excel,car,Ford,,,Fiesta,VI,1.0 EcoBoost,Ford Fiesta 1.0 EcoBoost,2012-2017–,assets/vehicles/ford/car-01315/,assets/vehicles/_quick/car-01315-1.webp,assets/vehicles/_quick/car-01315-2.webp,,,,content/articles/ford/car-01315.md,no
c19588f8cefd9584ec714a0352514e7b8b3b9be6,car-01316,excel,car,Ford,,,Fiesta,VI,1.0 EcoBoost,Ford Fiesta 1.0 EcoBoost,2012-2017–,assets/vehicles/ford/car-01316/,assets/vehicles/_quick/car-01316-1.webp,assets/vehicles/_quick/car-01316-2.webp,,,,content/articles/ford/car-01316.md,no
ab817d26f48399106f2c29c3b6704ea20abbe2e6,car-01317,excel,car,Ford,,,Fiesta,VI,1.0 EcoBoost,Ford Fiesta 1.0 EcoBoost,2014-2017–,assets/vehicles/ford/car-01317/,assets/vehicles/_quick/car-01317-1.webp,assets/vehicles/_quick/car-01317-2.webp,,,,content/articles/ford/car-01317.md,no
e3d3e954898180ae67fbf273747c5a0a3dd19805,car-01318,excel,car,Ford,,,Fiesta,VI,1.25 16v,Ford Fiesta 1.25 16v,2008-2017–,assets/vehicles/ford/car-01318/,assets/vehicles/_quick/car-01318-1.webp,assets/vehicles/_quick/car-01318-2.webp,,,,content/articles/ford/car-01318.md,no
17f9ae1b53f8e43dc6550f788de551d661179f66,car-01319,excel,car,Ford,,,Fiesta,VI,1.4i,Ford Fiesta 1.4i,2008-2012–,assets/vehicles/ford/car-01319/,assets/vehicles/_quick/car-01319-1.webp,assets/vehicles/_quick/car-01319-2.webp,,,,content/articles/ford/car-01319.md,no
12066bac3162d75bcaec888638a4d1faa92e9661,car-01320,excel,car,Ford,,,Fiesta,VI,1.6 TDCI,Ford Fiesta 1.6 TDCI,2010-2012–,assets/vehicles/ford/car-01320/,assets/vehicles/_quick/car-01320-1.webp,assets/vehicles/_quick/car-01320-2.webp,,,,content/articles/ford/car-01320.md,no
051a04a8ab6e1efac681c080892e7bbf3b9ad3cd,car-01321,excel,car,Ford,,,Fiesta,VI,1.6 TDCI,Ford Fiesta 1.6 TDCI,2008-2010–,assets/vehicles/ford/car-01321/,assets/vehicles/_quick/car-01321-1.webp,assets/vehicles/_quick/car-01321-2.webp,,,,content/articles/ford/car-01321.md,no
166b3090756fd70e94e91d3c114f86f07fbd46f6,car-01322,excel,car,Ford,,,Fiesta,VI,1.6 Ti-VCT,Ford Fiesta 1.6 Ti-VCT,2011-2013–,assets/vehicles/ford/car-01322/,assets/vehicles/_quick/car-01322-1.webp,assets/vehicles/_quick/car-01322-2.webp,,,,content/articles/ford/car-01322.md,no
6d0afeca2582fb3c977009e32fbcd31b7f9196cd,car-01323,excel,car,Ford,,,Fiesta,VII,1.0 EcoBoost MHEV,Ford Fiesta 1.0 EcoBoost MHEV,2020-–,assets/vehicles/ford/car-01323/,assets/vehicles/_quick/car-01323-1.webp,assets/vehicles/_quick/car-01323-2.webp,,,,content/articles/ford/car-01323.md,no
fc69d1e9865897e4e03023c57568faafba95ff7d,car-01324,excel,car,Ford,,,Fiesta,VII,ST,Ford Fiesta ST,2018-2021–,assets/vehicles/ford/car-01324/,assets/vehicles/_quick/car-01324-1.webp,assets/vehicles/_quick/car-01324-2.webp,,,,content/articles/ford/car-01324.md,no
10776e80daaca93b8888e765840dbfd5f3c78863,car-01325,excel,car,Ford,,,Focus,Mk1,1.8,Ford Focus 1.8,1998-2004–,assets/vehicles/ford/car-01325/,assets/vehicles/_quick/car-01325-1.webp,assets/vehicles/_quick/car-01325-2.webp,,,,content/articles/ford/car-01325.md,no
8ba95737b3ea867d0ef730cdf40332d9b8cf247a,car-01326,excel,car,Ford,,,Focus,Mk1,2.0 16v,Ford Focus 2.0 16v,1998-2003–,assets/vehicles/ford/car-01326/,assets/vehicles/_quick/car-01326-1.webp,assets/vehicles/_quick/car-01326-2.webp,,,,content/articles/ford/car-01326.md,no
b25f29c2afc3d48210d50ea981a7bb7c43c512e2,car-01327,excel,car,Ford,,,Focus,Mk1,RS,Ford Focus RS,2002-2003–,assets/vehicles/ford/car-01327/,assets/vehicles/_quick/car-01327-1.webp,assets/vehicles/_quick/car-01327-2.webp,,,,content/articles/ford/car-01327.md,no
94e7bf77ea095257263d6575e620508106e650af,car-01328,excel,car,Ford,,,Focus,Mk1,ST 170,Ford Focus ST 170,2002-2004–,assets/vehicles/ford/car-01328/,assets/vehicles/_quick/car-01328-1.webp,assets/vehicles/_quick/car-01328-2.webp,,,,content/articles/ford/car-01328.md,no
57b76f619666728337fe96b43de6f252a686a394,car-01329,excel,car,Ford,,,Focus,Mk2,2.0,Ford Focus 2.0,2005-2011–,assets/vehicles/ford/car-01329/,assets/vehicles/_quick/car-01329-1.webp,assets/vehicles/_quick/car-01329-2.webp,,,,content/articles/ford/car-01329.md,no
017477241ead8850bfaed92893349f64c55147f3,car-01330,excel,car,Ford,,,Focus,Mk2,RS,Ford Focus RS,2009-2011–,assets/vehicles/ford/car-01330/,assets/vehicles/_quick/car-01330-1.webp,assets/vehicles/_quick/car-01330-2.webp,,,,content/articles/ford/car-01330.md,no
af4dd353903e5e79f58f286ef556775f9f9db8c4,car-01331,excel,car,Ford,,,Focus,Mk2,ST225,Ford Focus ST225,2005–2010,assets/vehicles/ford/car-01331/,assets/vehicles/_quick/car-01331-1.webp,assets/vehicles/_quick/car-01331-2.webp,,,,content/articles/ford/car-01331.md,no
e300c2b71d3f3793b73965f824cb48d4caa04dc3,car-01332,excel,car,Ford,,,Focus,Mk3,1.0 EcoBoost,Ford Focus 1.0 EcoBoost,2012-2018–,assets/vehicles/ford/car-01332/,assets/vehicles/_quick/car-01332-1.webp,assets/vehicles/_quick/car-01332-2.webp,,,,content/articles/ford/car-01332.md,no
e300c2b71d3f3793b73965f824cb48d4caa04dc3,car-01333,excel,car,Ford,,,Focus,Mk3,1.0 EcoBoost,Ford Focus 1.0 EcoBoost,2012-2018–,assets/vehicles/ford/car-01333/,assets/vehicles/_quick/car-01333-1.webp,assets/vehicles/_quick/car-01333-2.webp,,,,content/articles/ford/car-01333.md,no
edf3bf22d3150ab3fa916b0debe138015e10ce9a,car-01334,excel,car,Ford,,,Focus,Mk3,1.5 EcoBoost,Ford Focus 1.5 EcoBoost,2014-2018–,assets/vehicles/ford/car-01334/,assets/vehicles/_quick/car-01334-1.webp,assets/vehicles/_quick/car-01334-2.webp,,,,content/articles/ford/car-01334.md,no
edf3bf22d3150ab3fa916b0debe138015e10ce9a,car-01335,excel,car,Ford,,,Focus,Mk3,1.5 EcoBoost,Ford Focus 1.5 EcoBoost,2014-2018–,assets/vehicles/ford/car-01335/,assets/vehicles/_quick/car-01335-1.webp,assets/vehicles/_quick/car-01335-2.webp,,,,content/articles/ford/car-01335.md,no
7317248d0323b04061122d49183cb7e9691bbb46,car-01336,excel,car,Ford,,,Focus,Mk3,1.5 TDCi,Ford Focus 1.5 TDCi,2014-2018–,assets/vehicles/ford/car-01336/,assets/vehicles/_quick/car-01336-1.webp,assets/vehicles/_quick/car-01336-2.webp,,,,content/articles/ford/car-01336.md,no
5b74b89f941a2c614a69eb9212529f7c1593ed11,car-01337,excel,car,Ford,,,Focus,Mk3,1.6 EcoBoost,Ford Focus 1.6 EcoBoost,2010-2014–,assets/vehicles/ford/car-01337/,assets/vehicles/_quick/car-01337-1.webp,assets/vehicles/_quick/car-01337-2.webp,,,,content/articles/ford/car-01337.md,no
6eebecc9b7e77a122a56691950425094c54e9d9f,car-01338,excel,car,Ford,,,Focus,Mk3,1.6 SCTi,Ford Focus 1.6 SCTi,2010-2014–,assets/vehicles/ford/car-01338/,assets/vehicles/_quick/car-01338-1.webp,assets/vehicles/_quick/car-01338-2.webp,,,,content/articles/ford/car-01338.md,no
d37fabe61dfd045b23f936fdf95e05323ed443d1,car-01339,excel,car,Ford,,,Focus,Mk3,1.6 TDCi,Ford Focus 1.6 TDCi,2010-2014–,assets/vehicles/ford/car-01339/,assets/vehicles/_quick/car-01339-1.webp,assets/vehicles/_quick/car-01339-2.webp,,,,content/articles/ford/car-01339.md,no
c1772ba46bd6880388d6ca9421d3f31771e91284,car-01340,excel,car,Ford,,,Focus,Mk3,1.6 TDCi,Ford Focus 1.6 TDCi,2011-2015–,assets/vehicles/ford/car-01340/,assets/vehicles/_quick/car-01340-1.webp,assets/vehicles/_quick/car-01340-2.webp,,,,content/articles/ford/car-01340.md,no
bdf48cf6c03339756b5aa2135f093f8215372eb2,car-01341,excel,car,Ford,,,Focus,Mk3,1.6 Ti-VCT,Ford Focus 1.6 Ti-VCT,2011-2014–,assets/vehicles/ford/car-01341/,assets/vehicles/_quick/car-01341-1.webp,assets/vehicles/_quick/car-01341-2.webp,,,,content/articles/ford/car-01341.md,no
7d79abe10b50da06216cb4bd63cf1058ecf7dedf,car-01342,excel,car,Ford,,,Focus,Mk3,2.0 TDCi,Ford Focus 2.0 TDCi,2010-2014–,assets/vehicles/ford/car-01342/,assets/vehicles/_quick/car-01342-1.webp,assets/vehicles/_quick/car-01342-2.webp,,,,content/articles/ford/car-01342.md,no
d5943a66884faad1526331e98f13e4ac138abd91,car-01343,excel,car,Ford,,,Focus,Mk3,2.0 TDCi,Ford Focus 2.0 TDCi,2014-2018–,assets/vehicles/ford/car-01343/,assets/vehicles/_quick/car-01343-1.webp,assets/vehicles/_quick/car-01343-2.webp,,,,content/articles/ford/car-01343.md,no
7d79abe10b50da06216cb4bd63cf1058ecf7dedf,car-01344,excel,car,Ford,,,Focus,Mk3,2.0 TDCi,Ford Focus 2.0 TDCi,2010-2014–,assets/vehicles/ford/car-01344/,assets/vehicles/_quick/car-01344-1.webp,assets/vehicles/_quick/car-01344-2.webp,,,,content/articles/ford/car-01344.md,no
a8c0211f06de930f3e8c970b90769a149efe0589,car-01345,excel,car,Ford,,,Focus,Mk3,2.0 TDCi Powershift,Ford Focus 2.0 TDCi Powershift,2011-2014–,assets/vehicles/ford/car-01345/,assets/vehicles/_quick/car-01345-1.webp,assets/vehicles/_quick/car-01345-2.webp,,,,content/articles/ford/car-01345.md,no
fff9c89991bfd99f151ca02ed22b2583de719188,car-01346,excel,car,Ford,,,Focus,Mk3,Berline 2.0 TDCi,Ford Focus Berline 2.0 TDCi,2011-2014–,assets/vehicles/ford/car-01346/,assets/vehicles/_quick/car-01346-1.webp,assets/vehicles/_quick/car-01346-2.webp,,,,content/articles/ford/car-01346.md,no
a25bf2601452654074a810a76becf011f39baac1,car-01347,excel,car,Ford,,,Focus,Mk3,RS,Ford Focus RS,2016-2018–,assets/vehicles/ford/car-01347/,assets/vehicles/_quick/car-01347-1.webp,assets/vehicles/_quick/car-01347-2.webp,,,,content/articles/ford/car-01347.md,no
b5f872b5012355eb48c98523b7846d19ebeae192,car-01348,excel,car,Ford,,,Focus,Mk3,ST,Ford Focus ST,2012-2018–,assets/vehicles/ford/car-01348/,assets/vehicles/_quick/car-01348-1.webp,assets/vehicles/_quick/car-01348-2.webp,,,,content/articles/ford/car-01348.md,no
b2ed22c5fa957c6b49dd04df97a5807b7d3ada50,car-01349,excel,car,Ford,,,Focus,Mk3,ST Break,Ford Focus ST Break,2012-2018–,assets/vehicles/ford/car-01349/,assets/vehicles/_quick/car-01349-1.webp,assets/vehicles/_quick/car-01349-2.webp,,,,content/articles/ford/car-01349.md,no
2011d3a3f8c1a8128819e69403943294bbe758cd,car-01350,excel,car,Ford,,,Focus,Mk3,ST Break TDCi,Ford Focus ST Break TDCi,2014-2018–,assets/vehicles/ford/car-01350/,assets/vehicles/_quick/car-01350-1.webp,assets/vehicles/_quick/car-01350-2.webp,,,,content/articles/ford/car-01350.md,no
06aa91ce076f47980ddf82687013beabd1aedafe,car-01351,excel,car,Ford,,,Focus,Mk3,ST TDCi,Ford Focus ST TDCi,2014-2018–,assets/vehicles/ford/car-01351/,assets/vehicles/_quick/car-01351-1.webp,assets/vehicles/_quick/car-01351-2.webp,,,,content/articles/ford/car-01351.md,no
71b9cfbce819a7d81174c6f09417c87ae1aeea70,car-01352,excel,car,Ford,,,Focus,Mk3,ST TDCi Powershift,Ford Focus ST TDCi Powershift,2014-2018–,assets/vehicles/ford/car-01352/,assets/vehicles/_quick/car-01352-1.webp,assets/vehicles/_quick/car-01352-2.webp,,,,content/articles/ford/car-01352.md,no
03ad4753d8feb287e9c6c0c0df53f839a20937be,car-01353,excel,car,Ford,,,Focus,Mk3,ST Wolf,Ford Focus ST Wolf,2012-2016–,assets/vehicles/ford/car-01353/,assets/vehicles/_quick/car-01353-1.webp,assets/vehicles/_quick/car-01353-2.webp,,,,content/articles/ford/car-01353.md,no
82cbe71d755c52852f411ec3ebdc2c84b4a2863e,car-01354,excel,car,Ford,,,Focus,Mk4,1.0 EcoBoost,Ford Focus 1.0 EcoBoost,2018-2020–,assets/vehicles/ford/car-01354/,assets/vehicles/_quick/car-01354-1.webp,assets/vehicles/_quick/car-01354-2.webp,,,,content/articles/ford/car-01354.md,no
0b10f30e9bbce25e27afe4063c5a9bcb983c18da,car-01355,excel,car,Ford,,,Focus,Mk4,1.0 EcoBoost Auto,Ford Focus 1.0 EcoBoost Auto,2019-–,assets/vehicles/ford/car-01355/,assets/vehicles/_quick/car-01355-1.webp,assets/vehicles/_quick/car-01355-2.webp,,,,content/articles/ford/car-01355.md,no
9110b40e0cbe5ba7c8ded8920c081a41f5312ba3,car-01356,excel,car,Ford,,,Focus,Mk4,1.0 EcoBoost MHEV,Ford Focus 1.0 EcoBoost MHEV,2020-–,assets/vehicles/ford/car-01356/,assets/vehicles/_quick/car-01356-1.webp,assets/vehicles/_quick/car-01356-2.webp,,,,content/articles/ford/car-01356.md,no
e4df2a2c6171d7c4c5611da1def8758c27cc33eb,car-01357,excel,car,Ford,,,Focus,Mk4,1.0 EcoBoost MHEV Break,Ford Focus 1.0 EcoBoost MHEV Break,2020-–,assets/vehicles/ford/car-01357/,assets/vehicles/_quick/car-01357-1.webp,assets/vehicles/_quick/car-01357-2.webp,,,,content/articles/ford/car-01357.md,no
b70da458abd6e410afc3f910ec4a0c63b939f2a2,car-01358,excel,car,Ford,,,Focus,Mk4,1.0 EcoBoost MHEV DCT,Ford Focus 1.0 EcoBoost MHEV DCT,2021-–,assets/vehicles/ford/car-01358/,assets/vehicles/_quick/car-01358-1.webp,assets/vehicles/_quick/car-01358-2.webp,,,,content/articles/ford/car-01358.md,no
8a3b9f26d7a00b65b5c5eb1881e334db04ba4781,car-01359,excel,car,Ford,,,Focus,Mk4,1.5 EcoBlue,Ford Focus 1.5 EcoBlue,2018-–,assets/vehicles/ford/car-01359/,assets/vehicles/_quick/car-01359-1.webp,assets/vehicles/_quick/car-01359-2.webp,,,,content/articles/ford/car-01359.md,no
4a2ee52ef97aff11fee3b3b636837d2258ae8a9f,car-01360,excel,car,Ford,,,Focus,Mk4,1.5 EcoBlue Auto,Ford Focus 1.5 EcoBlue Auto,2018-–,assets/vehicles/ford/car-01360/,assets/vehicles/_quick/car-01360-1.webp,assets/vehicles/_quick/car-01360-2.webp,,,,content/articles/ford/car-01360.md,no
6f2fa88c05ddd21d3b0fbd3b8bce61a5f06a1494,car-01361,excel,car,Ford,,,Focus,Mk4,1.5 EcoBoost,Ford Focus 1.5 EcoBoost,2018-–,assets/vehicles/ford/car-01361/,assets/vehicles/_quick/car-01361-1.webp,assets/vehicles/_quick/car-01361-2.webp,,,,content/articles/ford/car-01361.md,no
3e6aa6f06880bd3633e6f66519ad586630f3c84e,car-01362,excel,car,Ford,,,Focus,Mk4,1.5 EcoBoost,Ford Focus 1.5 EcoBoost,2018-2020–,assets/vehicles/ford/car-01362/,assets/vehicles/_quick/car-01362-1.webp,assets/vehicles/_quick/car-01362-2.webp,,,,content/articles/ford/car-01362.md,no
dfa1fe7937815f2725555459c52a543c98edd95d,car-01363,excel,car,Ford,,,Focus,Mk4,1.5 EcoBoost Auto,Ford Focus 1.5 EcoBoost Auto,2019-–,assets/vehicles/ford/car-01363/,assets/vehicles/_quick/car-01363-1.webp,assets/vehicles/_quick/car-01363-2.webp,,,,content/articles/ford/car-01363.md,no
8bb8fc8e1712b00e8186d71151f8b5b373213d4e,car-01364,excel,car,Ford,,,Focus,Mk4,1.5 EcoBoost Auto,Ford Focus 1.5 EcoBoost Auto,2018-–,assets/vehicles/ford/car-01364/,assets/vehicles/_quick/car-01364-1.webp,assets/vehicles/_quick/car-01364-2.webp,,,,content/articles/ford/car-01364.md,no
9abc1dc21054fd926b52a4ee60575c8abd0961c2,car-01365,excel,car,Ford,,,Focus,Mk4,1.5 EcoBoost Break,Ford Focus 1.5 EcoBoost Break,2018-–,assets/vehicles/ford/car-01365/,assets/vehicles/_quick/car-01365-1.webp,assets/vehicles/_quick/car-01365-2.webp,,,,content/articles/ford/car-01365.md,no
d211ff07ee8a905295a5d21211e8bd9a726c5fd0,car-01366,excel,car,Ford,,,Focus,Mk4,2.0 EcoBlue,Ford Focus 2.0 EcoBlue,2018-–,assets/vehicles/ford/car-01366/,assets/vehicles/_quick/car-01366-1.webp,assets/vehicles/_quick/car-01366-2.webp,,,,content/articles/ford/car-01366.md,no
cdbacdb2dfa353ab88cc0e58a8988a8069bcd423,car-01367,excel,car,Ford,,,Focus,Mk4,2.0 EcoBlue Auto,Ford Focus 2.0 EcoBlue Auto,2018-–,assets/vehicles/ford/car-01367/,assets/vehicles/_quick/car-01367-1.webp,assets/vehicles/_quick/car-01367-2.webp,,,,content/articles/ford/car-01367.md,no
91a233f00a4a0da2f0a2c7c93051b3bf6b46e0fd,car-01368,excel,car,Ford,,,Focus,Mk4,ST Auto,Ford Focus ST Auto,2019–,assets/vehicles/ford/car-01368/,assets/vehicles/_quick/car-01368-1.webp,assets/vehicles/_quick/car-01368-2.webp,,,,content/articles/ford/car-01368.md,no
9ed2f4cbc6c2186cdeaef3851dcf503fc6efd327,car-01369,excel,car,Ford,,,Focus,Mk4,ST EcoBlue,Ford Focus ST EcoBlue,2019–,assets/vehicles/ford/car-01369/,assets/vehicles/_quick/car-01369-1.webp,assets/vehicles/_quick/car-01369-2.webp,,,,content/articles/ford/car-01369.md,no
5c31785e9cc846116c4111c34d1b7834efc1f679,car-01370,excel,car,Ford,,,Focus,Mk4,ST Manual,Ford Focus ST Manual,2019–,assets/vehicles/ford/car-01370/,assets/vehicles/_quick/car-01370-1.webp,assets/vehicles/_quick/car-01370-2.webp,,,,content/articles/ford/car-01370.md,no
0f24892dc42b661f1b30a4fbf191a3d3ab316310,car-01371,excel,car,Ford,,,Focus,Mk4,ST Wagon,Ford Focus ST Wagon,2019–,assets/vehicles/ford/car-01371/,assets/vehicles/_quick/car-01371-1.webp,assets/vehicles/_quick/car-01371-2.webp,,,,content/articles/ford/car-01371.md,no
8d342f2d98ccde680680c12fadc93ff3216404e0,car-01372,excel,car,Ford,,,Focus,Mk4,ST Wagon EcoBlue,Ford Focus ST Wagon EcoBlue,2019–,assets/vehicles/ford/car-01372/,assets/vehicles/_quick/car-01372-1.webp,assets/vehicles/_quick/car-01372-2.webp,,,,content/articles/ford/car-01372.md,no
0ba7f8ad09ada0374c50669e44cd4ef586417b02,car-01373,excel,car,Ford,,,Mondeo,Gen 1,1.8i 16v,Ford Mondeo 1.8i 16v,1993-1996–,assets/vehicles/ford/car-01373/,assets/vehicles/_quick/car-01373-1.webp,assets/vehicles/_quick/car-01373-2.webp,,,,content/articles/ford/car-01373.md,no
9abcfb464bd03b98e61106c37f3326f77ef45f41,car-01374,excel,car,Ford,,,Mondeo,Gen 1,2.0,Ford Mondeo 2.0,1996-2000–,assets/vehicles/ford/car-01374/,assets/vehicles/_quick/car-01374-1.webp,assets/vehicles/_quick/car-01374-2.webp,,,,content/articles/ford/car-01374.md,no
194a1d72f98d697cf04185fddca2226f8ece7062,car-01375,excel,car,Ford,,,Mondeo,Gen 1,2.0,Ford Mondeo 2.0,1993-1996–,assets/vehicles/ford/car-01375/,assets/vehicles/_quick/car-01375-1.webp,assets/vehicles/_quick/car-01375-2.webp,,,,content/articles/ford/car-01375.md,no
6aaa3ad8e283c6dab9a97e5f2a2065b8d24a1b38,car-01376,excel,car,Ford,,,Mondeo,II,2.0 II TDCi Auto,Ford Mondeo 2.0 II TDCi Auto,2001-2007–,assets/vehicles/ford/car-01376/,assets/vehicles/_quick/car-01376-1.webp,assets/vehicles/_quick/car-01376-2.webp,,,,content/articles/ford/car-01376.md,no
a72998b0f32c912bae7453971dd54660694a524d,car-01377,excel,car,Ford,,,Mondeo,II,1.8,Ford Mondeo 1.8,2000-2007–,assets/vehicles/ford/car-01377/,assets/vehicles/_quick/car-01377-1.webp,assets/vehicles/_quick/car-01377-2.webp,,,,content/articles/ford/car-01377.md,no
a72998b0f32c912bae7453971dd54660694a524d,car-01378,excel,car,Ford,,,Mondeo,II,1.8,Ford Mondeo 1.8,2000-2007–,assets/vehicles/ford/car-01378/,assets/vehicles/_quick/car-01378-1.webp,assets/vehicles/_quick/car-01378-2.webp,,,,content/articles/ford/car-01378.md,no
699172e909da8b4a69d2aef2e6a9ad3660bc7f86,car-01379,excel,car,Ford,,,Mondeo,II,1.8 SCi,Ford Mondeo 1.8 SCi,2003-2007–,assets/vehicles/ford/car-01379/,assets/vehicles/_quick/car-01379-1.webp,assets/vehicles/_quick/car-01379-2.webp,,,,content/articles/ford/car-01379.md,no
558bc3f6e9d75ed89cb97efb5590c00c70bf1484,car-01380,excel,car,Ford,,,Mondeo,II,2.0,Ford Mondeo 2.0,2000-2005–,assets/vehicles/ford/car-01380/,assets/vehicles/_quick/car-01380-1.webp,assets/vehicles/_quick/car-01380-2.webp,,,,content/articles/ford/car-01380.md,no
de5fd92eb8a90b2e94a2328bdd2687c71b461b05,car-01381,excel,car,Ford,,,Mondeo,II,2.0 TDCi,Ford Mondeo 2.0 TDCi,2002-2007–,assets/vehicles/ford/car-01381/,assets/vehicles/_quick/car-01381-1.webp,assets/vehicles/_quick/car-01381-2.webp,,,,content/articles/ford/car-01381.md,no
20733e75bff4204f0bf3db023aaa295c6dc83108,car-01382,excel,car,Ford,,,Mondeo,II,2.0 TDCi,Ford Mondeo 2.0 TDCi,2000-2007–,assets/vehicles/ford/car-01382/,assets/vehicles/_quick/car-01382-1.webp,assets/vehicles/_quick/car-01382-2.webp,,,,content/articles/ford/car-01382.md,no
0e6e169f62d880d888c3b9e51064e823bb15ac7c,car-01383,excel,car,Ford,,,Mondeo,II,2.0 TDCi Bv5,Ford Mondeo 2.0 TDCi Bv5,2001-2007–,assets/vehicles/ford/car-01383/,assets/vehicles/_quick/car-01383-1.webp,assets/vehicles/_quick/car-01383-2.webp,,,,content/articles/ford/car-01383.md,no
d4000f5cf911dfc2d218caa9b2aa6d3b5c2fc245,car-01384,excel,car,Ford,,,Mondeo,II,2.2 TDCi,Ford Mondeo 2.2 TDCi,2004-2007–,assets/vehicles/ford/car-01384/,assets/vehicles/_quick/car-01384-1.webp,assets/vehicles/_quick/car-01384-2.webp,,,,content/articles/ford/car-01384.md,no
8732b5fa8162f1ab6a2903fb74c8726a79aef41e,car-01385,excel,car,Ford,,,Mondeo,II,2.5 V6,Ford Mondeo 2.5 V6,2000-2007–,assets/vehicles/ford/car-01385/,assets/vehicles/_quick/car-01385-1.webp,assets/vehicles/_quick/car-01385-2.webp,,,,content/articles/ford/car-01385.md,no
3d010f8b113974b7124e2a5158c89b0b820f9546,car-01386,excel,car,Ford,,,Mondeo,II,3.0 V6 S,Ford Mondeo 3.0 V6 S,2004-2007–,assets/vehicles/ford/car-01386/,assets/vehicles/_quick/car-01386-1.webp,assets/vehicles/_quick/car-01386-2.webp,,,,content/articles/ford/car-01386.md,no
03fa95dc896b235640728b8bd06708406bb3d897,car-01387,excel,car,Ford,,,Mondeo,II,ST220,Ford Mondeo ST220,2000-2003–,assets/vehicles/ford/car-01387/,assets/vehicles/_quick/car-01387-1.webp,assets/vehicles/_quick/car-01387-2.webp,,,,content/articles/ford/car-01387.md,no
5f972927016b845e4473bb2e18abd6b192a00f33,car-01388,excel,car,Ford,,,Mondeo,II,ST220 bv6,Ford Mondeo ST220 bv6,2003-2007–,assets/vehicles/ford/car-01388/,assets/vehicles/_quick/car-01388-1.webp,assets/vehicles/_quick/car-01388-2.webp,,,,content/articles/ford/car-01388.md,no
4a36d375f4a88380dbb6c36e4d74afdf943181ab,car-01389,excel,car,Ford,,,Mondeo,II,SW ST220,Ford Mondeo SW ST220,2002-2003–,assets/vehicles/ford/car-01389/,assets/vehicles/_quick/car-01389-1.webp,assets/vehicles/_quick/car-01389-2.webp,,,,content/articles/ford/car-01389.md,no
acf08b4a3230c958462d2bc38e07dc914ac57bf6,car-01390,excel,car,Ford,,,Mondeo,III,1.8 TDCi,Ford Mondeo 1.8 TDCi,2007-2010–,assets/vehicles/ford/car-01390/,assets/vehicles/_quick/car-01390-1.webp,assets/vehicles/_quick/car-01390-2.webp,,,,content/articles/ford/car-01390.md,no
bbbfcc9491dffe6dd2f652cf2688b5ebe18b3269,car-01391,excel,car,Ford,,,Mondeo,III,1.8 TDCi Eco,Ford Mondeo 1.8 TDCi Eco,2007-2010–,assets/vehicles/ford/car-01391/,assets/vehicles/_quick/car-01391-1.webp,assets/vehicles/_quick/car-01391-2.webp,,,,content/articles/ford/car-01391.md,no
8b40e6185b30198d2dee8d30c5deb52c8b23d0a5,car-01392,excel,car,Ford,,,Mondeo,III,2.0 TDCi,Ford Mondeo 2.0 TDCi,2007-2014–,assets/vehicles/ford/car-01392/,assets/vehicles/_quick/car-01392-1.webp,assets/vehicles/_quick/car-01392-2.webp,,,,content/articles/ford/car-01392.md,no
9eba2936012d096b67a1267b48bb26184dea8469,car-01393,excel,car,Ford,,,Mondeo,III,2.2 TDCi,Ford Mondeo 2.2 TDCi,2010-2014–,assets/vehicles/ford/car-01393/,assets/vehicles/_quick/car-01393-1.webp,assets/vehicles/_quick/car-01393-2.webp,,,,content/articles/ford/car-01393.md,no
5d84eb15f7f81a1f5a6d7039f1e7fad0066dfb77,car-01394,excel,car,Ford,,,Mondeo,III,2.2 TDCi,Ford Mondeo 2.2 TDCi,2008-2010–,assets/vehicles/ford/car-01394/,assets/vehicles/_quick/car-01394-1.webp,assets/vehicles/_quick/car-01394-2.webp,,,,content/articles/ford/car-01394.md,no
0469f1c3db21f1d8133fbca6b063285b5a5a705f,car-01395,excel,car,Ford,,,Mondeo,III,2.2 TDCi Auto,Ford Mondeo 2.2 TDCi Auto,2010-2014–,assets/vehicles/ford/car-01395/,assets/vehicles/_quick/car-01395-1.webp,assets/vehicles/_quick/car-01395-2.webp,,,,content/articles/ford/car-01395.md,no
22c7053b78fd0c18bcd3dd47474460fa97572297,car-01396,excel,car,Ford,,,Mondeo,III,2.3 Auto,Ford Mondeo 2.3 Auto,2007-2010–,assets/vehicles/ford/car-01396/,assets/vehicles/_quick/car-01396-1.webp,assets/vehicles/_quick/car-01396-2.webp,,,,content/articles/ford/car-01396.md,no
965757d4d12700e58674a4f46f690537a0cfa5fb,car-01397,excel,car,Ford,,,Mondeo,III,2.5 T,Ford Mondeo 2.5 T,2007-2010–,assets/vehicles/ford/car-01397/,assets/vehicles/_quick/car-01397-1.webp,assets/vehicles/_quick/car-01397-2.webp,,,,content/articles/ford/car-01397.md,no
298df818a1e4db48dcb6d6ec87d8cf37c952e50f,car-01398,excel,car,Ford,,,Mondeo,III,SW 1.6 EcoBoost,Ford Mondeo SW 1.6 EcoBoost,2011-2014–,assets/vehicles/ford/car-01398/,assets/vehicles/_quick/car-01398-1.webp,assets/vehicles/_quick/car-01398-2.webp,,,,content/articles/ford/car-01398.md,no
a3b0ac634f9e2b75fc9ac3c45e2b8930d8e094b5,car-01399,excel,car,Ford,,,Mondeo,III,SW 2.0 EcoBoost,Ford Mondeo SW 2.0 EcoBoost,2010-2014–,assets/vehicles/ford/car-01399/,assets/vehicles/_quick/car-01399-1.webp,assets/vehicles/_quick/car-01399-2.webp,,,,content/articles/ford/car-01399.md,no
0534f485fc88cea7fc32e8bc5d50c1be07a5c081,car-01400,excel,car,Ford,,,Mondeo,III,SW 2.2 TDCi,Ford Mondeo SW 2.2 TDCi,2010-2014–,assets/vehicles/ford/car-01400/,assets/vehicles/_quick/car-01400-1.webp,assets/vehicles/_quick/car-01400-2.webp,,,,content/articles/ford/car-01400.md,no
b246d351015a9bc50efc3af73f29acab425589d7,car-01401,excel,car,Ford,,,Mondeo,III,SW 2.5 T,Ford Mondeo SW 2.5 T,2007-2010–,assets/vehicles/ford/car-01401/,assets/vehicles/_quick/car-01401-1.webp,assets/vehicles/_quick/car-01401-2.webp,,,,content/articles/ford/car-01401.md,no
c8a7cac11476cea14640fffaa4f4fd5519179921,car-01402,excel,car,Ford,,,Mondeo,Mk2,2.0,Ford Mondeo 2.0,2000-2005–,assets/vehicles/ford/car-01402/,assets/vehicles/_quick/car-01402-1.webp,assets/vehicles/_quick/car-01402-2.webp,,,,content/articles/ford/car-01402.md,no
a6aa00c0e581bf7bbadb32d64b8a36c73c815ad4,car-01403,excel,car,Ford,,,Mondeo,II,ST200,Ford Mondeo ST200,1999-2000–,assets/vehicles/ford/car-01403/,assets/vehicles/_quick/car-01403-1.webp,assets/vehicles/_quick/car-01403-2.webp,,,,content/articles/ford/car-01403.md,no
0fd7d0ad482b9cf82176ecaf47bab18b5ddb918a,car-01404,excel,car,Ford,,,Mondeo,Gen 1,V6,Ford Mondeo V6,1994-1996–,assets/vehicles/ford/car-01404/,assets/vehicles/_quick/car-01404-1.webp,assets/vehicles/_quick/car-01404-2.webp,,,,content/articles/ford/car-01404.md,no
48d6cadf8a9d53588d696a2c3c409ed405b8b8af,car-01405,excel,car,Ford,,,Mondeo,Gen 1,V6 Clipper,Ford Mondeo V6 Clipper,1994-2000–,assets/vehicles/ford/car-01405/,assets/vehicles/_quick/car-01405-1.webp,assets/vehicles/_quick/car-01405-2.webp,,,,content/articles/ford/car-01405.md,no
ab40bdbcfb503e5d44a23131178b7a02f9c3a32c,car-01406,excel,car,Ford,,,Mustang,I,Boss 302,Ford Mustang Boss 302,1969-1971–,assets/vehicles/ford/car-01406/,assets/vehicles/_quick/car-01406-1.webp,assets/vehicles/_quick/car-01406-2.webp,,,,content/articles/ford/car-01406.md,no
191899be9abf117999ab8d304cc7c1d36f1a7e22,car-01407,excel,car,Ford,,,Mustang,I,Boss 351,Ford Mustang Boss 351,1970-1971–,assets/vehicles/ford/car-01407/,assets/vehicles/_quick/car-01407-1.webp,assets/vehicles/_quick/car-01407-2.webp,,,,content/articles/ford/car-01407.md,no
8a0414c94ef9a5da047c4d05e354c6956ac085e6,car-01408,excel,car,Ford,,,Mustang,I,Fastback,Ford Mustang Fastback,1964-1966–,assets/vehicles/ford/car-01408/,assets/vehicles/_quick/car-01408-1.webp,assets/vehicles/_quick/car-01408-2.webp,,,,content/articles/ford/car-01408.md,no
bfb2e78057e060d896e8b05b0385fdd95bcf17c5,car-01409,excel,car,Ford,,,Mustang,I,GT 390 Fastback,Ford Mustang GT 390 Fastback,1967-1968–,assets/vehicles/ford/car-01409/,assets/vehicles/_quick/car-01409-1.webp,assets/vehicles/_quick/car-01409-2.webp,,,,content/articles/ford/car-01409.md,no
fe4f23fa03cc37406d47e24d67dcfed5b41654be,car-01410,excel,car,Ford,,,Mustang,I,Mach 1,Ford Mustang Mach 1,1971-1972–,assets/vehicles/ford/car-01410/,assets/vehicles/_quick/car-01410-1.webp,assets/vehicles/_quick/car-01410-2.webp,,,,content/articles/ford/car-01410.md,no
66cc171e02ff0d3ea470425db21a5c5ec75eb721,car-01411,excel,car,Ford,,,Mustang,I,Shelby GT 350,Ford Mustang Shelby GT 350,1965-1970–,assets/vehicles/ford/car-01411/,assets/vehicles/_quick/car-01411-1.webp,assets/vehicles/_quick/car-01411-2.webp,,,,content/articles/ford/car-01411.md,no
7ea69dce8229d40e500bea35a5898c77505dd8be,car-01412,excel,car,Ford,,,Mustang,I,Shelby GT 500,Ford Mustang Shelby GT 500,1966-1967–,assets/vehicles/ford/car-01412/,assets/vehicles/_quick/car-01412-1.webp,assets/vehicles/_quick/car-01412-2.webp,,,,content/articles/ford/car-01412.md,no
3c22f27d8e16c641833297fb22f1be4de407a8d3,car-01413,excel,car,Ford,,,Mustang,III,GT,Ford Mustang GT,1986-1992–,assets/vehicles/ford/car-01413/,assets/vehicles/_quick/car-01413-1.webp,assets/vehicles/_quick/car-01413-2.webp,,,,content/articles/ford/car-01413.md,no
eb81e063fea3af42540af65ebe1c1dcd665e05c0,car-01414,excel,car,Ford,,,Mustang,III,GT,Ford Mustang GT,1984-1985–,assets/vehicles/ford/car-01414/,assets/vehicles/_quick/car-01414-1.webp,assets/vehicles/_quick/car-01414-2.webp,,,,content/articles/ford/car-01414.md,no
6ccf6f6cfc681a82317909fa6582f899e96f9127,car-01415,excel,car,Ford,,,Mustang,III,GT 302 HO,Ford Mustang GT 302 HO,1981-1982–,assets/vehicles/ford/car-01415/,assets/vehicles/_quick/car-01415-1.webp,assets/vehicles/_quick/car-01415-2.webp,,,,content/articles/ford/car-01415.md,no
bf971c8fb8d0c3f74aa59899cde01f4b302956cb,car-01416,excel,car,Ford,,,Mustang,III,SVT Cobra,Ford Mustang SVT Cobra,1993-1993–,assets/vehicles/ford/car-01416/,assets/vehicles/_quick/car-01416-1.webp,assets/vehicles/_quick/car-01416-2.webp,,,,content/articles/ford/car-01416.md,no
25453d60bcd11ac8a105a92478fa5a3c20493da2,car-01417,excel,car,Ford,,,Mustang,IV,Bullitt GT,Ford Mustang Bullitt GT,2001-2001–,assets/vehicles/ford/car-01417/,assets/vehicles/_quick/car-01417-1.webp,assets/vehicles/_quick/car-01417-2.webp,,,,content/articles/ford/car-01417.md,no
c57f9090f9a1d419150ed90a60f43bb70772ee26,car-01418,excel,car,Ford,,,Mustang,IV,Cabriolet,Ford Mustang Cabriolet,1999-2004–,assets/vehicles/ford/car-01418/,assets/vehicles/_quick/car-01418-1.webp,assets/vehicles/_quick/car-01418-2.webp,,,,content/articles/ford/car-01418.md,no
e03aeb82ef854818af4eee34bc88f84eeeb51c37,car-01419,excel,car,Ford,,,Mustang,IV,GT,Ford Mustang GT,1999-2004–,assets/vehicles/ford/car-01419/,assets/vehicles/_quick/car-01419-1.webp,assets/vehicles/_quick/car-01419-2.webp,,,,content/articles/ford/car-01419.md,no
68bcca71a7068e8ace195f6a16ac177addf1954e,car-01420,excel,car,Ford,,,Mustang,IV,SVT Cobra,Ford Mustang SVT Cobra,2002-2004–,assets/vehicles/ford/car-01420/,assets/vehicles/_quick/car-01420-1.webp,assets/vehicles/_quick/car-01420-2.webp,,,,content/articles/ford/car-01420.md,no
5cbc01745946085cef8a39a5907a4cb9de3b2527,car-01421,excel,car,Ford,,,Mustang,IV,SVT Cobra,Ford Mustang SVT Cobra,1996-1998–,assets/vehicles/ford/car-01421/,assets/vehicles/_quick/car-01421-1.webp,assets/vehicles/_quick/car-01421-2.webp,,,,content/articles/ford/car-01421.md,no
c4ed04de0a2876d23705373a622c5d4ea9b1942e,car-01422,excel,car,Ford,,,Mustang,IV,SVT Cobra,Ford Mustang SVT Cobra,1999-2001–,assets/vehicles/ford/car-01422/,assets/vehicles/_quick/car-01422-1.webp,assets/vehicles/_quick/car-01422-2.webp,,,,content/articles/ford/car-01422.md,no
c4ed04de0a2876d23705373a622c5d4ea9b1942e,car-01423,excel,car,Ford,,,Mustang,IV,SVT Cobra,Ford Mustang SVT Cobra,1999-2001–,assets/vehicles/ford/car-01423/,assets/vehicles/_quick/car-01423-1.webp,assets/vehicles/_quick/car-01423-2.webp,,,,content/articles/ford/car-01423.md,no
c7de4f10fdd3ed8883400b1f0fe5f1b5ae06c987,car-01424,excel,car,Ford,,,Mustang,IV,SVT Cobra,Ford Mustang SVT Cobra,1993-1994–,assets/vehicles/ford/car-01424/,assets/vehicles/_quick/car-01424-1.webp,assets/vehicles/_quick/car-01424-2.webp,,,,content/articles/ford/car-01424.md,no
9b28855c6d5f3832f583c26325fcd90dfab848e6,car-01425,excel,car,Ford,,,Mustang,IV,SVT Cobra Convertible,Ford Mustang SVT Cobra Convertible,2002-2004–,assets/vehicles/ford/car-01425/,assets/vehicles/_quick/car-01425-1.webp,assets/vehicles/_quick/car-01425-2.webp,,,,content/articles/ford/car-01425.md,no
294d76fe606a787a51aaf81c7c84599058201141,car-01426,excel,car,Ford,,,Mustang,IV,SVT Cobra Convertible,Ford Mustang SVT Cobra Convertible,1993-1994–,assets/vehicles/ford/car-01426/,assets/vehicles/_quick/car-01426-1.webp,assets/vehicles/_quick/car-01426-2.webp,,,,content/articles/ford/car-01426.md,no
82e2c0a9578ec0ac5cb282bf579949d3f990778d,car-01427,excel,car,Ford,,,Mustang,IV,SVT Cobra R,Ford Mustang SVT Cobra R,2000-2004–,assets/vehicles/ford/car-01427/,assets/vehicles/_quick/car-01427-1.webp,assets/vehicles/_quick/car-01427-2.webp,,,,content/articles/ford/car-01427.md,no
ece1795bd93fa669598290cabcf0f498aefe06ce,car-01428,excel,car,Ford,,,Mustang Mach-E,Gen 1,AWD Extended Range,Ford Mustang Mach-E AWD Extended Range,2021-–,assets/vehicles/ford/car-01428/,assets/vehicles/_quick/car-01428-1.webp,assets/vehicles/_quick/car-01428-2.webp,,,,content/articles/ford/car-01428.md,no
1e663b2a94e8eabb6ef28eb80f94da4b94bc0b29,car-01429,excel,car,Ford,,,Mustang Mach-E,Gen 1,Extended Range,Ford Mustang Mach-E Extended Range,2021-–,assets/vehicles/ford/car-01429/,assets/vehicles/_quick/car-01429-1.webp,assets/vehicles/_quick/car-01429-2.webp,,,,content/articles/ford/car-01429.md,no
41af6efee6d7068256a6f3e2bdfb8cc7648bf404,car-01430,excel,car,Ford,,,Mustang Mach-E,Gen 1,GT,Ford Mustang Mach-E GT,2022-–,assets/vehicles/ford/car-01430/,assets/vehicles/_quick/car-01430-1.webp,assets/vehicles/_quick/car-01430-2.webp,,,,content/articles/ford/car-01430.md,no
3d410455d763480ca10a6e8a15f8a860c5594816,car-01431,excel,car,Ford,,,Mustang,V,Boss 302,Ford Mustang Boss 302,2011-2013–,assets/vehicles/ford/car-01431/,assets/vehicles/_quick/car-01431-1.webp,assets/vehicles/_quick/car-01431-2.webp,,,,content/articles/ford/car-01431.md,no
07a308fb572a575932937ced73e36d46546789dd,car-01432,excel,car,Ford,,,Mustang,V,GT,Ford Mustang GT,2005-2010–,assets/vehicles/ford/car-01432/,assets/vehicles/_quick/car-01432-1.webp,assets/vehicles/_quick/car-01432-2.webp,,,,content/articles/ford/car-01432.md,no
856dd9b88ab7d8311adeca4b0aa30b7adcc93af3,car-01433,excel,car,Ford,,,Mustang,V,GT 4.6,Ford Mustang GT 4.6,2009-2010–,assets/vehicles/ford/car-01433/,assets/vehicles/_quick/car-01433-1.webp,assets/vehicles/_quick/car-01433-2.webp,,,,content/articles/ford/car-01433.md,no
341ea6f696e2b1b7fe62e6b372fd9f2df20a06f4,car-01434,excel,car,Ford,,,Mustang,V,GT Auto,Ford Mustang GT Auto,2005-2010–,assets/vehicles/ford/car-01434/,assets/vehicles/_quick/car-01434-1.webp,assets/vehicles/_quick/car-01434-2.webp,,,,content/articles/ford/car-01434.md,no
c3c7ac9ff90073666e92db0f684cf7f2409c317d,car-01435,excel,car,Ford,,,Mustang,V,GT Cabriolet,Ford Mustang GT Cabriolet,2005-2010–,assets/vehicles/ford/car-01435/,assets/vehicles/_quick/car-01435-1.webp,assets/vehicles/_quick/car-01435-2.webp,,,,content/articles/ford/car-01435.md,no
1426d2c76aea856dd5e8045dfef8a0121d2d6122,car-01436,excel,car,Ford,,,Mustang,V,GT V8 5.0,Ford Mustang GT V8 5.0,2010-2014–,assets/vehicles/ford/car-01436/,assets/vehicles/_quick/car-01436-1.webp,assets/vehicles/_quick/car-01436-2.webp,,,,content/articles/ford/car-01436.md,no
b2135a9cc0a3fd77675f9ccc55f257f3d7474b8d,car-01437,excel,car,Ford,,,Mustang,V,RTR,Ford Mustang RTR,2010-2011–,assets/vehicles/ford/car-01437/,assets/vehicles/_quick/car-01437-1.webp,assets/vehicles/_quick/car-01437-2.webp,,,,content/articles/ford/car-01437.md,no
4f7e467852b85b1d292ffbf5134f98567304e5e5,car-01438,excel,car,Ford,,,Mustang,V,Shelby GT,Ford Mustang Shelby GT,2008-2008–,assets/vehicles/ford/car-01438/,assets/vehicles/_quick/car-01438-1.webp,assets/vehicles/_quick/car-01438-2.webp,,,,content/articles/ford/car-01438.md,no
9547c0ab75ff3a023af296e909833aa1b352c9e1,car-01439,excel,car,Ford,,,Mustang,V,Shelby GT 350,Ford Mustang Shelby GT 350,2011-2014–,assets/vehicles/ford/car-01439/,assets/vehicles/_quick/car-01439-1.webp,assets/vehicles/_quick/car-01439-2.webp,,,,content/articles/ford/car-01439.md,no
f0775801ca6798224e3217496289055bab686992,car-01440,excel,car,Ford,,,Mustang,V,Shelby GT 500,Ford Mustang Shelby GT 500,2006-2010–,assets/vehicles/ford/car-01440/,assets/vehicles/_quick/car-01440-1.webp,assets/vehicles/_quick/car-01440-2.webp,,,,content/articles/ford/car-01440.md,no
e91674e2bf5e968e43218dab22cd11e5e4bacc0e,car-01441,excel,car,Ford,,,Mustang,V,Shelby GT 500,Ford Mustang Shelby GT 500,2013-2014–,assets/vehicles/ford/car-01441/,assets/vehicles/_quick/car-01441-1.webp,assets/vehicles/_quick/car-01441-2.webp,,,,content/articles/ford/car-01441.md,no
500c3650f0437434bbeb80104d3ce7de9c68f412,car-01442,excel,car,Ford,,,Mustang,V,Shelby GT 500,Ford Mustang Shelby GT 500,2010-2013–,assets/vehicles/ford/car-01442/,assets/vehicles/_quick/car-01442-1.webp,assets/vehicles/_quick/car-01442-2.webp,,,,content/articles/ford/car-01442.md,no
d74889fa594c57463b75293550d2ded363d4b27f,car-01443,excel,car,Ford,,,Mustang,V,Shelby GT 500 Cab,Ford Mustang Shelby GT 500 Cab,2012-2014–,assets/vehicles/ford/car-01443/,assets/vehicles/_quick/car-01443-1.webp,assets/vehicles/_quick/car-01443-2.webp,,,,content/articles/ford/car-01443.md,no
e6402b0514ceb99702857df1d768ccc46abb622f,car-01444,excel,car,Ford,,,Mustang,V,Shelby GT 500 Super Snake,Ford Mustang Shelby GT 500 Super Snake,2013-2014–,assets/vehicles/ford/car-01444/,assets/vehicles/_quick/car-01444-1.webp,assets/vehicles/_quick/car-01444-2.webp,,,,content/articles/ford/car-01444.md,no
a647d14bcd8b51437113eeca1276b60cde9d7ff4,car-01445,excel,car,Ford,,,Mustang,V,V6,Ford Mustang V6,2011-2014–,assets/vehicles/ford/car-01445/,assets/vehicles/_quick/car-01445-1.webp,assets/vehicles/_quick/car-01445-2.webp,,,,content/articles/ford/car-01445.md,no
fcc5398a58006feb97a08bbdc0735f03b6ff337a,car-01446,excel,car,Ford,,,Mustang,V,V6 4.0,Ford Mustang V6 4.0,2007-2010–,assets/vehicles/ford/car-01446/,assets/vehicles/_quick/car-01446-1.webp,assets/vehicles/_quick/car-01446-2.webp,,,,content/articles/ford/car-01446.md,no
c6221102ad61c0d83a204b0ec1a830089ee8c655,car-01447,excel,car,Ford,,,Mustang,VI,2.3 EcoBoost,Ford Mustang 2.3 EcoBoost,2020-–,assets/vehicles/ford/car-01447/,assets/vehicles/_quick/car-01447-1.webp,assets/vehicles/_quick/car-01447-2.webp,,,,content/articles/ford/car-01447.md,no
4f4f31f838ad824c8193a516f330a4400eb89070,car-01448,excel,car,Ford,,,Mustang,VI,2.3 EcoBoost,Ford Mustang 2.3 EcoBoost,2018-–,assets/vehicles/ford/car-01448/,assets/vehicles/_quick/car-01448-1.webp,assets/vehicles/_quick/car-01448-2.webp,,,,content/articles/ford/car-01448.md,no
f533d29f286af0e8a04e382ca1c0b01f17f1ace4,car-01449,excel,car,Ford,,,Mustang,VI,2.3 EcoBoost,Ford Mustang 2.3 EcoBoost,2014-2017–,assets/vehicles/ford/car-01449/,assets/vehicles/_quick/car-01449-1.webp,assets/vehicles/_quick/car-01449-2.webp,,,,content/articles/ford/car-01449.md,no
0ce45af992ec7344df7a0e1181802a2bb2a8c4a3,car-01450,excel,car,Ford,,,Mustang,VI,2.3 EcoBoost Auto,Ford Mustang 2.3 EcoBoost Auto,2018-2023–,assets/vehicles/ford/car-01450/,assets/vehicles/_quick/car-01450-1.webp,assets/vehicles/_quick/car-01450-2.webp,,,,content/articles/ford/car-01450.md,no
4680f3f3b83cf77776b9263f146197c9007f545e,car-01451,excel,car,Ford,,,Mustang,VI,2.3 EcoBoost Auto,Ford Mustang 2.3 EcoBoost Auto,2014-2017–,assets/vehicles/ford/car-01451/,assets/vehicles/_quick/car-01451-1.webp,assets/vehicles/_quick/car-01451-2.webp,,,,content/articles/ford/car-01451.md,no
4e5f9898b3c784b33d63e0dd20adee7b72643ce2,car-01452,excel,car,Ford,,,Mustang,VI,2.3 EcoBoost Convertible,Ford Mustang 2.3 EcoBoost Convertible,2014-2017–,assets/vehicles/ford/car-01452/,assets/vehicles/_quick/car-01452-1.webp,assets/vehicles/_quick/car-01452-2.webp,,,,content/articles/ford/car-01452.md,no
5f90be1d80d9b7324ac56c434dc9b932b0bca8f2,car-01453,excel,car,Ford,,,Mustang,VI,2.3 EcoBoost Convertible Auto,Ford Mustang 2.3 EcoBoost Convertible Auto,2018-–,assets/vehicles/ford/car-01453/,assets/vehicles/_quick/car-01453-1.webp,assets/vehicles/_quick/car-01453-2.webp,,,,content/articles/ford/car-01453.md,no
b897a5a276a7429ed8e03939bf9ac60305da3b1e,car-01454,excel,car,Ford,,,Mustang,VI,GT V8 5.0,Ford Mustang GT V8 5.0,2018-2023–,assets/vehicles/ford/car-01454/,assets/vehicles/_quick/car-01454-1.webp,assets/vehicles/_quick/car-01454-2.webp,,,,content/articles/ford/car-01454.md,no
10bb397b2194db802d97ee8f7b978f72aac26bc1,car-01455,excel,car,Ford,,,Mustang,VI,GT V8 5.0,Ford Mustang GT V8 5.0,2018-–,assets/vehicles/ford/car-01455/,assets/vehicles/_quick/car-01455-1.webp,assets/vehicles/_quick/car-01455-2.webp,,,,content/articles/ford/car-01455.md,no
57b7ced3e0f196af38ceb549197f430fe9de903c,car-01456,excel,car,Ford,,,Mustang,VI,GT V8 5.0,Ford Mustang GT V8 5.0,2014-2017–,assets/vehicles/ford/car-01456/,assets/vehicles/_quick/car-01456-1.webp,assets/vehicles/_quick/car-01456-2.webp,,,,content/articles/ford/car-01456.md,no
57b7ced3e0f196af38ceb549197f430fe9de903c,car-01457,excel,car,Ford,,,Mustang,VI,GT V8 5.0,Ford Mustang GT V8 5.0,2014-2017–,assets/vehicles/ford/car-01457/,assets/vehicles/_quick/car-01457-1.webp,assets/vehicles/_quick/car-01457-2.webp,,,,content/articles/ford/car-01457.md,no
e49696297a9543a585db70598a781521da933fff,car-01458,excel,car,Ford,,,Mustang,VI,GT V8 5.0 Auto,Ford Mustang GT V8 5.0 Auto,2014-2017–,assets/vehicles/ford/car-01458/,assets/vehicles/_quick/car-01458-1.webp,assets/vehicles/_quick/car-01458-2.webp,,,,content/articles/ford/car-01458.md,no
8e291f8939e649cc687a411f656e412df0f2c650,car-01459,excel,car,Ford,,,Mustang,VI,GT V8 5.0 Auto,Ford Mustang GT V8 5.0 Auto,2018-–,assets/vehicles/ford/car-01459/,assets/vehicles/_quick/car-01459-1.webp,assets/vehicles/_quick/car-01459-2.webp,,,,content/articles/ford/car-01459.md,no
e49696297a9543a585db70598a781521da933fff,car-01460,excel,car,Ford,,,Mustang,VI,GT V8 5.0 Auto,Ford Mustang GT V8 5.0 Auto,2014-2017–,assets/vehicles/ford/car-01460/,assets/vehicles/_quick/car-01460-1.webp,assets/vehicles/_quick/car-01460-2.webp,,,,content/articles/ford/car-01460.md,no
f34725f870d90379c8c3da054898bbec3fe49765,car-01461,excel,car,Ford,,,Mustang,VI,GT V8 5.0 Bullit,Ford Mustang GT V8 5.0 Bullit,2018-–,assets/vehicles/ford/car-01461/,assets/vehicles/_quick/car-01461-1.webp,assets/vehicles/_quick/car-01461-2.webp,,,,content/articles/ford/car-01461.md,no
cf493e3a1f4f5c723c8c52399f043000d897508b,car-01462,excel,car,Ford,,,Mustang,VI,GT V8 5.0 Cabriolet,Ford Mustang GT V8 5.0 Cabriolet,2018-2023–,assets/vehicles/ford/car-01462/,assets/vehicles/_quick/car-01462-1.webp,assets/vehicles/_quick/car-01462-2.webp,,,,content/articles/ford/car-01462.md,no
0f42b4a005656790bf54a9decbf6eb68ae5257de,car-01463,excel,car,Ford,,,Mustang,VI,GT V8 5.0 Cabriolet,Ford Mustang GT V8 5.0 Cabriolet,2014-2017–,assets/vehicles/ford/car-01463/,assets/vehicles/_quick/car-01463-1.webp,assets/vehicles/_quick/car-01463-2.webp,,,,content/articles/ford/car-01463.md,no
0f42b4a005656790bf54a9decbf6eb68ae5257de,car-01464,excel,car,Ford,,,Mustang,VI,GT V8 5.0 Cabriolet,Ford Mustang GT V8 5.0 Cabriolet,2014-2017–,assets/vehicles/ford/car-01464/,assets/vehicles/_quick/car-01464-1.webp,assets/vehicles/_quick/car-01464-2.webp,,,,content/articles/ford/car-01464.md,no
138168b844cfa229aeace5eaf1657bf5c036ce10,car-01465,excel,car,Ford,,,Mustang,VI,GT V8 5.0 Cabriolet Auto,Ford Mustang GT V8 5.0 Cabriolet Auto,2018-–,assets/vehicles/ford/car-01465/,assets/vehicles/_quick/car-01465-1.webp,assets/vehicles/_quick/car-01465-2.webp,,,,content/articles/ford/car-01465.md,no
e85d1ea7838e15206c612edaa75a155c437bb90f,car-01466,excel,car,Ford,,,Mustang,VI,GT V8 5.0 Mach 1,Ford Mustang GT V8 5.0 Mach 1,2021-–,assets/vehicles/ford/car-01466/,assets/vehicles/_quick/car-01466-1.webp,assets/vehicles/_quick/car-01466-2.webp,,,,content/articles/ford/car-01466.md,no
e85d1ea7838e15206c612edaa75a155c437bb90f,car-01467,excel,car,Ford,,,Mustang,VI,GT V8 5.0 Mach 1,Ford Mustang GT V8 5.0 Mach 1,2021-–,assets/vehicles/ford/car-01467/,assets/vehicles/_quick/car-01467-1.webp,assets/vehicles/_quick/car-01467-2.webp,,,,content/articles/ford/car-01467.md,no
8e171f988875df6c9f7414ddbe7b45584a76c5ce,car-01468,excel,car,Ford,,,Mustang,VI,GT V8 5.0 Mach 1 Auto,Ford Mustang GT V8 5.0 Mach 1 Auto,2021-–,assets/vehicles/ford/car-01468/,assets/vehicles/_quick/car-01468-1.webp,assets/vehicles/_quick/car-01468-2.webp,,,,content/articles/ford/car-01468.md,no
ae53680bc761f412c1b81f1ddaa205a2726a5d7d,car-01469,excel,car,Ford,,,Mustang,VI,Shelby GT 350,Ford Mustang Shelby GT 350,2015-–,assets/vehicles/ford/car-01469/,assets/vehicles/_quick/car-01469-1.webp,assets/vehicles/_quick/car-01469-2.webp,,,,content/articles/ford/car-01469.md,no
bf836d48f94ce2f1c5417a24f2e0332ccb6fddbf,car-01470,excel,car,Ford,,,Mustang,VI,Shelby GT 350R,Ford Mustang Shelby GT 350R,2015-–,assets/vehicles/ford/car-01470/,assets/vehicles/_quick/car-01470-1.webp,assets/vehicles/_quick/car-01470-2.webp,,,,content/articles/ford/car-01470.md,no
6c4ce12e5423e19a52c2a12ee948526a2ffa58ad,car-01471,excel,car,Ford,,,Mustang,VI,Shelby GT 500,Ford Mustang Shelby GT 500,2019-2022–,assets/vehicles/ford/car-01471/,assets/vehicles/_quick/car-01471-1.webp,assets/vehicles/_quick/car-01471-2.webp,,,,content/articles/ford/car-01471.md,no
37d8e7272d314168124b1c6358e89bd829941e12,car-01472,excel,car,Ford,,,Mustang,VI,Shelby Super Snake,Ford Mustang Shelby Super Snake,2015-2016–,assets/vehicles/ford/car-01472/,assets/vehicles/_quick/car-01472-1.webp,assets/vehicles/_quick/car-01472-2.webp,,,,content/articles/ford/car-01472.md,no
bc1097f2bde308248d989a09cc3ed48d3b19121c,car-01473,excel,car,Ford,,,Mustang,VII,2.3 EcoBoost,Ford Mustang 2.3 EcoBoost,2023-–,assets/vehicles/ford/car-01473/,assets/vehicles/_quick/car-01473-1.webp,assets/vehicles/_quick/car-01473-2.webp,,,,content/articles/ford/car-01473.md,no
1d1dc0b63398a481fc2d55fbd4374ad20b90ec59,car-01474,excel,car,Ford,,,Mustang,VII,Dark Horse,Ford Mustang Dark Horse,2023-–,assets/vehicles/ford/car-01474/,assets/vehicles/_quick/car-01474-1.webp,assets/vehicles/_quick/car-01474-2.webp,,,,content/articles/ford/car-01474.md,no
64531a5f5dade10d0d99b9db4ec2853f799599c0,car-01475,excel,car,Ford,,,Mustang,VII,GT V8,Ford Mustang GT V8,2023-–,assets/vehicles/ford/car-01475/,assets/vehicles/_quick/car-01475-1.webp,assets/vehicles/_quick/car-01475-2.webp,,,,content/articles/ford/car-01475.md,no
cf252dea5df80e4680251c75bacd1809778f7b04,car-01476,excel,car,Ford,,,Sierra,Gen 1,Cosworth,Ford Sierra Cosworth,1986-1989–,assets/vehicles/ford/car-01476/,assets/vehicles/_quick/car-01476-1.webp,assets/vehicles/_quick/car-01476-2.webp,,,,content/articles/ford/car-01476.md,no
61b0b361adf09101c9c8cb2411227a899500817b,car-01477,excel,car,Ford,,,Sierra,Gen 1,XR4i,Ford Sierra XR4i,1982-1985–,assets/vehicles/ford/car-01477/,assets/vehicles/_quick/car-01477-1.webp,assets/vehicles/_quick/car-01477-2.webp,,,,content/articles/ford/car-01477.md,no
ddb6eab4ceba4fe462e3f11775bc0f583dffe7e0,car-01478,excel,car,Honda,,,Accord,Gen 1,1.8i,Honda Accord 1.8i,1998-2003–,assets/vehicles/honda/car-01478/,assets/vehicles/_quick/car-01478-1.webp,assets/vehicles/_quick/car-01478-2.webp,,,,content/articles/honda/car-01478.md,no
c6c11ec7b91903cd908d906def7d99bf7fc369a3,car-01479,excel,car,Honda,,,Accord,Gen 1,2.0i,Honda Accord 2.0i,1998-2003–,assets/vehicles/honda/car-01479/,assets/vehicles/_quick/car-01479-1.webp,assets/vehicles/_quick/car-01479-2.webp,,,,content/articles/honda/car-01479.md,no
7423960ece937fcb1be17f9455e0bda59686e2e0,car-01480,excel,car,Honda,,,CBR 1000 RR-R,Gen 1,Fireblade SP 30th Anniversary,Honda CBR 1000 RR-R Fireblade SP 30th Anniversary,2022-2022–,assets/vehicles/honda/car-01480/,assets/vehicles/_quick/car-01480-1.webp,assets/vehicles/_quick/car-01480-2.webp,,,,content/articles/honda/car-01480.md,no
ad4c14b3b7a6a541e5d7cd47ccb4262051f9e0e1,car-01481,excel,car,Honda,,,Civic,EP3,Type R,Honda Civic Type R,2001-2006–,assets/vehicles/honda/car-01481/,assets/vehicles/_quick/car-01481-1.webp,assets/vehicles/_quick/car-01481-2.webp,,,,content/articles/honda/car-01481.md,no
63cd77cbc363d45296f97f1b7e0414a35a2c478c,car-01482,excel,car,Honda,,,Civic,FK1,1.8 i-VTEC,Honda Civic 1.8 i-VTEC,2005–2011,assets/vehicles/honda/car-01482/,assets/vehicles/_quick/car-01482-1.webp,assets/vehicles/_quick/car-01482-2.webp,,,,content/articles/honda/car-01482.md,no
fcd60f3a5301d0c602f8e99c9e8389c682cfe90f,car-01483,excel,car,Honda,,,Civic,FK4,1.4 i-DSi,Honda Civic 1.4 i-DSi,2005–2009,assets/vehicles/honda/car-01483/,assets/vehicles/_quick/car-01483-1.webp,assets/vehicles/_quick/car-01483-2.webp,,,,content/articles/honda/car-01483.md,no
76cbf1e927287f2dcf062b00c4f134233cafab1e,car-01484,excel,car,Honda,,,Civic,FK8,Type R,Honda Civic Type R,2017-2021–,assets/vehicles/honda/car-01484/,assets/vehicles/_quick/car-01484-1.webp,assets/vehicles/_quick/car-01484-2.webp,,,,content/articles/honda/car-01484.md,no
09cfa39571407aca3bc2feb26046cf64b41db22e,car-01485,excel,car,Honda,,,Civic,FL5,Type R,Honda Civic Type R,2022-–,assets/vehicles/honda/car-01485/,assets/vehicles/_quick/car-01485-1.webp,assets/vehicles/_quick/car-01485-2.webp,,,,content/articles/honda/car-01485.md,no
ca64b0335191d46ed283a608e730e7ad2e29ec26,car-01486,excel,car,Honda,,,Civic,FN/FK3,2.2 i-CDTi,Honda Civic 2.2 i-CDTi,2006-2011–,assets/vehicles/honda/car-01486/,assets/vehicles/_quick/car-01486-1.webp,assets/vehicles/_quick/car-01486-2.webp,,,,content/articles/honda/car-01486.md,no
b606c5e4ee574fc9881722f302d5259aa3a744c9,car-01487,excel,car,Honda,,,Civic,FN/FK4,1.4 i-VTEC,Honda Civic 1.4 i-VTEC,2008-2011–,assets/vehicles/honda/car-01487/,assets/vehicles/_quick/car-01487-1.webp,assets/vehicles/_quick/car-01487-2.webp,,,,content/articles/honda/car-01487.md,no
4fa6fd60d2c355056ccbdfd66a6c4a31a6e64d74,car-01488,excel,car,Honda,,,Civic,FN1,1.8 i-VTEC Type-S,Honda Civic 1.8 i-VTEC Type-S,2007–2011,assets/vehicles/honda/car-01488/,assets/vehicles/_quick/car-01488-1.webp,assets/vehicles/_quick/car-01488-2.webp,,,,content/articles/honda/car-01488.md,no
c01e0d56d7f0bba2cf5e0a249c43c842335adc86,car-01489,excel,car,Honda,,,Civic,FN2,Type R,Honda Civic Type R,2006-2010–,assets/vehicles/honda/car-01489/,assets/vehicles/_quick/car-01489-1.webp,assets/vehicles/_quick/car-01489-2.webp,,,,content/articles/honda/car-01489.md,no
78b92e71ad8d0092cdab6448ab44468289067a5e,car-01490,excel,car,Honda,,,CR-V,Gen 1,1.6 i-Dtec 4WD,Honda CR-V 1.6 i-Dtec 4WD,2015-2018–,assets/vehicles/honda/car-01490/,assets/vehicles/_quick/car-01490-1.webp,assets/vehicles/_quick/car-01490-2.webp,,,,content/articles/honda/car-01490.md,no
22e7dda1ce2f75e44c35043fde5afc65062f7fca,car-01491,excel,car,Honda,,,CR-Z,Gen 1,-,Honda CR-Z,2010–2013,assets/vehicles/honda/car-01491/,assets/vehicles/_quick/car-01491-1.webp,assets/vehicles/_quick/car-01491-2.webp,,,,content/articles/honda/car-01491.md,no
085231736e631c8c1a90a58cb8b0cfb65acb5a0f,car-01492,excel,car,Honda,,,CRX,EH6,Del Sol ESi,Honda CRX Del Sol ESi,1992-1998–,assets/vehicles/honda/car-01492/,assets/vehicles/_quick/car-01492-1.webp,assets/vehicles/_quick/car-01492-2.webp,,,,content/articles/honda/car-01492.md,no
fb75585dabfec2799e49f9d88afe60830a6d69bd,car-01493,excel,car,Honda,,,Integra,DC2,Type R,Honda Integra Type R,1998-2001–,assets/vehicles/honda/car-01493/,assets/vehicles/_quick/car-01493-1.webp,assets/vehicles/_quick/car-01493-2.webp,,,,content/articles/honda/car-01493.md,no
0292fcfaf46b50dcd7778659f623a68d25053d07,car-01494,excel,car,Honda,,,Integra,DC2,SiR Coupé,Honda Integra SiR Coupé,1995-2001–,assets/vehicles/honda/car-01494/,assets/vehicles/_quick/car-01494-1.webp,assets/vehicles/_quick/car-01494-2.webp,,,,content/articles/honda/car-01494.md,no
84cd411d5f346106ece9e0911bab5bc2ff3396f1,car-01495,excel,car,Honda,,,Jazz,Gen 1,1.4 i-VTEC manual,Honda Jazz 1.4 i-VTEC manual,2008–2015,assets/vehicles/honda/car-01495/,assets/vehicles/_quick/car-01495-1.webp,assets/vehicles/_quick/car-01495-2.webp,,,,content/articles/honda/car-01495.md,no
add64c6c1d8502050ff3a9216c4f1dca8d39df55,car-01496,excel,car,Honda,,,NSX,Gen 1,3.2,Honda NSX 3.2,1997-2005–,assets/vehicles/honda/car-01496/,assets/vehicles/_quick/car-01496-1.webp,assets/vehicles/_quick/car-01496-2.webp,,,,content/articles/honda/car-01496.md,no
13c28cf0cf7b4fdb8508d8330c0ee85ea9c29cec,car-01497,excel,car,Honda,,,Prelude,V,2.0i,Honda Prelude 2.0i,1997-2001–,assets/vehicles/honda/car-01497/,assets/vehicles/_quick/car-01497-1.webp,assets/vehicles/_quick/car-01497-2.webp,,,,content/articles/honda/car-01497.md,no
6a263b9614086c843799cfc59e0493b6a8b230c5,car-01498,excel,car,Honda,,,Prelude,V,2.2 VTi,Honda Prelude 2.2 VTi,1997-2001–,assets/vehicles/honda/car-01498/,assets/vehicles/_quick/car-01498-1.webp,assets/vehicles/_quick/car-01498-2.webp,,,,content/articles/honda/car-01498.md,no
769cda358275755013375a119eef698d5ea0c32e,car-01499,excel,car,Honda,,,S2000,F22C,-,Honda S2000,2004-2009–,assets/vehicles/honda/car-01499/,assets/vehicles/_quick/car-01499-1.webp,assets/vehicles/_quick/car-01499-2.webp,,,,content/articles/honda/car-01499.md,no
92a47fd2dcee11587f1dcbcea8597e6c48305e00,car-01500,excel,car,Honda,,,S2000,Gen 1,-,Honda S2000,1999-2004–,assets/vehicles/honda/car-01500/,assets/vehicles/_quick/car-01500-1.webp,assets/vehicles/_quick/car-01500-2.webp,,,,content/articles/honda/car-01500.md,no
3375c7fc85bcbd8c57eb6987bb0a11262b4ec4c7,car-01501,excel,car,Honda,,,S2000,F22C,2.2,Honda S2000 2.2,2004-2010–,assets/vehicles/honda/car-01501/,assets/vehicles/_quick/car-01501-1.webp,assets/vehicles/_quick/car-01501-2.webp,,,,content/articles/honda/car-01501.md,no
f7bfa0d690a99ce22c0a40c6c6f40413e9457563,car-01502,excel,car,Hyundai,,,Coupé,Gen 1,2.0 FX Ph2,Hyundai Coupé 2.0 FX Ph2,1999–2002,assets/vehicles/hyundai/car-01502/,assets/vehicles/_quick/car-01502-1.webp,assets/vehicles/_quick/car-01502-2.webp,,,,content/articles/hyundai/car-01502.md,no
f499bb22090cb34b3c85770775fd9b3390c07706,car-01503,excel,car,Hyundai,,,i20,Gen 1,1.0 T-GDi HybrDI,Hyundai i20 1.0 T-GDi HybrDI,2020-–,assets/vehicles/hyundai/car-01503/,assets/vehicles/_quick/car-01503-1.webp,assets/vehicles/_quick/car-01503-2.webp,,,,content/articles/hyundai/car-01503.md,no
afa540a6e23e4f3dbc89c22db97dac20ff74f1b1,car-01504,excel,car,Hyundai,,,i20,Gen 1,N,Hyundai i20 N,2021-–,assets/vehicles/hyundai/car-01504/,assets/vehicles/_quick/car-01504-1.webp,assets/vehicles/_quick/car-01504-2.webp,,,,content/articles/hyundai/car-01504.md,no
e5f16933e6ea3f508ce17f2c89f07ff47f5bd560,car-01505,excel,car,Hyundai,,,i30,Gen 1,1.0 T-GDI 48V DCT Klass,Hyundai i30 1.0 T-GDI 48V DCT Klass,2024–,assets/vehicles/hyundai/car-01505/,assets/vehicles/_quick/car-01505-1.webp,assets/vehicles/_quick/car-01505-2.webp,,,,content/articles/hyundai/car-01505.md,no
307521e8a4ceebe444f3b131b9f3f6e72e872f37,car-01506,excel,car,Hyundai,,,i30,Gen 1,1.0 T-GDI 48V Klass,Hyundai i30 1.0 T-GDI 48V Klass,2024–,assets/vehicles/hyundai/car-01506/,assets/vehicles/_quick/car-01506-1.webp,assets/vehicles/_quick/car-01506-2.webp,,,,content/articles/hyundai/car-01506.md,no
65e94147cbb5d39781a8c4f882ead8b863d063fa,car-01507,excel,car,Hyundai,,,i30,Gen 1,1.0 T-GDI DCT N-Line,Hyundai i30 1.0 T-GDI DCT N-Line,2024–2025,assets/vehicles/hyundai/car-01507/,assets/vehicles/_quick/car-01507-1.webp,assets/vehicles/_quick/car-01507-2.webp,,,,content/articles/hyundai/car-01507.md,no
82dec93a767f7dc881694fa07d384057c4795544,car-01508,excel,car,Hyundai,,,i30,Gen 1,1.0 T-GDI N-Line SE,Hyundai i30 1.0 T-GDI N-Line SE,2024–,assets/vehicles/hyundai/car-01508/,assets/vehicles/_quick/car-01508-1.webp,assets/vehicles/_quick/car-01508-2.webp,,,,content/articles/hyundai/car-01508.md,no
2cc59a9a1982db1fbbc6e9bbfa23cecd64677660,car-01509,excel,car,Hyundai,,,i30,Gen 1,1.4 T-GDi,Hyundai i30 1.4 T-GDi,2017-–,assets/vehicles/hyundai/car-01509/,assets/vehicles/_quick/car-01509-1.webp,assets/vehicles/_quick/car-01509-2.webp,,,,content/articles/hyundai/car-01509.md,no
5e76e38ce8087593966d3ca8262a3b8ab6fe9ab8,car-01510,excel,car,Hyundai,,,i30,Gen 1,1.5 T-GDi,Hyundai i30 1.5 T-GDi,2020-–,assets/vehicles/hyundai/car-01510/,assets/vehicles/_quick/car-01510-1.webp,assets/vehicles/_quick/car-01510-2.webp,,,,content/articles/hyundai/car-01510.md,no
97903c7493dbac9757031e1d0e76aac2217f6d55,car-01511,excel,car,Hyundai,,,i30,Gen 1,Fastback 1.4 T-GDi,Hyundai i30 Fastback 1.4 T-GDi,2018-–,assets/vehicles/hyundai/car-01511/,assets/vehicles/_quick/car-01511-1.webp,assets/vehicles/_quick/car-01511-2.webp,,,,content/articles/hyundai/car-01511.md,no
e747946ef63720ce2312ffc33874f897e140942f,car-01512,excel,car,Hyundai,,,i30,Gen 1,Fastback N Performance,Hyundai i30 Fastback N Performance,2019-–,assets/vehicles/hyundai/car-01512/,assets/vehicles/_quick/car-01512-1.webp,assets/vehicles/_quick/car-01512-2.webp,,,,content/articles/hyundai/car-01512.md,no
e44a27243a50285e9d8a2005ceeb4fda5866f7e3,car-01513,excel,car,Hyundai,,,i30,Gen 1,N,Hyundai i30 N,2017–,assets/vehicles/hyundai/car-01513/,assets/vehicles/_quick/car-01513-1.webp,assets/vehicles/_quick/car-01513-2.webp,,,,content/articles/hyundai/car-01513.md,no
8d2069c4d1df0b63062e50037c46efe79f8309c1,car-01514,excel,car,Hyundai,,,i30,Gen 1,N Performance,Hyundai i30 N Performance,2021–,assets/vehicles/hyundai/car-01514/,assets/vehicles/_quick/car-01514-1.webp,assets/vehicles/_quick/car-01514-2.webp,,,,content/articles/hyundai/car-01514.md,no
4c3d6b5763defc655fd772aea2d6eb539ea5eff5,car-01515,excel,car,Hyundai,,,i30,Gen 1,N Performance,Hyundai i30 N Performance,2017–2021,assets/vehicles/hyundai/car-01515/,assets/vehicles/_quick/car-01515-1.webp,assets/vehicles/_quick/car-01515-2.webp,,,,content/articles/hyundai/car-01515.md,no
eb24f4ae1d529c4db95df777d5ccbd4c360b7094,car-01516,excel,car,Hyundai,,,i30,Gen 1,N Performance 8DCT,Hyundai i30 N Performance 8DCT,2021–2025,assets/vehicles/hyundai/car-01516/,assets/vehicles/_quick/car-01516-1.webp,assets/vehicles/_quick/car-01516-2.webp,,,,content/articles/hyundai/car-01516.md,no
b54deab220755cc9f357cf0b60ea25adcce3b911,car-01517,excel,car,Hyundai,,,Ioniq,Gen 1,5 N,Hyundai Ioniq 5 N,2023-–,assets/vehicles/hyundai/car-01517/,assets/vehicles/_quick/car-01517-1.webp,assets/vehicles/_quick/car-01517-2.webp,,,,content/articles/hyundai/car-01517.md,no
440e1bfa9ff97abc8989cb53cad7d347dae2145b,car-01518,excel,car,Hyundai,,,Ioniq,Gen 1,6,Hyundai Ioniq 6,2023-–,assets/vehicles/hyundai/car-01518/,assets/vehicles/_quick/car-01518-1.webp,assets/vehicles/_quick/car-01518-2.webp,,,,content/articles/hyundai/car-01518.md,no
e755a530d28dd51cf67b09de8a809049c6a35b4c,car-01519,excel,car,Hyundai,,,Ioniq,Gen 1,6 HTRAC,Hyundai Ioniq 6 HTRAC,2023-–,assets/vehicles/hyundai/car-01519/,assets/vehicles/_quick/car-01519-1.webp,assets/vehicles/_quick/car-01519-2.webp,,,,content/articles/hyundai/car-01519.md,no
67359c86524d703e442e7a4577d0bbbcaf39a965,car-01520,excel,car,Jaguar,,,S-Type,Gen 1,3.0 V6 Auto Executive,Jaguar S-Type 3.0 V6 Auto Executive,2004–2007,assets/vehicles/jaguar/car-01520/,assets/vehicles/_quick/car-01520-1.webp,assets/vehicles/_quick/car-01520-2.webp,,,,content/articles/jaguar/car-01520.md,no
d44708cac4226930d73b9b85f6d57624c0fd21c2,car-01521,excel,car,Jaguar,,,S-Type,Gen 1,4.0 V8,Jaguar S-Type 4.0 V8,1999–2002,assets/vehicles/jaguar/car-01521/,assets/vehicles/_quick/car-01521-1.webp,assets/vehicles/_quick/car-01521-2.webp,,,,content/articles/jaguar/car-01521.md,no
4526c4b21a7aab31cf351a32f5f38c0cdc9896df,car-01522,excel,car,Jeep,,,Grand Cherokee,WJ,2.7 CRD,Jeep Grand Cherokee 2.7 CRD,2002–2004,assets/vehicles/jeep/car-01522/,assets/vehicles/_quick/car-01522-1.webp,assets/vehicles/_quick/car-01522-2.webp,,,,content/articles/jeep/car-01522.md,no
faac6522aca9a6c553c2b8a2534b4d33c761e184,car-01523,excel,car,Jeep,,,Grand Cherokee,WJ,4.0 I6,Jeep Grand Cherokee 4.0 I6,1999–2004,assets/vehicles/jeep/car-01523/,assets/vehicles/_quick/car-01523-1.webp,assets/vehicles/_quick/car-01523-2.webp,,,,content/articles/jeep/car-01523.md,no
243e86bd49fc619a06f004dcb3b923556ed8ecc2,car-01524,excel,car,Jeep,,,Grand Cherokee,WJ,4.7 V8,Jeep Grand Cherokee 4.7 V8,1999–2004,assets/vehicles/jeep/car-01524/,assets/vehicles/_quick/car-01524-1.webp,assets/vehicles/_quick/car-01524-2.webp,,,,content/articles/jeep/car-01524.md,no
301e76ac34beb026fe28f3b51ab7e4a19d3b79c3,car-01525,excel,car,Jeep,,,Grand Cherokee,WJ,4.7 V8 HO,Jeep Grand Cherokee 4.7 V8 HO,2001–2004,assets/vehicles/jeep/car-01525/,assets/vehicles/_quick/car-01525-1.webp,assets/vehicles/_quick/car-01525-2.webp,,,,content/articles/jeep/car-01525.md,no
752aae6468beb3f4e826cafffbe35a4db0c60df4,car-01526,excel,car,Jeep,,,Grand Cherokee,WK2.2,3.0 V6 Limited 250cv,Jeep Grand Cherokee 3.0 V6 Limited 250cv,2017–2021,assets/vehicles/jeep/car-01526/,assets/vehicles/_quick/car-01526-1.webp,assets/vehicles/_quick/car-01526-2.webp,,,,content/articles/jeep/car-01526.md,no
341192a14b765bc5e89ef81f359f5361ef3ac3e7,car-01527,excel,car,Land Rover,,,Defender,Gen 1,110 2.0 D200,Land Rover Defender 110 2.0 D200,2019–2020,assets/vehicles/land-rover/car-01527/,assets/vehicles/_quick/car-01527-1.webp,assets/vehicles/_quick/car-01527-2.webp,,,,content/articles/land-rover/car-01527.md,no
7f5be1bcd9976f265f878bcbdd75e3cf9c87c721,car-01528,excel,car,Land Rover,,,Defender,Gen 1,110 3.0 D200 MHEV,Land Rover Defender 110 3.0 D200 MHEV,2020–2022,assets/vehicles/land-rover/car-01528/,assets/vehicles/_quick/car-01528-1.webp,assets/vehicles/_quick/car-01528-2.webp,,,,content/articles/land-rover/car-01528.md,no
c8ee9ddf18d78229b96fc9df3a2d5e0279385691,car-01529,excel,car,Land Rover,,,Defender,Gen 1,110 D240,Land Rover Defender 110 D240,2019–2021,assets/vehicles/land-rover/car-01529/,assets/vehicles/_quick/car-01529-1.webp,assets/vehicles/_quick/car-01529-2.webp,,,,content/articles/land-rover/car-01529.md,no
35aa382ea0746ec1034438af3a7390576ccb4c67,car-01530,excel,car,Land Rover,,,Defender,Gen 1,110 D250 MHEV,Land Rover Defender 110 D250 MHEV,2021–,assets/vehicles/land-rover/car-01530/,assets/vehicles/_quick/car-01530-1.webp,assets/vehicles/_quick/car-01530-2.webp,,,,content/articles/land-rover/car-01530.md,no
f02a4a329e872917fdbf03dd247b070de5ebca19,car-01531,excel,car,Land Rover,,,Defender,Gen 1,110 D300 MHEV,Land Rover Defender 110 D300 MHEV,2020–2022,assets/vehicles/land-rover/car-01531/,assets/vehicles/_quick/car-01531-1.webp,assets/vehicles/_quick/car-01531-2.webp,,,,content/articles/land-rover/car-01531.md,no
af6c859b9d36ae8018aec0c342c41f3a36a00021,car-01532,excel,car,Land Rover,,,Range Rover Sport,Gen 1,SV,Land Rover Range Rover Sport SV,2024-–,assets/vehicles/land-rover/car-01532/,assets/vehicles/_quick/car-01532-1.webp,assets/vehicles/_quick/car-01532-2.webp,,,,content/articles/land-rover/car-01532.md,no
7f45a013bbeef766f799ea7069fb1a758f182dd8,car-01533,excel,car,Lexus,,,IS,Gen 1,220 D,Lexus IS 220 D,2006-2013–,assets/vehicles/lexus/car-01533/,assets/vehicles/_quick/car-01533-1.webp,assets/vehicles/_quick/car-01533-2.webp,,,,content/articles/lexus/car-01533.md,no
0a485e484522643e9f236513d43fc108e5a6bab6,car-01534,excel,car,Lexus,,,GS,Gen 1,300,Lexus GS 300,1997-2005–,assets/vehicles/lexus/car-01534/,assets/vehicles/_quick/car-01534-1.webp,assets/vehicles/_quick/car-01534-2.webp,,,,content/articles/lexus/car-01534.md,no
c8f5a38a401facd9286bb769f49a8e438f4533ff,car-01535,excel,car,Lexus,,,IS,Gen 1,200d,Lexus IS 200d,2010-2013–,assets/vehicles/lexus/car-01535/,assets/vehicles/_quick/car-01535-1.webp,assets/vehicles/_quick/car-01535-2.webp,,,,content/articles/lexus/car-01535.md,no
1e87f29ae2f2d26f9fbd026492491db396ceb8ef,car-01536,excel,car,Lexus,,,IS,Gen 1,350,Lexus IS 350,2006-2013–,assets/vehicles/lexus/car-01536/,assets/vehicles/_quick/car-01536-1.webp,assets/vehicles/_quick/car-01536-2.webp,,,,content/articles/lexus/car-01536.md,no
e4c6a41e49cf257f1f9db9905c3d589f82b0106f,car-01537,excel,car,Lexus,,,IS,Gen 1,F,Lexus IS F,2008-2014–,assets/vehicles/lexus/car-01537/,assets/vehicles/_quick/car-01537-1.webp,assets/vehicles/_quick/car-01537-2.webp,,,,content/articles/lexus/car-01537.md,no
3c22f41856eefccbb6d9e37f721f95c8cdc6ec1b,car-01538,excel,car,Lexus,,,IS,Gen 1,200,Lexus IS 200,1999-2005–,assets/vehicles/lexus/car-01538/,assets/vehicles/_quick/car-01538-1.webp,assets/vehicles/_quick/car-01538-2.webp,,,,content/articles/lexus/car-01538.md,no
b297382101f4caf2e716672320218c71c6b2054f,car-01539,excel,car,Lotus,,,Cortina,Gen 1,-,Lotus Cortina,1962–1963,assets/vehicles/lotus/car-01539/,assets/vehicles/_quick/car-01539-1.webp,assets/vehicles/_quick/car-01539-2.webp,,,,content/articles/lotus/car-01539.md,no
accf71e0678d53f92f4eb070e65c7f9f9d731dfb,car-01540,excel,car,Lotus,,,Esprit,Gen 1,Sport 350,Lotus Esprit Sport 350,1999,assets/vehicles/lotus/car-01540/,assets/vehicles/_quick/car-01540-1.webp,assets/vehicles/_quick/car-01540-2.webp,,,,content/articles/lotus/car-01540.md,no
826a90833bb490ca08f5a02079c4a4f95a5fa382,car-01541,excel,car,Mazda,,,3,Gen 1,1.6,Mazda 3 1.6,2003-2009–,assets/vehicles/mazda/car-01541/,assets/vehicles/_quick/car-01541-1.webp,assets/vehicles/_quick/car-01541-2.webp,,,,content/articles/mazda/car-01541.md,no
3e3d9b6732dafc3c38f7a74444399ad60e02ca75,car-01542,excel,car,Mazda,,,3,Gen 1,1.6 MZ-CD,Mazda 3 1.6 MZ-CD,2004-2009–,assets/vehicles/mazda/car-01542/,assets/vehicles/_quick/car-01542-1.webp,assets/vehicles/_quick/car-01542-2.webp,,,,content/articles/mazda/car-01542.md,no
fd581cde9977c2c94642e9d59b597dd207aea3d3,car-01543,excel,car,Mazda,,,3,Gen 1,2.0,Mazda 3 2.0,2003-2006–,assets/vehicles/mazda/car-01543/,assets/vehicles/_quick/car-01543-1.webp,assets/vehicles/_quick/car-01543-2.webp,,,,content/articles/mazda/car-01543.md,no
2b21a718c645e3a83483c0441d96314a1e54950f,car-01544,excel,car,Mazda,,,3,Gen 1,2.0 MZ-CD,Mazda 3 2.0 MZ-CD,2007-2009–,assets/vehicles/mazda/car-01544/,assets/vehicles/_quick/car-01544-1.webp,assets/vehicles/_quick/car-01544-2.webp,,,,content/articles/mazda/car-01544.md,no
71017fb936812f07ed34f831cd3890444c7a69ac,car-01545,excel,car,Mazda,,,3,II,1.6 CDVi,Mazda 3 1.6 CDVi,2009-2010–,assets/vehicles/mazda/car-01545/,assets/vehicles/_quick/car-01545-1.webp,assets/vehicles/_quick/car-01545-2.webp,,,,content/articles/mazda/car-01545.md,no
7f7c96b72697978f3af2643ba0b0870af0a98b16,car-01546,excel,car,Mazda,,,3,II,1.6 MZR,Mazda 3 1.6 MZR,2009-2013–,assets/vehicles/mazda/car-01546/,assets/vehicles/_quick/car-01546-1.webp,assets/vehicles/_quick/car-01546-2.webp,,,,content/articles/mazda/car-01546.md,no
51767551de5553941cf84897629627febc3dd30f,car-01547,excel,car,Mazda,,,3,II,1.6 TD,Mazda 3 1.6 TD,2011-2013–,assets/vehicles/mazda/car-01547/,assets/vehicles/_quick/car-01547-1.webp,assets/vehicles/_quick/car-01547-2.webp,,,,content/articles/mazda/car-01547.md,no
bc5480fa8de415ce4825c4e237dc560c2dce1457,car-01548,excel,car,Mazda,,,3,II,2.0 MZR i-Stop,Mazda 3 2.0 MZR i-Stop,2009-2011–,assets/vehicles/mazda/car-01548/,assets/vehicles/_quick/car-01548-1.webp,assets/vehicles/_quick/car-01548-2.webp,,,,content/articles/mazda/car-01548.md,no
b42cf6575566d93a2d46fc4130ce7562add99fc0,car-01549,excel,car,Mazda,,,3,II,2.2 CDVi,Mazda 3 2.2 CDVi,2009-2013–,assets/vehicles/mazda/car-01549/,assets/vehicles/_quick/car-01549-1.webp,assets/vehicles/_quick/car-01549-2.webp,,,,content/articles/mazda/car-01549.md,no
deacddc8622e45546cce4d826f905160a8dfd7f2,car-01550,excel,car,Mazda,,,3,II,2.2 D,Mazda 3 2.2 D,2009-2013–,assets/vehicles/mazda/car-01550/,assets/vehicles/_quick/car-01550-1.webp,assets/vehicles/_quick/car-01550-2.webp,,,,content/articles/mazda/car-01550.md,no
f5078eba82f625e1a4daf488e5b4ef3a11cee553,car-01551,excel,car,Mazda,,,3,II,MPS,Mazda 3 MPS,2009-2012–,assets/vehicles/mazda/car-01551/,assets/vehicles/_quick/car-01551-1.webp,assets/vehicles/_quick/car-01551-2.webp,,,,content/articles/mazda/car-01551.md,no
96f1b180606c8a1422e225bc65581ec173a068eb,car-01552,excel,car,Mazda,,,3,Gen 1,MPS,Mazda 3 MPS,2006–2009,assets/vehicles/mazda/car-01552/,assets/vehicles/_quick/car-01552-1.webp,assets/vehicles/_quick/car-01552-2.webp,,,,content/articles/mazda/car-01552.md,no
7e540b97351fc6e0847f334e13f97d8d29543975,car-01553,excel,car,Mazda,,,3,Gen 1,S,Mazda 3 S,2006-2009–,assets/vehicles/mazda/car-01553/,assets/vehicles/_quick/car-01553-1.webp,assets/vehicles/_quick/car-01553-2.webp,,,,content/articles/mazda/car-01553.md,no
d656397b4562547f3aa8d2605bf223107129b8da,car-01554,excel,car,Mazda,,,6,Gen 1,1.8,Mazda 6 1.8,2002-2007–,assets/vehicles/mazda/car-01554/,assets/vehicles/_quick/car-01554-1.webp,assets/vehicles/_quick/car-01554-2.webp,,,,content/articles/mazda/car-01554.md,no
92fb0b06896dbc1aab6cda2a621c6758e99cf8ce,car-01555,excel,car,Mazda,,,6,Gen 1,2.0,Mazda 6 2.0,2002-2005–,assets/vehicles/mazda/car-01555/,assets/vehicles/_quick/car-01555-1.webp,assets/vehicles/_quick/car-01555-2.webp,,,,content/articles/mazda/car-01555.md,no
d38c217b0e22b905fb5554fd66da9c4de86aa250,car-01556,excel,car,Mazda,,,6,Gen 1,2.3,Mazda 6 2.3,2002-2007–,assets/vehicles/mazda/car-01556/,assets/vehicles/_quick/car-01556-1.webp,assets/vehicles/_quick/car-01556-2.webp,,,,content/articles/mazda/car-01556.md,no
e706b7b2e60b605ad37313b3c1d9a50d17429516,car-01557,excel,car,Mazda,,,6,II,1.8,Mazda 6 1.8,2008-2012–,assets/vehicles/mazda/car-01557/,assets/vehicles/_quick/car-01557-1.webp,assets/vehicles/_quick/car-01557-2.webp,,,,content/articles/mazda/car-01557.md,no
e4f7b5204e72c68872e9aa61c014a02f4d15abfe,car-01558,excel,car,Mazda,,,6,II,2.2 D,Mazda 6 2.2 D,2009-2010–,assets/vehicles/mazda/car-01558/,assets/vehicles/_quick/car-01558-1.webp,assets/vehicles/_quick/car-01558-2.webp,,,,content/articles/mazda/car-01558.md,no
7321e9afb01eee61bc418d82e5c62831a185625e,car-01559,excel,car,Mazda,,,6,II,2.2 MZR-CD,Mazda 6 2.2 MZR-CD,2008-2012–,assets/vehicles/mazda/car-01559/,assets/vehicles/_quick/car-01559-1.webp,assets/vehicles/_quick/car-01559-2.webp,,,,content/articles/mazda/car-01559.md,no
f9ccf1d333a2ef6509ee398fa9044353dddf47aa,car-01560,excel,car,Mazda,,,6,II,2.2 MZR-CD FW,Mazda 6 2.2 MZR-CD FW,2010-2012–,assets/vehicles/mazda/car-01560/,assets/vehicles/_quick/car-01560-1.webp,assets/vehicles/_quick/car-01560-2.webp,,,,content/articles/mazda/car-01560.md,no
12daae3db695f8038435d8ef3dde4ace0b649c16,car-01561,excel,car,Mazda,,,6,II,2.5,Mazda 6 2.5,2008-2012–,assets/vehicles/mazda/car-01561/,assets/vehicles/_quick/car-01561-1.webp,assets/vehicles/_quick/car-01561-2.webp,,,,content/articles/mazda/car-01561.md,no
e8a811084115a5f6a8d9cf7d10f5c1029a180b41,car-01562,excel,car,Mazda,,,6,Gen 1,MPS,Mazda 6 MPS,2005-2007–,assets/vehicles/mazda/car-01562/,assets/vehicles/_quick/car-01562-1.webp,assets/vehicles/_quick/car-01562-2.webp,,,,content/articles/mazda/car-01562.md,no
23f0176c691c9ab8b59086efdb7ebec47a98493a,car-01563,excel,car,Mazda,,,MX-3,Gen 1,1.6,Mazda MX-3 1.6,1994-1998–,assets/vehicles/mazda/car-01563/,assets/vehicles/_quick/car-01563-1.webp,assets/vehicles/_quick/car-01563-2.webp,,,,content/articles/mazda/car-01563.md,no
489252955f781a565a10fcdfcbdceda4e2303869,car-01564,excel,car,Mazda,,,MX-3,Gen 1,V6,Mazda MX-3 V6,1991-1998–,assets/vehicles/mazda/car-01564/,assets/vehicles/_quick/car-01564-1.webp,assets/vehicles/_quick/car-01564-2.webp,,,,content/articles/mazda/car-01564.md,no
0acbb49b901b35f198f3a1006beefbf0962a796a,car-01565,excel,car,Mazda,,,MX-5,NB1,1.6,Mazda MX-5 1.6,1998–2000,assets/vehicles/mazda/car-01565/,assets/vehicles/_quick/car-01565-1.webp,assets/vehicles/_quick/car-01565-2.webp,,,,content/articles/mazda/car-01565.md,no
6802c2b8072241939842599f5f80fdf9f0b2278d,car-01566,excel,car,Mazda,,,MX-5,NB1,1.8,Mazda MX-5 1.8,1998–2000,assets/vehicles/mazda/car-01566/,assets/vehicles/_quick/car-01566-1.webp,assets/vehicles/_quick/car-01566-2.webp,,,,content/articles/mazda/car-01566.md,no
e60178d7ad9094adcafad9d17082954b64a4bb0b,car-01567,excel,car,Mazda,,,MX-5,NB2,1.6,Mazda MX-5 1.6,2001–2005,assets/vehicles/mazda/car-01567/,assets/vehicles/_quick/car-01567-1.webp,assets/vehicles/_quick/car-01567-2.webp,,,,content/articles/mazda/car-01567.md,no
0b37e9f30aa11356b9dba54a641939c90ae211af,car-01568,excel,car,Mazda,,,MX-5,NB2,1.8,Mazda MX-5 1.8,2001–2005,assets/vehicles/mazda/car-01568/,assets/vehicles/_quick/car-01568-1.webp,assets/vehicles/_quick/car-01568-2.webp,,,,content/articles/mazda/car-01568.md,no
9e6bee7b87b1ec98b065799352afc5d190f8d519,car-01569,excel,car,Mazda,,,MX-5,NB2,1.8 Sportive,Mazda MX-5 1.8 Sportive,2001–2005,assets/vehicles/mazda/car-01569/,assets/vehicles/_quick/car-01569-1.webp,assets/vehicles/_quick/car-01569-2.webp,,,,content/articles/mazda/car-01569.md,no
7212a30ef289e27036c0db44a1ea5454f224f977,car-01570,excel,car,Mazda,,,MX-5,NC,1.8,Mazda MX-5 1.8,2005-2009–,assets/vehicles/mazda/car-01570/,assets/vehicles/_quick/car-01570-1.webp,assets/vehicles/_quick/car-01570-2.webp,,,,content/articles/mazda/car-01570.md,no
32c3e67bb07028d5a3c8c407539e521116f5df1b,car-01571,excel,car,Mazda,,,MX-5,NC,2.0,Mazda MX-5 2.0,2005-2009–,assets/vehicles/mazda/car-01571/,assets/vehicles/_quick/car-01571-1.webp,assets/vehicles/_quick/car-01571-2.webp,,,,content/articles/mazda/car-01571.md,no
3e09e52dc4087a8372e32010c699905c6dd90940,car-01572,excel,car,Mazda,,,MX-5,NC,2.0 Performance,Mazda MX-5 2.0 Performance,2005-2009–,assets/vehicles/mazda/car-01572/,assets/vehicles/_quick/car-01572-1.webp,assets/vehicles/_quick/car-01572-2.webp,,,,content/articles/mazda/car-01572.md,no
e67ef391cdb49a341a538442ea30efa3ef9c7880,car-01573,excel,car,Mazda,,,MX-5,NC2,1.8,Mazda MX-5 1.8,2009-2012–,assets/vehicles/mazda/car-01573/,assets/vehicles/_quick/car-01573-1.webp,assets/vehicles/_quick/car-01573-2.webp,,,,content/articles/mazda/car-01573.md,no
528db3c2811522cdb1a0c7ecdc85be6ae7d73026,car-01574,excel,car,Mazda,,,MX-5,NC2,2.0,Mazda MX-5 2.0,2009-2012–,assets/vehicles/mazda/car-01574/,assets/vehicles/_quick/car-01574-1.webp,assets/vehicles/_quick/car-01574-2.webp,,,,content/articles/mazda/car-01574.md,no
849f30ac17b37e223d44c2e0e9aac983197a669f,car-01575,excel,car,Mazda,,,MX-5,NC2,2.0 Coupé,Mazda MX-5 2.0 Coupé,2009-2012–,assets/vehicles/mazda/car-01575/,assets/vehicles/_quick/car-01575-1.webp,assets/vehicles/_quick/car-01575-2.webp,,,,content/articles/mazda/car-01575.md,no
4fd433d5a769f80db551d8aa4ea5421d85cda462,car-01576,excel,car,Mazda,,,MX-5,ND,1.5,Mazda MX-5 1.5,2015–2018,assets/vehicles/mazda/car-01576/,assets/vehicles/_quick/car-01576-1.webp,assets/vehicles/_quick/car-01576-2.webp,,,,content/articles/mazda/car-01576.md,no
7398e35fc253a8f7e57e98e237bb755209f97ab6,car-01577,excel,car,Mazda,,,MX-5,ND,2.0,Mazda MX-5 2.0,2015–2018,assets/vehicles/mazda/car-01577/,assets/vehicles/_quick/car-01577-1.webp,assets/vehicles/_quick/car-01577-2.webp,,,,content/articles/mazda/car-01577.md,no
37b816cc8523f4708cea22a1bd807576546fba5f,car-01578,excel,car,Mazda,,,MX-5,ND,RF 2.0,Mazda MX-5 RF 2.0,2016–2018,assets/vehicles/mazda/car-01578/,assets/vehicles/_quick/car-01578-1.webp,assets/vehicles/_quick/car-01578-2.webp,,,,content/articles/mazda/car-01578.md,no
b82644e9d25b325373ede394dfeb4b29814c022d,car-01579,excel,car,Mazda,,,MX-5,ND2,2.0,Mazda MX-5 2.0,2018–,assets/vehicles/mazda/car-01579/,assets/vehicles/_quick/car-01579-1.webp,assets/vehicles/_quick/car-01579-2.webp,,,,content/articles/mazda/car-01579.md,no
408fbce9009ef899de31c0f16d5d65adf4e8cb8f,car-01580,excel,car,Mazda,,,MX-5,ND2,RF 1.5,Mazda MX-5 RF 1.5,2018–,assets/vehicles/mazda/car-01580/,assets/vehicles/_quick/car-01580-1.webp,assets/vehicles/_quick/car-01580-2.webp,,,,content/articles/mazda/car-01580.md,no
1455cbb05f9fe1b468cac0395e90a34091b36812,car-01581,excel,car,Mazda,,,MX-5,ND2,RF 2.0,Mazda MX-5 RF 2.0,2018–,assets/vehicles/mazda/car-01581/,assets/vehicles/_quick/car-01581-1.webp,assets/vehicles/_quick/car-01581-2.webp,,,,content/articles/mazda/car-01581.md,no
be6e6e885ac22d66550ac26bb688541424a516b2,car-01582,excel,car,Mazda,,,MX-6,Gen 1,GT,Mazda MX-6 GT,1988-1992–,assets/vehicles/mazda/car-01582/,assets/vehicles/_quick/car-01582-1.webp,assets/vehicles/_quick/car-01582-2.webp,,,,content/articles/mazda/car-01582.md,no
776b1a4bfc6a1917d3f9b50fa7dc677068c814ae,car-01583,excel,car,Mazda,,,MX-6,Gen 1,V6,Mazda MX-6 V6,1991-1996–,assets/vehicles/mazda/car-01583/,assets/vehicles/_quick/car-01583-1.webp,assets/vehicles/_quick/car-01583-2.webp,,,,content/articles/mazda/car-01583.md,no
fdb3ae445c886143559b245b81bae54ddc2e16f3,car-01584,excel,car,Mazda,,,RX-7,FD,-,Mazda RX-7,1991-1995–,assets/vehicles/mazda/car-01584/,assets/vehicles/_quick/car-01584-1.webp,assets/vehicles/_quick/car-01584-2.webp,,,,content/articles/mazda/car-01584.md,no
52ce5bb2e232e0d8af30ba3dc2692c226e9e12e8,car-01585,excel,car,Mazda,,,RX-8,Gen 1,-,Mazda RX-8,2003-2009–,assets/vehicles/mazda/car-01585/,assets/vehicles/_quick/car-01585-1.webp,assets/vehicles/_quick/car-01585-2.webp,,,,content/articles/mazda/car-01585.md,no
e81ecb85ffb9f762ab4dcb332e5cbba7c143c067,car-01586,excel,car,Mazda,,,RX-8,Gen 1,-,Mazda RX-8,2003-2012–,assets/vehicles/mazda/car-01586/,assets/vehicles/_quick/car-01586-1.webp,assets/vehicles/_quick/car-01586-2.webp,,,,content/articles/mazda/car-01586.md,no
9bb393342448a87c06464a0519ba6937787db652,car-01587,excel,car,Mazda,,,RX-8,Gen 1,Type-S,Mazda RX-8 Type-S,2003-2006–,assets/vehicles/mazda/car-01587/,assets/vehicles/_quick/car-01587-1.webp,assets/vehicles/_quick/car-01587-2.webp,,,,content/articles/mazda/car-01587.md,no
d1602794d9b1feeb644c20a2b2c43a92d552d2ec,car-01588,excel,car,Mercedes-Benz,,,Clase S Coupé,C126,500 SEC AMG,Mercedes-Benz Clase S Coupé 500 SEC AMG,1983-1985–,assets/vehicles/mercedes-benz/car-01588/,assets/vehicles/_quick/car-01588-1.webp,assets/vehicles/_quick/car-01588-2.webp,,,,content/articles/mercedes-benz/car-01588.md,no
a306181a47efb478db1bd2caf0bf95f4942b8794,car-01589,excel,car,Mercedes-Benz,,,Clase E,W123,200,Mercedes-Benz Clase E 200,1980-1984–,assets/vehicles/mercedes-benz/car-01589/,assets/vehicles/_quick/car-01589-1.webp,assets/vehicles/_quick/car-01589-2.webp,,,,content/articles/mercedes-benz/car-01589.md,no
f5cdd4599b61da2a405eb8249ee442cb86a9c746,car-01590,excel,car,Mercedes-Benz,,,Clase E,W123,200,Mercedes-Benz Clase E 200,1976-1979–,assets/vehicles/mercedes-benz/car-01590/,assets/vehicles/_quick/car-01590-1.webp,assets/vehicles/_quick/car-01590-2.webp,,,,content/articles/mercedes-benz/car-01590.md,no
09f4259d79d54cd37a6ad7c4b42c91bf02267a28,car-01591,excel,car,Mercedes-Benz,,,Clase E,W123,300 D,Mercedes-Benz Clase E 300 D,1979-1985–,assets/vehicles/mercedes-benz/car-01591/,assets/vehicles/_quick/car-01591-1.webp,assets/vehicles/_quick/car-01591-2.webp,,,,content/articles/mercedes-benz/car-01591.md,no
387023991b4a0d95011ab18a1e1cd76bc42ee402,car-01592,excel,car,Mercedes-Benz,,,Clase E,W124,200,Mercedes-Benz Clase E 200,1984-1988–,assets/vehicles/mercedes-benz/car-01592/,assets/vehicles/_quick/car-01592-1.webp,assets/vehicles/_quick/car-01592-2.webp,,,,content/articles/mercedes-benz/car-01592.md,no
d3de0c5a1315e5a4f8e13b44fac519d25144cc8e,car-01593,excel,car,Mercedes-Benz,,,Clase E,W124,200 E,Mercedes-Benz Clase E 200 E,1992-1995–,assets/vehicles/mercedes-benz/car-01593/,assets/vehicles/_quick/car-01593-1.webp,assets/vehicles/_quick/car-01593-2.webp,,,,content/articles/mercedes-benz/car-01593.md,no
85242aac94864a346758f08e1945a0a4290a6266,car-01594,excel,car,Mercedes-Benz,,,Clase E,W124,200 E,Mercedes-Benz Clase E 200 E,1985-1989–,assets/vehicles/mercedes-benz/car-01594/,assets/vehicles/_quick/car-01594-1.webp,assets/vehicles/_quick/car-01594-2.webp,,,,content/articles/mercedes-benz/car-01594.md,no
5b205bdcb9aa90f164ae87dc2d23f7b237237826,car-01595,excel,car,Mercedes-Benz,,,Clase E,W124,220 E,Mercedes-Benz Clase E 220 E,1992-1996–,assets/vehicles/mercedes-benz/car-01595/,assets/vehicles/_quick/car-01595-1.webp,assets/vehicles/_quick/car-01595-2.webp,,,,content/articles/mercedes-benz/car-01595.md,no
67ca0207889d65f8f77211f5f06826d05a83e954,car-01596,excel,car,Mercedes-Benz,,,Clase E,W124,230 AMG,Mercedes-Benz Clase E 230 AMG,1958-1989–,assets/vehicles/mercedes-benz/car-01596/,assets/vehicles/_quick/car-01596-1.webp,assets/vehicles/_quick/car-01596-2.webp,,,,content/articles/mercedes-benz/car-01596.md,no
f90999b36792a389adf2fea94bcee957444faf05,car-01597,excel,car,Mercedes-Benz,,,Clase E,W124,250 D Turbo Auto,Mercedes-Benz Clase E 250 D Turbo Auto,1988-1995–,assets/vehicles/mercedes-benz/car-01597/,assets/vehicles/_quick/car-01597-1.webp,assets/vehicles/_quick/car-01597-2.webp,,,,content/articles/mercedes-benz/car-01597.md,no
47b914a4f7d9622a1a5475ea042dde781e327639,car-01598,excel,car,Mercedes-Benz,,,Clase E,W124,300 D,Mercedes-Benz Clase E 300 D,1985-1989–,assets/vehicles/mercedes-benz/car-01598/,assets/vehicles/_quick/car-01598-1.webp,assets/vehicles/_quick/car-01598-2.webp,,,,content/articles/mercedes-benz/car-01598.md,no
ad1aa90581c734c11c408c9b3c7347a5c35f2b68,car-01599,excel,car,Mercedes-Benz,,,Clase E,W124,300 D Turbo,Mercedes-Benz Clase E 300 D Turbo,1986-1988–,assets/vehicles/mercedes-benz/car-01599/,assets/vehicles/_quick/car-01599-1.webp,assets/vehicles/_quick/car-01599-2.webp,,,,content/articles/mercedes-benz/car-01599.md,no
d12246952f75176862747145e7167f8558deb188,car-01600,excel,car,Mercedes-Benz,,,190,W201,2.0,Mercedes-Benz 190 2.0,1984-1991–,assets/vehicles/mercedes-benz/car-01600/,assets/vehicles/_quick/car-01600-1.webp,assets/vehicles/_quick/car-01600-2.webp,,,,content/articles/mercedes-benz/car-01600.md,no
35e012b8a66e45cf587ed368bd4a6b3b16485d37,car-01601,excel,car,Mercedes-Benz,,,190,W201,2.0 Cat,Mercedes-Benz 190 2.0 Cat,1987-1991–,assets/vehicles/mercedes-benz/car-01601/,assets/vehicles/_quick/car-01601-1.webp,assets/vehicles/_quick/car-01601-2.webp,,,,content/articles/mercedes-benz/car-01601.md,no
a9ed29b442f8db164ea8fa040c57ab405e517ffd,car-01602,excel,car,Mercedes-Benz,,,190,W201,2.5 D Turbo Auto,Mercedes-Benz 190 2.5 D Turbo Auto,1987-1993–,assets/vehicles/mercedes-benz/car-01602/,assets/vehicles/_quick/car-01602-1.webp,assets/vehicles/_quick/car-01602-2.webp,,,,content/articles/mercedes-benz/car-01602.md,no
2f098f8943eab2954018e9443d44fbc1f91412b5,car-01603,excel,car,Mercedes-Benz,,,190,W201,AMG,Mercedes-Benz 190 AMG,1983-1985–,assets/vehicles/mercedes-benz/car-01603/,assets/vehicles/_quick/car-01603-1.webp,assets/vehicles/_quick/car-01603-2.webp,,,,content/articles/mercedes-benz/car-01603.md,no
972ab987e401fd9100a0043e61341beee2872fdc,car-01604,excel,car,Mercedes-Benz,,,190,W201,AMG,Mercedes-Benz 190 AMG,1985-1988–,assets/vehicles/mercedes-benz/car-01604/,assets/vehicles/_quick/car-01604-1.webp,assets/vehicles/_quick/car-01604-2.webp,,,,content/articles/mercedes-benz/car-01604.md,no
cf0fb5f48dabaf0ed1153c900b5117dca08c68b1,car-01605,excel,car,Mercedes-Benz,,,190,W201,AMG 3.2,Mercedes-Benz 190 AMG 3.2,1987-1988–,assets/vehicles/mercedes-benz/car-01605/,assets/vehicles/_quick/car-01605-1.webp,assets/vehicles/_quick/car-01605-2.webp,,,,content/articles/mercedes-benz/car-01605.md,no
7dd700c049bd038811af18f7db641b80b5eab800,car-01606,excel,car,Mercedes-Benz,,,190,W201,AMG 3.2,Mercedes-Benz 190 AMG 3.2,1992-1993–,assets/vehicles/mercedes-benz/car-01606/,assets/vehicles/_quick/car-01606-1.webp,assets/vehicles/_quick/car-01606-2.webp,,,,content/articles/mercedes-benz/car-01606.md,no
5c60698af154c8823bcf19e76f9db9ca902d692d,car-01607,excel,car,Mercedes-Benz,,,190,W201,Carlson C20,Mercedes-Benz 190 Carlson C20,1985-1988–,assets/vehicles/mercedes-benz/car-01607/,assets/vehicles/_quick/car-01607-1.webp,assets/vehicles/_quick/car-01607-2.webp,,,,content/articles/mercedes-benz/car-01607.md,no
40bb30e4aca72ad768aef02cf90ff8d066f59d66,car-01608,excel,car,Mercedes-Benz,,,190,W201,Carlson C23,Mercedes-Benz 190 Carlson C23,1985-1988–,assets/vehicles/mercedes-benz/car-01608/,assets/vehicles/_quick/car-01608-1.webp,assets/vehicles/_quick/car-01608-2.webp,,,,content/articles/mercedes-benz/car-01608.md,no
e1c97094889f64bdc5af8e62a0e88445bdd89f12,car-01609,excel,car,Mercedes-Benz,,,190,W201,E 1.8,Mercedes-Benz 190 E 1.8,1990-1993–,assets/vehicles/mercedes-benz/car-01609/,assets/vehicles/_quick/car-01609-1.webp,assets/vehicles/_quick/car-01609-2.webp,,,,content/articles/mercedes-benz/car-01609.md,no
467ba838378e2147f4eded7a0d1a3049c2b6ac70,car-01610,excel,car,Mercedes-Benz,,,190,W201,E 2.3,Mercedes-Benz 190 E 2.3,1984-1987–,assets/vehicles/mercedes-benz/car-01610/,assets/vehicles/_quick/car-01610-1.webp,assets/vehicles/_quick/car-01610-2.webp,,,,content/articles/mercedes-benz/car-01610.md,no
350d1fc599d3b247c38f5f100e785f0a2369baef,car-01611,excel,car,Mercedes-Benz,,,190,W201,E 2.3,Mercedes-Benz 190 E 2.3,1985-1993–,assets/vehicles/mercedes-benz/car-01611/,assets/vehicles/_quick/car-01611-1.webp,assets/vehicles/_quick/car-01611-2.webp,,,,content/articles/mercedes-benz/car-01611.md,no
00ed969e4de315a589f0fff0a0d25db3b7cd4aa0,car-01612,excel,car,Mercedes-Benz,,,190,W201,E 2.5 16,Mercedes-Benz 190 E 2.5 16,1988-1990–,assets/vehicles/mercedes-benz/car-01612/,assets/vehicles/_quick/car-01612-1.webp,assets/vehicles/_quick/car-01612-2.webp,,,,content/articles/mercedes-benz/car-01612.md,no
3d831bcc5799437e4c65727366bf8c48d567363d,car-01613,excel,car,Mercedes-Benz,,,190,W201,E 2.5 16,Mercedes-Benz 190 E 2.5 16,1988-1993–,assets/vehicles/mercedes-benz/car-01613/,assets/vehicles/_quick/car-01613-1.webp,assets/vehicles/_quick/car-01613-2.webp,,,,content/articles/mercedes-benz/car-01613.md,no
7fa597e79db701498fb540f7e5fe7c7198a8032a,car-01614,excel,car,Mercedes-Benz,,,190,W201,E 2.5 16 Evo I,Mercedes-Benz 190 E 2.5 16 Evo I,1989-1989–,assets/vehicles/mercedes-benz/car-01614/,assets/vehicles/_quick/car-01614-1.webp,assets/vehicles/_quick/car-01614-2.webp,,,,content/articles/mercedes-benz/car-01614.md,no
f5e6240efd90878e0a41b7d9bf686b2d75da221f,car-01615,excel,car,Mercedes-Benz,,,190,W201,E 2.5 16 Evo II,Mercedes-Benz 190 E 2.5 16 Evo II,1990-1991–,assets/vehicles/mercedes-benz/car-01615/,assets/vehicles/_quick/car-01615-1.webp,assets/vehicles/_quick/car-01615-2.webp,,,,content/articles/mercedes-benz/car-01615.md,no
a2d7761bea197ff71c2b03f1f84cb6d561df0f11,car-01616,excel,car,Mercedes-Benz,,,190,W201,E 2.6,Mercedes-Benz 190 E 2.6,1986-1990–,assets/vehicles/mercedes-benz/car-01616/,assets/vehicles/_quick/car-01616-1.webp,assets/vehicles/_quick/car-01616-2.webp,,,,content/articles/mercedes-benz/car-01616.md,no
d106ff02c091967f537407ff4c05e78f925b0dc0,car-01617,excel,car,Mercedes-Benz,,,190,W201,E 2.6 16 Oettinger,Mercedes-Benz 190 E 2.6 16 Oettinger,1985-1988–,assets/vehicles/mercedes-benz/car-01617/,assets/vehicles/_quick/car-01617-1.webp,assets/vehicles/_quick/car-01617-2.webp,,,,content/articles/mercedes-benz/car-01617.md,no
b8da8955b5e115bbf1a614483007731f16b5c2fc,car-01618,excel,car,Mercedes-Benz,,,190,W201,E 2.6 Brabus,Mercedes-Benz 190 E 2.6 Brabus,1985-1988–,assets/vehicles/mercedes-benz/car-01618/,assets/vehicles/_quick/car-01618-1.webp,assets/vehicles/_quick/car-01618-2.webp,,,,content/articles/mercedes-benz/car-01618.md,no
9176e53a69e9cd0ba974842674256e140cdf5eed,car-01619,excel,car,Mercedes-Benz,,,190,W201,E 2.6 Cat,Mercedes-Benz 190 E 2.6 Cat,1986-1993–,assets/vehicles/mercedes-benz/car-01619/,assets/vehicles/_quick/car-01619-1.webp,assets/vehicles/_quick/car-01619-2.webp,,,,content/articles/mercedes-benz/car-01619.md,no
9226d6b1649f861c84a58383987912f663712f0f,car-01620,excel,car,Mercedes-Benz,,,190,W201,E bv4,Mercedes-Benz 190 E bv4,1982-1993–,assets/vehicles/mercedes-benz/car-01620/,assets/vehicles/_quick/car-01620-1.webp,assets/vehicles/_quick/car-01620-2.webp,,,,content/articles/mercedes-benz/car-01620.md,no
7ce90a2beb0df823c151921fffed7b8c5298763b,car-01621,excel,car,Mercedes-Benz,,,190,W201,SL,Mercedes-Benz 190 SL,1955-1963–,assets/vehicles/mercedes-benz/car-01621/,assets/vehicles/_quick/car-01621-1.webp,assets/vehicles/_quick/car-01621-2.webp,,,,content/articles/mercedes-benz/car-01621.md,no
14923e94aef18334d92f6ece8b0303079599a5ea,car-01622,excel,car,Mercedes-Benz,,,Clase A,V177,35 AMG Berline MHEV,Mercedes-Benz Clase A 35 AMG Berline MHEV,2022-–,assets/vehicles/mercedes-benz/car-01622/,assets/vehicles/_quick/car-01622-1.webp,assets/vehicles/_quick/car-01622-2.webp,,,,content/articles/mercedes-benz/car-01622.md,no
017acc5083b49c17ca478c81ee5c355251ec2fbb,car-01623,excel,car,Mercedes-Benz,,,Clase A,W176,180,Mercedes-Benz Clase A 180,2012-2018–,assets/vehicles/mercedes-benz/car-01623/,assets/vehicles/_quick/car-01623-1.webp,assets/vehicles/_quick/car-01623-2.webp,,,,content/articles/mercedes-benz/car-01623.md,no
fc055f2ea52d1dafa052c1a47d2a4ead5b83b8d8,car-01624,excel,car,Mercedes-Benz,,,Clase A,W176,180 Auto MHEV,Mercedes-Benz Clase A 180 Auto MHEV,2022-–,assets/vehicles/mercedes-benz/car-01624/,assets/vehicles/_quick/car-01624-1.webp,assets/vehicles/_quick/car-01624-2.webp,,,,content/articles/mercedes-benz/car-01624.md,no
5c7adb8655f3061fc246ce166ee40f4c71fd77a9,car-01625,excel,car,Mercedes-Benz,,,Clase A,W176,180d,Mercedes-Benz Clase A 180d,2012-2018–,assets/vehicles/mercedes-benz/car-01625/,assets/vehicles/_quick/car-01625-1.webp,assets/vehicles/_quick/car-01625-2.webp,,,,content/articles/mercedes-benz/car-01625.md,no
927a9d5ea50cb9f56b7c15aa04b882fbeea700f4,car-01626,excel,car,Mercedes-Benz,,,Clase A,W176,180d Auto,Mercedes-Benz Clase A 180d Auto,2013-2018–,assets/vehicles/mercedes-benz/car-01626/,assets/vehicles/_quick/car-01626-1.webp,assets/vehicles/_quick/car-01626-2.webp,,,,content/articles/mercedes-benz/car-01626.md,no
20a2d0270ee7425c7320327d1674ac889933b526,car-01627,excel,car,Mercedes-Benz,,,Clase A,W176,200,Mercedes-Benz Clase A 200,2012-2018–,assets/vehicles/mercedes-benz/car-01627/,assets/vehicles/_quick/car-01627-1.webp,assets/vehicles/_quick/car-01627-2.webp,,,,content/articles/mercedes-benz/car-01627.md,no
80e9629a0b10bd53c34e19f3e35c26efeee351f8,car-01628,excel,car,Mercedes-Benz,,,Clase A,W176,200 Auto,Mercedes-Benz Clase A 200 Auto,2012-2018–,assets/vehicles/mercedes-benz/car-01628/,assets/vehicles/_quick/car-01628-1.webp,assets/vehicles/_quick/car-01628-2.webp,,,,content/articles/mercedes-benz/car-01628.md,no
49375501ecd43443bd1159939c59a75229842626,car-01629,excel,car,Mercedes-Benz,,,Clase A,W176,200 CDI,Mercedes-Benz Clase A 200 CDI,2014-2018–,assets/vehicles/mercedes-benz/car-01629/,assets/vehicles/_quick/car-01629-1.webp,assets/vehicles/_quick/car-01629-2.webp,,,,content/articles/mercedes-benz/car-01629.md,no
fb57812d0e6363c2229812d1f5831ae4a855cd08,car-01630,excel,car,Mercedes-Benz,,,Clase A,W176,200 CDI 1.8,Mercedes-Benz Clase A 200 CDI 1.8,2012-2014–,assets/vehicles/mercedes-benz/car-01630/,assets/vehicles/_quick/car-01630-1.webp,assets/vehicles/_quick/car-01630-2.webp,,,,content/articles/mercedes-benz/car-01630.md,no
2e0369c9066a9cd34f3a43f4a893e5fcc0f9845e,car-01631,excel,car,Mercedes-Benz,,,Clase A,W176,200 CDI 1.8 DCT,Mercedes-Benz Clase A 200 CDI 1.8 DCT,2012-2014–,assets/vehicles/mercedes-benz/car-01631/,assets/vehicles/_quick/car-01631-1.webp,assets/vehicles/_quick/car-01631-2.webp,,,,content/articles/mercedes-benz/car-01631.md,no
9730acfe7220b0a90890432a6753ac460ccc395f,car-01632,excel,car,Mercedes-Benz,,,Clase A,W176,200d Auto,Mercedes-Benz Clase A 200d Auto,2014-2018–,assets/vehicles/mercedes-benz/car-01632/,assets/vehicles/_quick/car-01632-1.webp,assets/vehicles/_quick/car-01632-2.webp,,,,content/articles/mercedes-benz/car-01632.md,no
47891fa24a71b913a1b5725fa4b2618a0bef19f3,car-01633,excel,car,Mercedes-Benz,,,Clase A,W176,220 CDI 7G-DCT,Mercedes-Benz Clase A 220 CDI 7G-DCT,2012-2015–,assets/vehicles/mercedes-benz/car-01633/,assets/vehicles/_quick/car-01633-1.webp,assets/vehicles/_quick/car-01633-2.webp,,,,content/articles/mercedes-benz/car-01633.md,no
2bc333ef2c30f2f2cd93f8115bba94909a79a385,car-01634,excel,car,Mercedes-Benz,,,Clase A,W176,220d,Mercedes-Benz Clase A 220d,2016-2018–,assets/vehicles/mercedes-benz/car-01634/,assets/vehicles/_quick/car-01634-1.webp,assets/vehicles/_quick/car-01634-2.webp,,,,content/articles/mercedes-benz/car-01634.md,no
092c8f672e7d404c7f130428e756253696e535c2,car-01635,excel,car,Mercedes-Benz,,,Clase A,W176,250,Mercedes-Benz Clase A 250,2012-2018–,assets/vehicles/mercedes-benz/car-01635/,assets/vehicles/_quick/car-01635-1.webp,assets/vehicles/_quick/car-01635-2.webp,,,,content/articles/mercedes-benz/car-01635.md,no
50292d2e2b26bbf535ae80fccc51af16748041d3,car-01636,excel,car,Mercedes-Benz,,,Clase A,W176,250 Sport,Mercedes-Benz Clase A 250 Sport,2012-2015–,assets/vehicles/mercedes-benz/car-01636/,assets/vehicles/_quick/car-01636-1.webp,assets/vehicles/_quick/car-01636-2.webp,,,,content/articles/mercedes-benz/car-01636.md,no
203f494014a30cf521f6f17edb1f6c7494a331e9,car-01637,excel,car,Mercedes-Benz,,,Clase A,W176,250 Sport 4Matic,Mercedes-Benz Clase A 250 Sport 4Matic,2013-2015–,assets/vehicles/mercedes-benz/car-01637/,assets/vehicles/_quick/car-01637-1.webp,assets/vehicles/_quick/car-01637-2.webp,,,,content/articles/mercedes-benz/car-01637.md,no
774a4665170f87e01eccc36c62ea78b89b188c67,car-01638,excel,car,Mercedes-Benz,,,Clase A,W176,250 Sport 4Matic,Mercedes-Benz Clase A 250 Sport 4Matic,2015-2018–,assets/vehicles/mercedes-benz/car-01638/,assets/vehicles/_quick/car-01638-1.webp,assets/vehicles/_quick/car-01638-2.webp,,,,content/articles/mercedes-benz/car-01638.md,no
2a6fbf7953f73ec02a4e79a6512c1037f5af79cf,car-01639,excel,car,Mercedes-Benz,,,Clase A,W176,45 AMG,Mercedes-Benz Clase A 45 AMG,2015-2018–,assets/vehicles/mercedes-benz/car-01639/,assets/vehicles/_quick/car-01639-1.webp,assets/vehicles/_quick/car-01639-2.webp,,,,content/articles/mercedes-benz/car-01639.md,no
e35232543852bbd40182f4bf0aae490d7f18e8e0,car-01640,excel,car,Mercedes-Benz,,,Clase A,W176,45 AMG,Mercedes-Benz Clase A 45 AMG,2013-2014–,assets/vehicles/mercedes-benz/car-01640/,assets/vehicles/_quick/car-01640-1.webp,assets/vehicles/_quick/car-01640-2.webp,,,,content/articles/mercedes-benz/car-01640.md,no
bec149e2813bcfa651df32efb9627dbbb2f0a59c,car-01641,excel,car,Mercedes-Benz,,,Clase A,W177,160,Mercedes-Benz Clase A 160,2018-–,assets/vehicles/mercedes-benz/car-01641/,assets/vehicles/_quick/car-01641-1.webp,assets/vehicles/_quick/car-01641-2.webp,,,,content/articles/mercedes-benz/car-01641.md,no
aed633c24246da78c1b63f4e5e267388f20f1277,car-01642,excel,car,Mercedes-Benz,,,Clase A,W177,180d Auto,Mercedes-Benz Clase A 180d Auto,2018-–,assets/vehicles/mercedes-benz/car-01642/,assets/vehicles/_quick/car-01642-1.webp,assets/vehicles/_quick/car-01642-2.webp,,,,content/articles/mercedes-benz/car-01642.md,no
fa6ed45ec004f7240d738e05c24d9b6a64aedae1,car-01643,excel,car,Mercedes-Benz,,,Clase A,W177,200 Auto,Mercedes-Benz Clase A 200 Auto,2018-2022–,assets/vehicles/mercedes-benz/car-01643/,assets/vehicles/_quick/car-01643-1.webp,assets/vehicles/_quick/car-01643-2.webp,,,,content/articles/mercedes-benz/car-01643.md,no
61f9417c91c0cef69be31a60b195102b1a328cd0,car-01644,excel,car,Mercedes-Benz,,,Clase A,W177,200d Auto,Mercedes-Benz Clase A 200d Auto,2019-–,assets/vehicles/mercedes-benz/car-01644/,assets/vehicles/_quick/car-01644-1.webp,assets/vehicles/_quick/car-01644-2.webp,,,,content/articles/mercedes-benz/car-01644.md,no
8b93f0dd3ca06108382f232a9884db45c9491740,car-01645,excel,car,Mercedes-Benz,,,Clase A,W177,220d,Mercedes-Benz Clase A 220d,2019-–,assets/vehicles/mercedes-benz/car-01645/,assets/vehicles/_quick/car-01645-1.webp,assets/vehicles/_quick/car-01645-2.webp,,,,content/articles/mercedes-benz/car-01645.md,no
0980d36fb18dcae8eb6e525ab9a7f5a841717ee5,car-01646,excel,car,Mercedes-Benz,,,Clase A,W177,250,Mercedes-Benz Clase A 250,2018-–,assets/vehicles/mercedes-benz/car-01646/,assets/vehicles/_quick/car-01646-1.webp,assets/vehicles/_quick/car-01646-2.webp,,,,content/articles/mercedes-benz/car-01646.md,no
5943270f0f57ea5c728725a950f9d8f28179b8c7,car-01647,excel,car,Mercedes-Benz,,,Clase A,W177,250 4Matic,Mercedes-Benz Clase A 250 4Matic,2018-2022–,assets/vehicles/mercedes-benz/car-01647/,assets/vehicles/_quick/car-01647-1.webp,assets/vehicles/_quick/car-01647-2.webp,,,,content/articles/mercedes-benz/car-01647.md,no
b660f329dd1af7d25bb515ef9d08e53312d97c67,car-01648,excel,car,Mercedes-Benz,,,Clase A,W177,250 4Matic MHEV,Mercedes-Benz Clase A 250 4Matic MHEV,2022-–,assets/vehicles/mercedes-benz/car-01648/,assets/vehicles/_quick/car-01648-1.webp,assets/vehicles/_quick/car-01648-2.webp,,,,content/articles/mercedes-benz/car-01648.md,no
32eb5c54b21faa8740facc61248ef1d9bf2126dd,car-01649,excel,car,Mercedes-Benz,,,Clase A,W177,250 e,Mercedes-Benz Clase A 250 e,2020-–,assets/vehicles/mercedes-benz/car-01649/,assets/vehicles/_quick/car-01649-1.webp,assets/vehicles/_quick/car-01649-2.webp,,,,content/articles/mercedes-benz/car-01649.md,no
37c5a7891d6dedcb0fac3ffa4f60ae68217df9f2,car-01650,excel,car,Mercedes-Benz,,,Clase A,W177,250 e Berline,Mercedes-Benz Clase A 250 e Berline,2020-–,assets/vehicles/mercedes-benz/car-01650/,assets/vehicles/_quick/car-01650-1.webp,assets/vehicles/_quick/car-01650-2.webp,,,,content/articles/mercedes-benz/car-01650.md,no
6fda13bdbf320a204c9e9b224be3ada11046f0db,car-01651,excel,car,Mercedes-Benz,,,Clase A,W177,35 AMG,Mercedes-Benz Clase A 35 AMG,2019-–,assets/vehicles/mercedes-benz/car-01651/,assets/vehicles/_quick/car-01651-1.webp,assets/vehicles/_quick/car-01651-2.webp,,,,content/articles/mercedes-benz/car-01651.md,no
064008291a3632022ead9c8e847ab4bfe92934f6,car-01652,excel,car,Mercedes-Benz,,,Clase A,W177,45 AMG S 4Matic+,Mercedes-Benz Clase A 45 AMG S 4Matic+,2019-–,assets/vehicles/mercedes-benz/car-01652/,assets/vehicles/_quick/car-01652-1.webp,assets/vehicles/_quick/car-01652-2.webp,,,,content/articles/mercedes-benz/car-01652.md,no
5c42954d5e12e0edfaecb8241a8f6c6704bd2269,car-01653,excel,car,Mercedes-Benz,,,AMG GT,Gen 1,-,Mercedes-Benz AMG GT,2020-–,assets/vehicles/mercedes-benz/car-01653/,assets/vehicles/_quick/car-01653-1.webp,assets/vehicles/_quick/car-01653-2.webp,,,,content/articles/mercedes-benz/car-01653.md,no
57db2a1565ffdbb1df91b83aa98888e8cd20d770,car-01654,excel,car,Mercedes-Benz,,,AMG GT,Gen 1,-,Mercedes-Benz AMG GT,2017-2020–,assets/vehicles/mercedes-benz/car-01654/,assets/vehicles/_quick/car-01654-1.webp,assets/vehicles/_quick/car-01654-2.webp,,,,content/articles/mercedes-benz/car-01654.md,no
ecf184a7c077427e8f0b927c39d87e63896159b9,car-01655,excel,car,Mercedes-Benz,,,AMG GT,Gen 1,-,Mercedes-Benz AMG GT,2015-2017–,assets/vehicles/mercedes-benz/car-01655/,assets/vehicles/_quick/car-01655-1.webp,assets/vehicles/_quick/car-01655-2.webp,,,,content/articles/mercedes-benz/car-01655.md,no
15d003772d34fd61217b9a608f0b1e86b8327589,car-01656,excel,car,Mercedes-Benz,,,AMG GT,Gen 1,C,Mercedes-Benz AMG GT C,2017-–,assets/vehicles/mercedes-benz/car-01656/,assets/vehicles/_quick/car-01656-1.webp,assets/vehicles/_quick/car-01656-2.webp,,,,content/articles/mercedes-benz/car-01656.md,no
3798d6effcbbe3e77f7132bb05529d965eeba1d6,car-01657,excel,car,Mercedes-Benz,,,Clase C,C204,63 AMG Coupé,Mercedes-Benz Clase C 63 AMG Coupé,2011–2015,assets/vehicles/mercedes-benz/car-01657/,assets/vehicles/_quick/car-01657-1.webp,assets/vehicles/_quick/car-01657-2.webp,,,,content/articles/mercedes-benz/car-01657.md,no
d8cc313241853dc9aeca53fd91b1e1f9ca158214,car-01658,excel,car,Mercedes-Benz,,,Clase C,S202,180 Break,Mercedes-Benz Clase C 180 Break,1996-2000–,assets/vehicles/mercedes-benz/car-01658/,assets/vehicles/_quick/car-01658-1.webp,assets/vehicles/_quick/car-01658-2.webp,,,,content/articles/mercedes-benz/car-01658.md,no
a861998a5aab632c4bbb2367b406018a348e5e22,car-01659,excel,car,Mercedes-Benz,,,Clase C,W202,180,Mercedes-Benz Clase C 180,1993-2000–,assets/vehicles/mercedes-benz/car-01659/,assets/vehicles/_quick/car-01659-1.webp,assets/vehicles/_quick/car-01659-2.webp,,,,content/articles/mercedes-benz/car-01659.md,no
0d53d84eb1fb78414caf6c41a3a3463fb0c4d611,car-01660,excel,car,Mercedes-Benz,,,Clase C,W202,200,Mercedes-Benz Clase C 200,1993-2000–,assets/vehicles/mercedes-benz/car-01660/,assets/vehicles/_quick/car-01660-1.webp,assets/vehicles/_quick/car-01660-2.webp,,,,content/articles/mercedes-benz/car-01660.md,no
2406eb1f6c6c91855beb0970e6a8af11c46dbb58,car-01661,excel,car,Mercedes-Benz,,,Clase C,W202,200 CDi,Mercedes-Benz Clase C 200 CDi,1998-2000–,assets/vehicles/mercedes-benz/car-01661/,assets/vehicles/_quick/car-01661-1.webp,assets/vehicles/_quick/car-01661-2.webp,,,,content/articles/mercedes-benz/car-01661.md,no
fd3808b99007c4efed5d7814a20a54d56ccde502,car-01662,excel,car,Mercedes-Benz,,,Clase C,W202,200 K,Mercedes-Benz Clase C 200 K,1995-1996–,assets/vehicles/mercedes-benz/car-01662/,assets/vehicles/_quick/car-01662-1.webp,assets/vehicles/_quick/car-01662-2.webp,,,,content/articles/mercedes-benz/car-01662.md,no
a04fc0af65260188c134c093d04c0024c45f4e0a,car-01663,excel,car,Mercedes-Benz,,,Clase C,W202,220,Mercedes-Benz Clase C 220,1993-1996–,assets/vehicles/mercedes-benz/car-01663/,assets/vehicles/_quick/car-01663-1.webp,assets/vehicles/_quick/car-01663-2.webp,,,,content/articles/mercedes-benz/car-01663.md,no
a26833ab91358921b1e87be9b0d3ed8b0eddd5af,car-01664,excel,car,Mercedes-Benz,,,Clase C,W202,220 A,Mercedes-Benz Clase C 220 A,1993-1996–,assets/vehicles/mercedes-benz/car-01664/,assets/vehicles/_quick/car-01664-1.webp,assets/vehicles/_quick/car-01664-2.webp,,,,content/articles/mercedes-benz/car-01664.md,no
988f2449d43ab01e601864cf4730f1b0830b1609,car-01665,excel,car,Mercedes-Benz,,,Clase C,W202,220 CDi,Mercedes-Benz Clase C 220 CDi,1998-2000–,assets/vehicles/mercedes-benz/car-01665/,assets/vehicles/_quick/car-01665-1.webp,assets/vehicles/_quick/car-01665-2.webp,,,,content/articles/mercedes-benz/car-01665.md,no
12c6e7490bae154e13dec94d28232b8bd3a705f9,car-01666,excel,car,Mercedes-Benz,,,Clase C,W202,220 CDi A,Mercedes-Benz Clase C 220 CDi A,1998-2000–,assets/vehicles/mercedes-benz/car-01666/,assets/vehicles/_quick/car-01666-1.webp,assets/vehicles/_quick/car-01666-2.webp,,,,content/articles/mercedes-benz/car-01666.md,no
99b4bb28c50c78341ef183405440094433b5c3a1,car-01667,excel,car,Mercedes-Benz,,,Clase C,W202,230 K,Mercedes-Benz Clase C 230 K,1995-2000–,assets/vehicles/mercedes-benz/car-01667/,assets/vehicles/_quick/car-01667-1.webp,assets/vehicles/_quick/car-01667-2.webp,,,,content/articles/mercedes-benz/car-01667.md,no
3179fde3a94dcce0d0ce40d246e558803ffa67a4,car-01668,excel,car,Mercedes-Benz,,,Clase C,W202,240,Mercedes-Benz Clase C 240,1997-2000–,assets/vehicles/mercedes-benz/car-01668/,assets/vehicles/_quick/car-01668-1.webp,assets/vehicles/_quick/car-01668-2.webp,,,,content/articles/mercedes-benz/car-01668.md,no
02c9860ec172c3bb0968c8fc775ab153a4cd59dc,car-01669,excel,car,Mercedes-Benz,,,Clase C,W202,240 A,Mercedes-Benz Clase C 240 A,1997-2000–,assets/vehicles/mercedes-benz/car-01669/,assets/vehicles/_quick/car-01669-1.webp,assets/vehicles/_quick/car-01669-2.webp,,,,content/articles/mercedes-benz/car-01669.md,no
06d5d0428036c22ec6f51ac326b25c44b6ab120a,car-01670,excel,car,Mercedes-Benz,,,Clase C,W202,250 D,Mercedes-Benz Clase C 250 D,1993-1996–,assets/vehicles/mercedes-benz/car-01670/,assets/vehicles/_quick/car-01670-1.webp,assets/vehicles/_quick/car-01670-2.webp,,,,content/articles/mercedes-benz/car-01670.md,no
26063aa1e89cd95b81837b6901738a169256fa43,car-01671,excel,car,Mercedes-Benz,,,Clase C,W202,250 TD,Mercedes-Benz Clase C 250 TD,1995-2000–,assets/vehicles/mercedes-benz/car-01671/,assets/vehicles/_quick/car-01671-1.webp,assets/vehicles/_quick/car-01671-2.webp,,,,content/articles/mercedes-benz/car-01671.md,no
5a8b598f91b79e91101eced41fc913cddb967a4d,car-01672,excel,car,Mercedes-Benz,,,Clase C,W202,280,Mercedes-Benz Clase C 280,1997-2000–,assets/vehicles/mercedes-benz/car-01672/,assets/vehicles/_quick/car-01672-1.webp,assets/vehicles/_quick/car-01672-2.webp,,,,content/articles/mercedes-benz/car-01672.md,no
b72804b8d41e42f7a7bcfea0dbbeb17edbe1d752,car-01673,excel,car,Mercedes-Benz,,,Clase C,W202,280,Mercedes-Benz Clase C 280,1993-1997–,assets/vehicles/mercedes-benz/car-01673/,assets/vehicles/_quick/car-01673-1.webp,assets/vehicles/_quick/car-01673-2.webp,,,,content/articles/mercedes-benz/car-01673.md,no
b49ecdddb79c69e54a8ba34cc18f8f406b95437c,car-01674,excel,car,Mercedes-Benz,,,Clase C,W202,36 AMG,Mercedes-Benz Clase C 36 AMG,1993-1997–,assets/vehicles/mercedes-benz/car-01674/,assets/vehicles/_quick/car-01674-1.webp,assets/vehicles/_quick/car-01674-2.webp,,,,content/articles/mercedes-benz/car-01674.md,no
1def9bf953883963a12a218070d744fce18c1f87,car-01675,excel,car,Mercedes-Benz,,,Clase C,W202,43 AMG,Mercedes-Benz Clase C 43 AMG,1997-2000–,assets/vehicles/mercedes-benz/car-01675/,assets/vehicles/_quick/car-01675-1.webp,assets/vehicles/_quick/car-01675-2.webp,,,,content/articles/mercedes-benz/car-01675.md,no
c1dcb21e1a2343b5449ed31651c2dc3c4a7e39e1,car-01676,excel,car,Mercedes-Benz,,,Clase C,W202,55 AMG,Mercedes-Benz Clase C 55 AMG,1999-2000–,assets/vehicles/mercedes-benz/car-01676/,assets/vehicles/_quick/car-01676-1.webp,assets/vehicles/_quick/car-01676-2.webp,,,,content/articles/mercedes-benz/car-01676.md,no
77b472464af15e53674ae8d037eb5fcfd3539ff0,car-01677,excel,car,Mercedes-Benz,,,Clase C,W203,220 CDI,Mercedes-Benz Clase C 220 CDI,2000-2003–,assets/vehicles/mercedes-benz/car-01677/,assets/vehicles/_quick/car-01677-1.webp,assets/vehicles/_quick/car-01677-2.webp,,,,content/articles/mercedes-benz/car-01677.md,no
718a4a554b05c468460ffe77c03c0f0f9f8500bf,car-01678,excel,car,Mercedes-Benz,,,Clase C,W203,220 CDI,Mercedes-Benz Clase C 220 CDI,2004-2007–,assets/vehicles/mercedes-benz/car-01678/,assets/vehicles/_quick/car-01678-1.webp,assets/vehicles/_quick/car-01678-2.webp,,,,content/articles/mercedes-benz/car-01678.md,no
7d1ecbc55f4b15bab249b583182ae05d81e0fa51,car-01679,excel,car,Mercedes-Benz,,,CLA,C117,45 AMG,Mercedes-Benz CLA 45 AMG,2015–2018,assets/vehicles/mercedes-benz/car-01679/,assets/vehicles/_quick/car-01679-1.webp,assets/vehicles/_quick/car-01679-2.webp,,,,content/articles/mercedes-benz/car-01679.md,no
6c5b385ac6bdc9eb3b3596be6c094e8e91d791bc,car-01680,excel,car,Mercedes-Benz,,,CLA,C118,180,Mercedes-Benz CLA 180,2019-–,assets/vehicles/mercedes-benz/car-01680/,assets/vehicles/_quick/car-01680-1.webp,assets/vehicles/_quick/car-01680-2.webp,,,,content/articles/mercedes-benz/car-01680.md,no
40d8a4d63d9b86608ae6f8c4064bc545646e4224,car-01681,excel,car,Mercedes-Benz,,,CLK,C209,200 K,Mercedes-Benz CLK 200 K,2003–2006,assets/vehicles/mercedes-benz/car-01681/,assets/vehicles/_quick/car-01681-1.webp,assets/vehicles/_quick/car-01681-2.webp,,,,content/articles/mercedes-benz/car-01681.md,no
87622129e4facce60704701e9dd3eceb632ddc3f,car-01682,excel,car,Mercedes-Benz,,,CLK,C209,220 CDI,Mercedes-Benz CLK 220 CDI,2005-2010–,assets/vehicles/mercedes-benz/car-01682/,assets/vehicles/_quick/car-01682-1.webp,assets/vehicles/_quick/car-01682-2.webp,,,,content/articles/mercedes-benz/car-01682.md,no
e97911df3d460780f19b5c8a006bfabce412676b,car-01683,excel,car,Mercedes-Benz,,,CLK,C209,240,Mercedes-Benz CLK 240,2002-2005–,assets/vehicles/mercedes-benz/car-01683/,assets/vehicles/_quick/car-01683-1.webp,assets/vehicles/_quick/car-01683-2.webp,,,,content/articles/mercedes-benz/car-01683.md,no
bd005cffb3178dda25bbd740f5226db521916e8c,car-01684,excel,car,Mercedes-Benz,,,CLK,C209,240 A,Mercedes-Benz CLK 240 A,2002-2005–,assets/vehicles/mercedes-benz/car-01684/,assets/vehicles/_quick/car-01684-1.webp,assets/vehicles/_quick/car-01684-2.webp,,,,content/articles/mercedes-benz/car-01684.md,no
89a176c2429820200ba9222004bd509911e0cd13,car-01685,excel,car,Mercedes-Benz,,,CLK,C209,270 CDI,Mercedes-Benz CLK 270 CDI,2002-2005–,assets/vehicles/mercedes-benz/car-01685/,assets/vehicles/_quick/car-01685-1.webp,assets/vehicles/_quick/car-01685-2.webp,,,,content/articles/mercedes-benz/car-01685.md,no
287030ed391bb2b3453e08d5f0893712f08e9ad9,car-01686,excel,car,Mercedes-Benz,,,CLK,C209,270 CDI Auto,Mercedes-Benz CLK 270 CDI Auto,2002-2005–,assets/vehicles/mercedes-benz/car-01686/,assets/vehicles/_quick/car-01686-1.webp,assets/vehicles/_quick/car-01686-2.webp,,,,content/articles/mercedes-benz/car-01686.md,no
31853a464ebcbdca102186a3962c12ebfb67581a,car-01687,excel,car,Mercedes-Benz,,,CLK,C209,320 CDI,Mercedes-Benz CLK 320 CDI,2005-2009–,assets/vehicles/mercedes-benz/car-01687/,assets/vehicles/_quick/car-01687-1.webp,assets/vehicles/_quick/car-01687-2.webp,,,,content/articles/mercedes-benz/car-01687.md,no
d1255da5e150446a4bfc83243fdfe082800b0ec0,car-01688,excel,car,Mercedes-Benz,,,CLK,C209,350,Mercedes-Benz CLK 350,2006-2009–,assets/vehicles/mercedes-benz/car-01688/,assets/vehicles/_quick/car-01688-1.webp,assets/vehicles/_quick/car-01688-2.webp,,,,content/articles/mercedes-benz/car-01688.md,no
4b57953721f4be7bbedf0f402fefef8d3ce07378,car-01689,excel,car,Mercedes-Benz,,,CLK,W208,200,Mercedes-Benz CLK 200,1997-2001–,assets/vehicles/mercedes-benz/car-01689/,assets/vehicles/_quick/car-01689-1.webp,assets/vehicles/_quick/car-01689-2.webp,,,,content/articles/mercedes-benz/car-01689.md,no
e8edbf08cc3513f0b9006205153bd55bd9002ff6,car-01690,excel,car,Mercedes-Benz,,,CLK,W208,200 Auto,Mercedes-Benz CLK 200 Auto,1997-2001–,assets/vehicles/mercedes-benz/car-01690/,assets/vehicles/_quick/car-01690-1.webp,assets/vehicles/_quick/car-01690-2.webp,,,,content/articles/mercedes-benz/car-01690.md,no
b82a4ffd56af8253ca1576ae3e9b0aecee8b579e,car-01691,excel,car,Mercedes-Benz,,,CLK,W208,200 K Cab,Mercedes-Benz CLK 200 K Cab,2000-2002–,assets/vehicles/mercedes-benz/car-01691/,assets/vehicles/_quick/car-01691-1.webp,assets/vehicles/_quick/car-01691-2.webp,,,,content/articles/mercedes-benz/car-01691.md,no
a9e80962b6b2b33c686af2267acffc05c8075c4b,car-01692,excel,car,Mercedes-Benz,,,CLK,W208,230 K,Mercedes-Benz CLK 230 K,1997-2002–,assets/vehicles/mercedes-benz/car-01692/,assets/vehicles/_quick/car-01692-1.webp,assets/vehicles/_quick/car-01692-2.webp,,,,content/articles/mercedes-benz/car-01692.md,no
394b48899bb5567759817b4f920167dbdc53959e,car-01693,excel,car,Mercedes-Benz,,,CLK,W208,230 K Auto,Mercedes-Benz CLK 230 K Auto,1997-2002–,assets/vehicles/mercedes-benz/car-01693/,assets/vehicles/_quick/car-01693-1.webp,assets/vehicles/_quick/car-01693-2.webp,,,,content/articles/mercedes-benz/car-01693.md,no
1bd1a9c00da8a361b36a54fb3d6847cf1fe2cf11,car-01694,excel,car,Mercedes-Benz,,,CLK,W208,230 K Cab,Mercedes-Benz CLK 230 K Cab,1998-2002–,assets/vehicles/mercedes-benz/car-01694/,assets/vehicles/_quick/car-01694-1.webp,assets/vehicles/_quick/car-01694-2.webp,,,,content/articles/mercedes-benz/car-01694.md,no
3cd9e33303f4945e72e583a808d35744521f0d55,car-01695,excel,car,Mercedes-Benz,,,CLK,W208,230 K Cab Auto,Mercedes-Benz CLK 230 K Cab Auto,1998-2002–,assets/vehicles/mercedes-benz/car-01695/,assets/vehicles/_quick/car-01695-1.webp,assets/vehicles/_quick/car-01695-2.webp,,,,content/articles/mercedes-benz/car-01695.md,no
a27ee42e301dd17c81d3dea4285c0a3000f5926e,car-01696,excel,car,Mercedes-Benz,,,CLK,W208,320,Mercedes-Benz CLK 320,1997-2002–,assets/vehicles/mercedes-benz/car-01696/,assets/vehicles/_quick/car-01696-1.webp,assets/vehicles/_quick/car-01696-2.webp,,,,content/articles/mercedes-benz/car-01696.md,no
03eb3b8e6d49f9c15a6699b58fcc08e0f0ff108b,car-01697,excel,car,Mercedes-Benz,,,CLK,W208,430,Mercedes-Benz CLK 430,1998-2002–,assets/vehicles/mercedes-benz/car-01697/,assets/vehicles/_quick/car-01697-1.webp,assets/vehicles/_quick/car-01697-2.webp,,,,content/articles/mercedes-benz/car-01697.md,no
09322ef388a017ae932527229dc76cc388c672b9,car-01698,excel,car,Mercedes-Benz,,,CLS,C257,300d,Mercedes-Benz CLS 300d,2018–2020,assets/vehicles/mercedes-benz/car-01698/,assets/vehicles/_quick/car-01698-1.webp,assets/vehicles/_quick/car-01698-2.webp,,,,content/articles/mercedes-benz/car-01698.md,no
babee1e5a238770d6c7f1f37bb24768eb2fe983f,car-01699,excel,car,Mercedes-Benz,,,CLS,C257,300d 4Matic,Mercedes-Benz CLS 300d 4Matic,2021–2023,assets/vehicles/mercedes-benz/car-01699/,assets/vehicles/_quick/car-01699-1.webp,assets/vehicles/_quick/car-01699-2.webp,,,,content/articles/mercedes-benz/car-01699.md,no
5cfc8f2b68c4748bd7000188187dbc8836312765,car-01700,excel,car,Mercedes-Benz,,,CLS,C257,350,Mercedes-Benz CLS 350,2018–2023,assets/vehicles/mercedes-benz/car-01700/,assets/vehicles/_quick/car-01700-1.webp,assets/vehicles/_quick/car-01700-2.webp,,,,content/articles/mercedes-benz/car-01700.md,no
2205ffa0e97f91e252d04e272b97ffbf2815b2bc,car-01701,excel,car,Mercedes-Benz,,,CLS,C257,350d 4Matic,Mercedes-Benz CLS 350d 4Matic,2018–2020,assets/vehicles/mercedes-benz/car-01701/,assets/vehicles/_quick/car-01701-1.webp,assets/vehicles/_quick/car-01701-2.webp,,,,content/articles/mercedes-benz/car-01701.md,no
9c901b82c9712c318062e23b52ffeeb3be651b5d,car-01702,excel,car,Mercedes-Benz,,,CLS,C257,400d 4Matic,Mercedes-Benz CLS 400d 4Matic,2018–2021,assets/vehicles/mercedes-benz/car-01702/,assets/vehicles/_quick/car-01702-1.webp,assets/vehicles/_quick/car-01702-2.webp,,,,content/articles/mercedes-benz/car-01702.md,no
22637e93bd9ff04bf38ad1d793ea97e1f199a126,car-01703,excel,car,Mercedes-Benz,,,CLS,C257,400d 4Matic (phase II),Mercedes-Benz CLS 400d 4Matic (phase II),2021–2023,assets/vehicles/mercedes-benz/car-01703/,assets/vehicles/_quick/car-01703-1.webp,assets/vehicles/_quick/car-01703-2.webp,,,,content/articles/mercedes-benz/car-01703.md,no
d9ca237c3e47ad2f9a6b5e2d8f25870a43a48269,car-01704,excel,car,Mercedes-Benz,,,CLS,C257,450 4Matic,Mercedes-Benz CLS 450 4Matic,2018–2021,assets/vehicles/mercedes-benz/car-01704/,assets/vehicles/_quick/car-01704-1.webp,assets/vehicles/_quick/car-01704-2.webp,,,,content/articles/mercedes-benz/car-01704.md,no
920d28c50a0271d1b247506e5698a5e324e4c2d0,car-01705,excel,car,Mercedes-Benz,,,CLS,C257,53 AMG 4Matic+,Mercedes-Benz CLS 53 AMG 4Matic+,2018–2023,assets/vehicles/mercedes-benz/car-01705/,assets/vehicles/_quick/car-01705-1.webp,assets/vehicles/_quick/car-01705-2.webp,,,,content/articles/mercedes-benz/car-01705.md,no
af64f9bdbf9cf22684e5bd77c693b024ceb7a5aa,car-01706,excel,car,Mercedes-Benz,,,Clase E,W210,200,Mercedes-Benz Clase E 200,1995-2000–,assets/vehicles/mercedes-benz/car-01706/,assets/vehicles/_quick/car-01706-1.webp,assets/vehicles/_quick/car-01706-2.webp,,,,content/articles/mercedes-benz/car-01706.md,no
0ec4d5bf44d34d2c382eccc10ab21a0eca255df0,car-01707,excel,car,Mercedes-Benz,,,Clase E,W210,200 Kompressor,Mercedes-Benz Clase E 200 Kompressor,2000-2002–,assets/vehicles/mercedes-benz/car-01707/,assets/vehicles/_quick/car-01707-1.webp,assets/vehicles/_quick/car-01707-2.webp,,,,content/articles/mercedes-benz/car-01707.md,no
d0016eaed3033d2d3c727f85d39ab83000c6a56d,car-01708,excel,car,Mercedes-Benz,,,Clase E,W210,220 CDI,Mercedes-Benz Clase E 220 CDI,1999-2002–,assets/vehicles/mercedes-benz/car-01708/,assets/vehicles/_quick/car-01708-1.webp,assets/vehicles/_quick/car-01708-2.webp,,,,content/articles/mercedes-benz/car-01708.md,no
6898d33b540f5d2d5255eeec95e7f11dbe08890d,car-01709,excel,car,Mercedes-Benz,,,Clase E,W210,220 CDI Auto,Mercedes-Benz Clase E 220 CDI Auto,1999-2002–,assets/vehicles/mercedes-benz/car-01709/,assets/vehicles/_quick/car-01709-1.webp,assets/vehicles/_quick/car-01709-2.webp,,,,content/articles/mercedes-benz/car-01709.md,no
941928b6047c452f4c67f16d9e0c9cb9dc40b6cb,car-01710,excel,car,Mercedes-Benz,,,Clase E,W210,220 CDI Auto,Mercedes-Benz Clase E 220 CDI Auto,1998-1999–,assets/vehicles/mercedes-benz/car-01710/,assets/vehicles/_quick/car-01710-1.webp,assets/vehicles/_quick/car-01710-2.webp,,,,content/articles/mercedes-benz/car-01710.md,no
bbd6c1caed581354b05f5a54d3781db0cac09b55,car-01711,excel,car,Mercedes-Benz,,,Clase E,W210,230,Mercedes-Benz Clase E 230,1995-1998–,assets/vehicles/mercedes-benz/car-01711/,assets/vehicles/_quick/car-01711-1.webp,assets/vehicles/_quick/car-01711-2.webp,,,,content/articles/mercedes-benz/car-01711.md,no
6aaf2d105773c0ee406388eab381a8ff281f4689,car-01712,excel,car,Mercedes-Benz,,,Clase E,W210,230 Auto,Mercedes-Benz Clase E 230 Auto,1995-1998–,assets/vehicles/mercedes-benz/car-01712/,assets/vehicles/_quick/car-01712-1.webp,assets/vehicles/_quick/car-01712-2.webp,,,,content/articles/mercedes-benz/car-01712.md,no
9138a4c6920372a4d3d297aa173ff581c4b7c320,car-01713,excel,car,Mercedes-Benz,,,Clase E,W210,240,Mercedes-Benz Clase E 240,1997-2000–,assets/vehicles/mercedes-benz/car-01713/,assets/vehicles/_quick/car-01713-1.webp,assets/vehicles/_quick/car-01713-2.webp,,,,content/articles/mercedes-benz/car-01713.md,no
07acb5aad9e40d1ba2e94e477852e21b5d8cb3d3,car-01714,excel,car,Mercedes-Benz,,,Clase E,W210,240 Auto,Mercedes-Benz Clase E 240 Auto,1997-2000–,assets/vehicles/mercedes-benz/car-01714/,assets/vehicles/_quick/car-01714-1.webp,assets/vehicles/_quick/car-01714-2.webp,,,,content/articles/mercedes-benz/car-01714.md,no
a0960fb1003d791e13758ad7452721b6cb951d50,car-01715,excel,car,Mercedes-Benz,,,Clase E,W210,270 CDI,Mercedes-Benz Clase E 270 CDI,1999-2002–,assets/vehicles/mercedes-benz/car-01715/,assets/vehicles/_quick/car-01715-1.webp,assets/vehicles/_quick/car-01715-2.webp,,,,content/articles/mercedes-benz/car-01715.md,no
2da48419add2e238c11b36b7932a41283bf5f67e,car-01716,excel,car,Mercedes-Benz,,,Clase E,W210,270 CDI Break Auto,Mercedes-Benz Clase E 270 CDI Break Auto,1999-2002–,assets/vehicles/mercedes-benz/car-01716/,assets/vehicles/_quick/car-01716-1.webp,assets/vehicles/_quick/car-01716-2.webp,,,,content/articles/mercedes-benz/car-01716.md,no
d4220e3f45235ccf008d48717849b0a2b683ae1b,car-01717,excel,car,Mercedes-Benz,,,Clase E,W210,280,Mercedes-Benz Clase E 280,1995–1997,assets/vehicles/mercedes-benz/car-01717/,assets/vehicles/_quick/car-01717-1.webp,assets/vehicles/_quick/car-01717-2.webp,,,,content/articles/mercedes-benz/car-01717.md,no
2914166958c49c8726d34568f4c26afd5d931f9b,car-01718,excel,car,Mercedes-Benz,,,Clase E,W210,280,Mercedes-Benz Clase E 280,1998–2002,assets/vehicles/mercedes-benz/car-01718/,assets/vehicles/_quick/car-01718-1.webp,assets/vehicles/_quick/car-01718-2.webp,,,,content/articles/mercedes-benz/car-01718.md,no
c1b0b331622f9b7acd475fcda20fe8f24acb4e42,car-01719,excel,car,Mercedes-Benz,,,Clase E,W210,280 Auto,Mercedes-Benz Clase E 280 Auto,1995-1998–,assets/vehicles/mercedes-benz/car-01719/,assets/vehicles/_quick/car-01719-1.webp,assets/vehicles/_quick/car-01719-2.webp,,,,content/articles/mercedes-benz/car-01719.md,no
6e404dc281de6206afd7949c51450fe89db439fe,car-01720,excel,car,Mercedes-Benz,,,Clase E,W210,280 Auto,Mercedes-Benz Clase E 280 Auto,1998-2002–,assets/vehicles/mercedes-benz/car-01720/,assets/vehicles/_quick/car-01720-1.webp,assets/vehicles/_quick/car-01720-2.webp,,,,content/articles/mercedes-benz/car-01720.md,no
685f072040a0573d7f1ab2d639c72bbb0e1eb68e,car-01721,excel,car,Mercedes-Benz,,,Clase E,W210,290 TD,Mercedes-Benz Clase E 290 TD,1996-1999–,assets/vehicles/mercedes-benz/car-01721/,assets/vehicles/_quick/car-01721-1.webp,assets/vehicles/_quick/car-01721-2.webp,,,,content/articles/mercedes-benz/car-01721.md,no
851c561c0572ebe038e631af12ad0c51388f6c46,car-01722,excel,car,Mercedes-Benz,,,Clase E,W210,300 TD,Mercedes-Benz Clase E 300 TD,1997-1999–,assets/vehicles/mercedes-benz/car-01722/,assets/vehicles/_quick/car-01722-1.webp,assets/vehicles/_quick/car-01722-2.webp,,,,content/articles/mercedes-benz/car-01722.md,no
0ca1210eeb9bc11851cdb45b3b92348f89815f57,car-01723,excel,car,Mercedes-Benz,,,Clase E,W210,320 4Matic Break,Mercedes-Benz Clase E 320 4Matic Break,1999-2003–,assets/vehicles/mercedes-benz/car-01723/,assets/vehicles/_quick/car-01723-1.webp,assets/vehicles/_quick/car-01723-2.webp,,,,content/articles/mercedes-benz/car-01723.md,no
ec2cae09387f17d3edcecb82f10bccb858ba9336,car-01724,excel,car,Mercedes-Benz,,,Clase E,W210,320 Auto,Mercedes-Benz Clase E 320 Auto,1995-1997–,assets/vehicles/mercedes-benz/car-01724/,assets/vehicles/_quick/car-01724-1.webp,assets/vehicles/_quick/car-01724-2.webp,,,,content/articles/mercedes-benz/car-01724.md,no
fbe8de4d0eaea03c15c5153167d4d5e9363f20d9,car-01725,excel,car,Mercedes-Benz,,,Clase E,W210,320 Auto,Mercedes-Benz Clase E 320 Auto,1997-2002–,assets/vehicles/mercedes-benz/car-01725/,assets/vehicles/_quick/car-01725-1.webp,assets/vehicles/_quick/car-01725-2.webp,,,,content/articles/mercedes-benz/car-01725.md,no
46bdb7fa00682e28c533e3a22c55a489128a29ee,car-01726,excel,car,Mercedes-Benz,,,Clase E,W210,320 CDI,Mercedes-Benz Clase E 320 CDI,1999-2001–,assets/vehicles/mercedes-benz/car-01726/,assets/vehicles/_quick/car-01726-1.webp,assets/vehicles/_quick/car-01726-2.webp,,,,content/articles/mercedes-benz/car-01726.md,no
750e96fd6840f081ba1861dcda02de23f1313ff4,car-01727,excel,car,Mercedes-Benz,,,Clase E,W210,320 CDI Break,Mercedes-Benz Clase E 320 CDI Break,1999-2001–,assets/vehicles/mercedes-benz/car-01727/,assets/vehicles/_quick/car-01727-1.webp,assets/vehicles/_quick/car-01727-2.webp,,,,content/articles/mercedes-benz/car-01727.md,no
17b14f144f5bfcdaa27b50c3a4979874229c8b42,car-01728,excel,car,Mercedes-Benz,,,Clase E,W210,420,Mercedes-Benz Clase E 420,1995-1997–,assets/vehicles/mercedes-benz/car-01728/,assets/vehicles/_quick/car-01728-1.webp,assets/vehicles/_quick/car-01728-2.webp,,,,content/articles/mercedes-benz/car-01728.md,no
85872c49a4719b4a6d353d273480d3083e4a5c7f,car-01729,excel,car,Mercedes-Benz,,,Clase E,W210,420 Break,Mercedes-Benz Clase E 420 Break,1995-1997–,assets/vehicles/mercedes-benz/car-01729/,assets/vehicles/_quick/car-01729-1.webp,assets/vehicles/_quick/car-01729-2.webp,,,,content/articles/mercedes-benz/car-01729.md,no
7584115aa719455f7bf6f4eff38c00e6e1bddbe6,car-01730,excel,car,Mercedes-Benz,,,Clase E,W210,430,Mercedes-Benz Clase E 430,1997-2002–,assets/vehicles/mercedes-benz/car-01730/,assets/vehicles/_quick/car-01730-1.webp,assets/vehicles/_quick/car-01730-2.webp,,,,content/articles/mercedes-benz/car-01730.md,no
0ff3e031bf65e3bc25fe3f41ef943eabd782df9f,car-01731,excel,car,Mercedes-Benz,,,Clase E,W210,430 4Matic,Mercedes-Benz Clase E 430 4Matic,1999-2002–,assets/vehicles/mercedes-benz/car-01731/,assets/vehicles/_quick/car-01731-1.webp,assets/vehicles/_quick/car-01731-2.webp,,,,content/articles/mercedes-benz/car-01731.md,no
6d1fdc6d6fd0014bb72a223a6f934dde066511cf,car-01732,excel,car,Mercedes-Benz,,,Clase E,W210,430 Break,Mercedes-Benz Clase E 430 Break,1997-2002–,assets/vehicles/mercedes-benz/car-01732/,assets/vehicles/_quick/car-01732-1.webp,assets/vehicles/_quick/car-01732-2.webp,,,,content/articles/mercedes-benz/car-01732.md,no
8a759451b6ebe68f91ce6da899efe8f326ae1013,car-01733,excel,car,Mercedes-Benz,,,Clase E,W210,50 AMG,Mercedes-Benz Clase E 50 AMG,1996-1998–,assets/vehicles/mercedes-benz/car-01733/,assets/vehicles/_quick/car-01733-1.webp,assets/vehicles/_quick/car-01733-2.webp,,,,content/articles/mercedes-benz/car-01733.md,no
e9158ee640710548c6ffb46a88867f5f46ec1fca,car-01734,excel,car,Mercedes-Benz,,,Clase E,W210,55 AMG,Mercedes-Benz Clase E 55 AMG,1998-2002–,assets/vehicles/mercedes-benz/car-01734/,assets/vehicles/_quick/car-01734-1.webp,assets/vehicles/_quick/car-01734-2.webp,,,,content/articles/mercedes-benz/car-01734.md,no
3723a3aa0afdb307082c9d9676dbdf04bbd12eba,car-01735,excel,car,Mercedes-Benz,,,Clase E,W210,55 AMG Break,Mercedes-Benz Clase E 55 AMG Break,1998-2002–,assets/vehicles/mercedes-benz/car-01735/,assets/vehicles/_quick/car-01735-1.webp,assets/vehicles/_quick/car-01735-2.webp,,,,content/articles/mercedes-benz/car-01735.md,no
8c7ee7db9dea1da0dd9d4dc35f2449d098c316c0,car-01736,excel,car,Mercedes-Benz,,,Clase E,W210,Carlsson C37,Mercedes-Benz Clase E Carlsson C37,1996-1997–,assets/vehicles/mercedes-benz/car-01736/,assets/vehicles/_quick/car-01736-1.webp,assets/vehicles/_quick/car-01736-2.webp,,,,content/articles/mercedes-benz/car-01736.md,no
e678cd3b7c6fcb93684b4db1b544f4d8f0eae337,car-01737,excel,car,Mercedes-Benz,,,Clase E,W210,V12 7.3 Brabus,Mercedes-Benz Clase E V12 7.3 Brabus,1996-2002–,assets/vehicles/mercedes-benz/car-01737/,assets/vehicles/_quick/car-01737-1.webp,assets/vehicles/_quick/car-01737-2.webp,,,,content/articles/mercedes-benz/car-01737.md,no
7ee07521ec3f08b4361c1c197ec15d99c05f70d5,car-01738,excel,car,Mercedes-Benz,,,GLE,V167,300d 4Matic,Mercedes-Benz GLE 300d 4Matic,2019-2021–,assets/vehicles/mercedes-benz/car-01738/,assets/vehicles/_quick/car-01738-1.webp,assets/vehicles/_quick/car-01738-2.webp,,,,content/articles/mercedes-benz/car-01738.md,no
52469cdff6a349b5fdd927fa0f7cadd0057ade78,car-01739,excel,car,Mercedes-Benz,,,GLE,V167,350d 4Matic,Mercedes-Benz GLE 350d 4Matic,2019-2021–,assets/vehicles/mercedes-benz/car-01739/,assets/vehicles/_quick/car-01739-1.webp,assets/vehicles/_quick/car-01739-2.webp,,,,content/articles/mercedes-benz/car-01739.md,no
2ad8bc1bff50b2070ea4b259291eb495d1550bc3,car-01740,excel,car,Mercedes-Benz,,,GLE,V167,400e 4Matic,Mercedes-Benz GLE 400e 4Matic,2023-–,assets/vehicles/mercedes-benz/car-01740/,assets/vehicles/_quick/car-01740-1.webp,assets/vehicles/_quick/car-01740-2.webp,,,,content/articles/mercedes-benz/car-01740.md,no
e158564e0da5b4352a04fe89142d5325cff425a3,car-01741,excel,car,Mercedes-Benz,,,GLE,V167,450 4Matic,Mercedes-Benz GLE 450 4Matic,2019-–,assets/vehicles/mercedes-benz/car-01741/,assets/vehicles/_quick/car-01741-1.webp,assets/vehicles/_quick/car-01741-2.webp,,,,content/articles/mercedes-benz/car-01741.md,no
af99bc7a2611384fdbcc75f2eaad4665bff73525,car-01742,excel,car,Mercedes-Benz,,,GLE,V167,53 AMG 4Matic+,Mercedes-Benz GLE 53 AMG 4Matic+,2020-–,assets/vehicles/mercedes-benz/car-01742/,assets/vehicles/_quick/car-01742-1.webp,assets/vehicles/_quick/car-01742-2.webp,,,,content/articles/mercedes-benz/car-01742.md,no
4a59aedb52f03f8c57b1c6f12563b40083207718,car-01743,excel,car,Mercedes-Benz,,,GLE,V167,580 4Matic,Mercedes-Benz GLE 580 4Matic,2020-–,assets/vehicles/mercedes-benz/car-01743/,assets/vehicles/_quick/car-01743-1.webp,assets/vehicles/_quick/car-01743-2.webp,,,,content/articles/mercedes-benz/car-01743.md,no
7b36c6d2213d1c5e7b7a54f0d86448fa244e0684,car-01744,excel,car,Mercedes-Benz,,,GLE,V167,63 S AMG 4Matic+,Mercedes-Benz GLE 63 S AMG 4Matic+,2020-–,assets/vehicles/mercedes-benz/car-01744/,assets/vehicles/_quick/car-01744-1.webp,assets/vehicles/_quick/car-01744-2.webp,,,,content/articles/mercedes-benz/car-01744.md,no
5bf3eecc32f96a2f0da248c96dc1341947a380c1,car-01745,excel,car,Mercedes-Benz,,,GLS,Gen 1,63 AMG 4Matic+,Mercedes-Benz GLS 63 AMG 4Matic+,2023-–,assets/vehicles/mercedes-benz/car-01745/,assets/vehicles/_quick/car-01745-1.webp,assets/vehicles/_quick/car-01745-2.webp,,,,content/articles/mercedes-benz/car-01745.md,no
4c3248e87bae779848e98fe2148c7160b16e3850,car-01746,excel,car,Mercedes-Benz,,,Clase S,V223,63 AMG E-Performance L,Mercedes-Benz Clase S 63 AMG E-Performance L,2023-–,assets/vehicles/mercedes-benz/car-01746/,assets/vehicles/_quick/car-01746-1.webp,assets/vehicles/_quick/car-01746-2.webp,,,,content/articles/mercedes-benz/car-01746.md,no
f2a54bc80b1df2cdebee13edcc3f34e87cf11dca,car-01747,excel,car,Mercedes-Benz,,,SLS,Gen 1,AMG,Mercedes-Benz SLS AMG,2010-2014–,assets/vehicles/mercedes-benz/car-01747/,assets/vehicles/_quick/car-01747-1.webp,assets/vehicles/_quick/car-01747-2.webp,,,,content/articles/mercedes-benz/car-01747.md,no
0537f41e34f1e2475b2cd0121fdc37652196f5e1,car-01748,excel,car,McLaren,,,570S,Gen 1,Coupé,McLaren 570S Coupé,2015-2021–,assets/vehicles/mclaren/car-01748/,assets/vehicles/_quick/car-01748-1.webp,assets/vehicles/_quick/car-01748-2.webp,,,,content/articles/mclaren/car-01748.md,no
3f042c27ff18064544b3ea05d6a2e6d76360c770,car-01749,excel,car,McLaren,,,F1,Gen 1,-,McLaren F1,1993-1998–,assets/vehicles/mclaren/car-01749/,assets/vehicles/_quick/car-01749-1.webp,assets/vehicles/_quick/car-01749-2.webp,,,,content/articles/mclaren/car-01749.md,no
5210011b73d6f3338297fdaeaede906bed41eccf,car-01750,excel,car,MG,,,ZR,Gen 1,-,MG ZR,2001-2005–,assets/vehicles/mg/car-01750/,assets/vehicles/_quick/car-01750-1.webp,assets/vehicles/_quick/car-01750-2.webp,,,,content/articles/mg/car-01750.md,no
00f98d638bfd0777d094a17843087644aa54f3f7,car-01751,excel,car,MINI,,,Cooper,F56,JCW,MINI Cooper JCW,2015–2018,assets/vehicles/mini/car-01751/,assets/vehicles/_quick/car-01751-1.webp,assets/vehicles/_quick/car-01751-2.webp,,,,content/articles/mini/car-01751.md,no
9698f3fa3f4e970a9cc11713554d9414fca8b647,car-01752,excel,car,MINI,,,Cooper,F67,S Cabrio,MINI Cooper S Cabrio,2024–,assets/vehicles/mini/car-01752/,assets/vehicles/_quick/car-01752-1.webp,assets/vehicles/_quick/car-01752-2.webp,,,,content/articles/mini/car-01752.md,no
d865e79a920a171cf875ff75b2a9978654f6a43f,car-01753,excel,car,MINI,,,Cooper,F56,John Cooper Works GP,MINI Cooper John Cooper Works GP,2019–2021,assets/vehicles/mini/car-01753/,assets/vehicles/_quick/car-01753-1.webp,assets/vehicles/_quick/car-01753-2.webp,,,,content/articles/mini/car-01753.md,no
1957eb08f8064b96300d4adeaae1ea5e2ae2fb74,car-01754,excel,car,MINI,,,Cooper,R50,-,MINI Cooper,2001-2006–,assets/vehicles/mini/car-01754/,assets/vehicles/_quick/car-01754-1.webp,assets/vehicles/_quick/car-01754-2.webp,,,,content/articles/mini/car-01754.md,no
f80ba235f3d492b623fbed79356df9a2646370b8,car-01755,excel,car,MINI,,,Cooper,R56,Restyling,MINI Cooper Restyling,2010-2014–,assets/vehicles/mini/car-01755/,assets/vehicles/_quick/car-01755-1.webp,assets/vehicles/_quick/car-01755-2.webp,,,,content/articles/mini/car-01755.md,no
49296c1ba873f086c6e6085acc36ee9a3aead203,car-01756,excel,car,MINI,,,Cooper,R56,-,MINI Cooper,2006-2010–,assets/vehicles/mini/car-01756/,assets/vehicles/_quick/car-01756-1.webp,assets/vehicles/_quick/car-01756-2.webp,,,,content/articles/mini/car-01756.md,no
629208ecc000bc3f9198725b07c0c2b7f4c5f1bb,car-01757,excel,car,MINI,,,Cooper,R53,S,MINI Cooper S,2002–2004,assets/vehicles/mini/car-01757/,assets/vehicles/_quick/car-01757-1.webp,assets/vehicles/_quick/car-01757-2.webp,,,,content/articles/mini/car-01757.md,no
cfe706e42c52d25b37c67759c8554ce22bbdca1e,car-01758,excel,car,MINI,,,Cooper,R53,S Restyling,MINI Cooper S Restyling,2004–2006,assets/vehicles/mini/car-01758/,assets/vehicles/_quick/car-01758-1.webp,assets/vehicles/_quick/car-01758-2.webp,,,,content/articles/mini/car-01758.md,no
7c3c11127e7982e16b8379c42cd43325a22c2324,car-01759,excel,car,MINI,,,Cooper,R56,S Restyling,MINI Cooper S Restyling,2010–2014,assets/vehicles/mini/car-01759/,assets/vehicles/_quick/car-01759-1.webp,assets/vehicles/_quick/car-01759-2.webp,,,,content/articles/mini/car-01759.md,no
21579594ce2d01a93d1b9dc3ec2ae4a468f79318,car-01760,excel,car,MINI,,,Cooper,R56,S,MINI Cooper S,2007–2010,assets/vehicles/mini/car-01760/,assets/vehicles/_quick/car-01760-1.webp,assets/vehicles/_quick/car-01760-2.webp,,,,content/articles/mini/car-01760.md,no
3bfdf9d7fee891abcd7e1b2fae0d2b20cc9e5e97,car-01761,excel,car,Mitsubishi,,,3000 GT,Gen 1,-,Mitsubishi 3000 GT,1991–1998,assets/vehicles/mitsubishi/car-01761/,assets/vehicles/_quick/car-01761-1.webp,assets/vehicles/_quick/car-01761-2.webp,,,,content/articles/mitsubishi/car-01761.md,no
835c8a97a9cd6eba2f754699a24eebdcbd390332,car-01762,excel,car,Mitsubishi,,,3000 GT,Gen 1,VR-4,Mitsubishi 3000 GT VR-4,1991–1993,assets/vehicles/mitsubishi/car-01762/,assets/vehicles/_quick/car-01762-1.webp,assets/vehicles/_quick/car-01762-2.webp,,,,content/articles/mitsubishi/car-01762.md,no
df9c0f19f355d68204b56d1a5a807548c5325290,car-01763,excel,car,Mitsubishi,,,ASX,Gen 1,180 DI-D Motion 4WD,Mitsubishi ASX 180 DI-D Motion 4WD,2014–2015,assets/vehicles/mitsubishi/car-01763/,assets/vehicles/_quick/car-01763-1.webp,assets/vehicles/_quick/car-01763-2.webp,,,,content/articles/mitsubishi/car-01763.md,no
cb589f5859c873ff844d2542d67d03eb3c2d4065,car-01764,excel,car,Mitsubishi,,,Lancer,VI,Evo,Mitsubishi Lancer Evo,1999-2001–,assets/vehicles/mitsubishi/car-01764/,assets/vehicles/_quick/car-01764-1.webp,assets/vehicles/_quick/car-01764-2.webp,,,,content/articles/mitsubishi/car-01764.md,no
d1ce917e425c20a408341e834fd0df044a12a8cb,car-01765,excel,car,Mitsubishi,,,Lancer,VIII,Evo,Mitsubishi Lancer Evo,2004-2006–,assets/vehicles/mitsubishi/car-01765/,assets/vehicles/_quick/car-01765-1.webp,assets/vehicles/_quick/car-01765-2.webp,,,,content/articles/mitsubishi/car-01765.md,no
28dd49457a637d3742904351ced77aac550a2ff2,car-01766,excel,car,Mitsubishi,,,Lancer,X,Evo MR,Mitsubishi Lancer Evo MR,2008-2011–,assets/vehicles/mitsubishi/car-01766/,assets/vehicles/_quick/car-01766-1.webp,assets/vehicles/_quick/car-01766-2.webp,,,,content/articles/mitsubishi/car-01766.md,no
d9d5b8918058581b5fc09a37d8c862da138c6fb7,car-01767,excel,car,Morgan,,,Plus Six,Gen 1,-,Morgan Plus Six,2019-–,assets/vehicles/morgan/car-01767/,assets/vehicles/_quick/car-01767-1.webp,assets/vehicles/_quick/car-01767-2.webp,,,,content/articles/morgan/car-01767.md,no
31bcb5570de31f10e5b3b857d618930cd56a6612,car-01768,excel,car,Nissan,,,200SX,S14,-,Nissan 200SX,1993-1999–,assets/vehicles/nissan/car-01768/,assets/vehicles/_quick/car-01768-1.webp,assets/vehicles/_quick/car-01768-2.webp,,,,content/articles/nissan/car-01768.md,no
d4d4db6b985ca863d91061026de77524ee4350cc,car-01769,excel,car,Nissan,,,350Z,Gen 1,-,Nissan 350Z,2007-2009–,assets/vehicles/nissan/car-01769/,assets/vehicles/_quick/car-01769-1.webp,assets/vehicles/_quick/car-01769-2.webp,,,,content/articles/nissan/car-01769.md,no
3a48472ba7ce18d7eabc960261c5dcc25f841fe7,car-01770,excel,car,Nissan,,,350Z,Gen 1,-,Nissan 350Z,2006-2007–,assets/vehicles/nissan/car-01770/,assets/vehicles/_quick/car-01770-1.webp,assets/vehicles/_quick/car-01770-2.webp,,,,content/articles/nissan/car-01770.md,no
cc4aab08f1909b6279187a5be182bfb510825f91,car-01771,excel,car,Nissan,,,350Z,Gen 1,-,Nissan 350Z,2002-2006–,assets/vehicles/nissan/car-01771/,assets/vehicles/_quick/car-01771-1.webp,assets/vehicles/_quick/car-01771-2.webp,,,,content/articles/nissan/car-01771.md,no
8e4f43e0415331cb3fb646638dea4d38dd1ee0c7,car-01772,excel,car,Nissan,,,370Z,Gen 1,-,Nissan 370Z,2009–2010,assets/vehicles/nissan/car-01772/,assets/vehicles/_quick/car-01772-1.webp,assets/vehicles/_quick/car-01772-2.webp,,,,content/articles/nissan/car-01772.md,no
db2c79c07050f1f8467794e60f51bb9b1e094a40,car-01773,excel,car,Nissan,,,370Z,Gen 1,-,Nissan 370Z,2010–2012,assets/vehicles/nissan/car-01773/,assets/vehicles/_quick/car-01773-1.webp,assets/vehicles/_quick/car-01773-2.webp,,,,content/articles/nissan/car-01773.md,no
ba37c9c6618b4f2adf251a77de9d8ce2212a764b,car-01774,excel,car,Nissan,,,370Z,Gen 1,Nismo,Nissan 370Z Nismo,2013–2015,assets/vehicles/nissan/car-01774/,assets/vehicles/_quick/car-01774-1.webp,assets/vehicles/_quick/car-01774-2.webp,,,,content/articles/nissan/car-01774.md,no
310371a06d6aad08f409bd595d9c12a809ceafc0,car-01775,excel,car,Nissan,,,370Z,Gen 1,Nismo phaseII,Nissan 370Z Nismo phaseII,2015–2020,assets/vehicles/nissan/car-01775/,assets/vehicles/_quick/car-01775-1.webp,assets/vehicles/_quick/car-01775-2.webp,,,,content/articles/nissan/car-01775.md,no
dad6dea59e879af9805ffc9bf832f126ed4ffa49,car-01776,excel,car,Nissan,,,370Z,Gen 1,phaseII,Nissan 370Z phaseII,2012–2020,assets/vehicles/nissan/car-01776/,assets/vehicles/_quick/car-01776-1.webp,assets/vehicles/_quick/car-01776-2.webp,,,,content/articles/nissan/car-01776.md,no
9eddda1aa9ea844cbd22ea489ef5bd637aaac5c5,car-01777,excel,car,Nissan,,,400Z,Gen 1,-,Nissan 400Z,2022-–,assets/vehicles/nissan/car-01777/,assets/vehicles/_quick/car-01777-1.webp,assets/vehicles/_quick/car-01777-2.webp,,,,content/articles/nissan/car-01777.md,no
6602c6043dce54b5330daba0b7238258f3d92991,car-01778,excel,car,Nissan,,,Almera,Gen 1,2.0 GTI,Nissan Almera 2.0 GTI,1995-2000–,assets/vehicles/nissan/car-01778/,assets/vehicles/_quick/car-01778-1.webp,assets/vehicles/_quick/car-01778-2.webp,,,,content/articles/nissan/car-01778.md,no
175419018d75b988e1fefbfbc686795ee8ee38c5,car-01779,excel,car,Nissan,,,GT-R,Gen 1,Nismo,Nissan GT-R Nismo,2014-–,assets/vehicles/nissan/car-01779/,assets/vehicles/_quick/car-01779-1.webp,assets/vehicles/_quick/car-01779-2.webp,,,,content/articles/nissan/car-01779.md,no
5ac3fb9314ef42985a9f0a5c9452fdf92d9bf843,car-01780,excel,car,Nissan,,,Juke,Gen 1,1.2 DIG-T,Nissan Juke 1.2 DIG-T,2014–2018,assets/vehicles/nissan/car-01780/,assets/vehicles/_quick/car-01780-1.webp,assets/vehicles/_quick/car-01780-2.webp,,,,content/articles/nissan/car-01780.md,no
56766b13d727dbdc1012e10e3764371edde9d9d4,car-01781,excel,car,Nissan,,,Micra,K11,1.3S,Nissan Micra 1.3S,1992-1998–,assets/vehicles/nissan/car-01781/,assets/vehicles/_quick/car-01781-1.webp,assets/vehicles/_quick/car-01781-2.webp,,,,content/articles/nissan/car-01781.md,no
81aef1ecffaaa9caa8438f267ec4ebb738bdbdf0,car-01782,excel,car,Nissan,,,Micra,K11,1.4,Nissan Micra 1.4,2000-2002–,assets/vehicles/nissan/car-01782/,assets/vehicles/_quick/car-01782-1.webp,assets/vehicles/_quick/car-01782-2.webp,,,,content/articles/nissan/car-01782.md,no
56bc536108f14144c2e5a72ff787b7c9853c136f,car-01783,excel,car,Nissan,,,Primera,Gen 1,2.0 eGT,Nissan Primera 2.0 eGT,1990-1995–,assets/vehicles/nissan/car-01783/,assets/vehicles/_quick/car-01783-1.webp,assets/vehicles/_quick/car-01783-2.webp,,,,content/articles/nissan/car-01783.md,no
6dfff44a3dbc7c903767a9a3761a2f2a5b40c337,car-01784,excel,car,Nissan,,,Primera,Gen 1,2.0i,Nissan Primera 2.0i,1990-1993–,assets/vehicles/nissan/car-01784/,assets/vehicles/_quick/car-01784-1.webp,assets/vehicles/_quick/car-01784-2.webp,,,,content/articles/nissan/car-01784.md,no
762f2bf54c49907a0004532c4cc53450c6382939,car-01785,excel,car,Nissan,,,Skyline,R32,GT-R,Nissan Skyline GT-R,1989-1995–,assets/vehicles/nissan/car-01785/,assets/vehicles/_quick/car-01785-1.webp,assets/vehicles/_quick/car-01785-2.webp,,,,content/articles/nissan/car-01785.md,no
b8f6d1d37a25ad3b14bd321854218bb50eede661,car-01786,excel,car,Nissan,,,Skyline,R33,GT-R,Nissan Skyline GT-R,1995-1998–,assets/vehicles/nissan/car-01786/,assets/vehicles/_quick/car-01786-1.webp,assets/vehicles/_quick/car-01786-2.webp,,,,content/articles/nissan/car-01786.md,no
bd0b0bc6752b23e51c890bf00d12b4c435cfa678,car-01787,excel,car,Nissan,,,Skyline,R34,GT-R,Nissan Skyline GT-R,1999-2002–,assets/vehicles/nissan/car-01787/,assets/vehicles/_quick/car-01787-1.webp,assets/vehicles/_quick/car-01787-2.webp,,,,content/articles/nissan/car-01787.md,no
07beecff9ee682c253d90b4f2c9bfd04d05204df,car-01788,excel,car,Omoda,,,5,Gen 1,1.6 TGDi,Omoda 5 1.6 TGDi,2022–2024,assets/vehicles/omoda/car-01788/,assets/vehicles/_quick/car-01788-1.webp,assets/vehicles/_quick/car-01788-2.webp,,,,content/articles/omoda/car-01788.md,no
283235be5219d7698e0777d6d2f5db07531e76c7,car-01789,excel,car,Opel,,,Astra,Gen 1,GSi,Opel Astra GSi,1991-1996–,assets/vehicles/opel/car-01789/,assets/vehicles/_quick/car-01789-1.webp,assets/vehicles/_quick/car-01789-2.webp,,,,content/articles/opel/car-01789.md,no
de52800c6dfc45bc6cf9c5ec076185ee14b060e5,car-01790,excel,car,Opel,,,Astra,III,GTC 1.6T,Opel Astra GTC 1.6T,2006-2010–,assets/vehicles/opel/car-01790/,assets/vehicles/_quick/car-01790-1.webp,assets/vehicles/_quick/car-01790-2.webp,,,,content/articles/opel/car-01790.md,no
09f1ef8da0d71da817e98a9eb12fcd4698cc9fb6,car-01791,excel,car,Opel,,,Astra,III,GTC 1.9 CDTi,Opel Astra GTC 1.9 CDTi,2004-2010–,assets/vehicles/opel/car-01791/,assets/vehicles/_quick/car-01791-1.webp,assets/vehicles/_quick/car-01791-2.webp,,,,content/articles/opel/car-01791.md,no
c21cf2ce4833dc64e97d4444b87599e317a5b10f,car-01792,excel,car,Opel,,,Astra,III,GTC 2.0T,Opel Astra GTC 2.0T,2004-2010–,assets/vehicles/opel/car-01792/,assets/vehicles/_quick/car-01792-1.webp,assets/vehicles/_quick/car-01792-2.webp,,,,content/articles/opel/car-01792.md,no
0c6850353b0f4bb862d8530d232d88235995d5c8,car-01793,excel,car,Opel,,,Corsa,Gen 1,A 1.3 SR,Opel Corsa A 1.3 SR,1982-1989–,assets/vehicles/opel/car-01793/,assets/vehicles/_quick/car-01793-1.webp,assets/vehicles/_quick/car-01793-2.webp,,,,content/articles/opel/car-01793.md,no
ce793921fba602ed73b0ba4a8848828556e4bf64,car-01794,excel,car,Opel,,,Corsa,Gen 1,A Gsi,Opel Corsa A Gsi,1987-1993–,assets/vehicles/opel/car-01794/,assets/vehicles/_quick/car-01794-1.webp,assets/vehicles/_quick/car-01794-2.webp,,,,content/articles/opel/car-01794.md,no
45d449bd8a0cc6001e3e9d10783668903516af32,car-01795,excel,car,Opel,,,Corsa,Gen 1,B 1.2 16v,Opel Corsa B 1.2 16v,1998-2000–,assets/vehicles/opel/car-01795/,assets/vehicles/_quick/car-01795-1.webp,assets/vehicles/_quick/car-01795-2.webp,,,,content/articles/opel/car-01795.md,no
545ab8458d249e31bb1d3295bb20dcb6d7bc0bca,car-01796,excel,car,Opel,,,Corsa,Gen 1,B 1.4 16v Break,Opel Corsa B 1.4 16v Break,1998-2000–,assets/vehicles/opel/car-01796/,assets/vehicles/_quick/car-01796-1.webp,assets/vehicles/_quick/car-01796-2.webp,,,,content/articles/opel/car-01796.md,no
daac25d1c26a36fad9f6ca0bb1fc8ff06f2eaf4b,car-01797,excel,car,Opel,,,Corsa,Gen 1,B 1.4 16v Sport,Opel Corsa B 1.4 16v Sport,1994-2000–,assets/vehicles/opel/car-01797/,assets/vehicles/_quick/car-01797-1.webp,assets/vehicles/_quick/car-01797-2.webp,,,,content/articles/opel/car-01797.md,no
c81290bbf60493f7a2fbcc6bea1c9a2a9df7fe8e,car-01798,excel,car,Opel,,,Corsa,Gen 1,B 1.4 Si,Opel Corsa B 1.4 Si,1993-1996–,assets/vehicles/opel/car-01798/,assets/vehicles/_quick/car-01798-1.webp,assets/vehicles/_quick/car-01798-2.webp,,,,content/articles/opel/car-01798.md,no
46ca069ef6bb5453df2c9d8a66e2894da5efdfd8,car-01799,excel,car,Opel,,,Corsa,Gen 1,B 1.5 TD,Opel Corsa B 1.5 TD,1993-2000–,assets/vehicles/opel/car-01799/,assets/vehicles/_quick/car-01799-1.webp,assets/vehicles/_quick/car-01799-2.webp,,,,content/articles/opel/car-01799.md,no
295fa9532edacebd2a8018ca96c9fbbcceee3504,car-01800,excel,car,Opel,,,Corsa,Gen 1,B Gsi 16v,Opel Corsa B Gsi 16v,1993-2000–,assets/vehicles/opel/car-01800/,assets/vehicles/_quick/car-01800-1.webp,assets/vehicles/_quick/car-01800-2.webp,,,,content/articles/opel/car-01800.md,no
1b1d537ecc4c811f22bbd1123e2dbf2d69611e9f,car-01801,excel,car,Opel,,,Corsa,Gen 1,C 1.2 16v,Opel Corsa C 1.2 16v,2000-2006–,assets/vehicles/opel/car-01801/,assets/vehicles/_quick/car-01801-1.webp,assets/vehicles/_quick/car-01801-2.webp,,,,content/articles/opel/car-01801.md,no
071f68d0c0bfaa2c6ed776222f22053e21b19e9f,car-01802,excel,car,Opel,,,Corsa,Gen 1,C 1.4 16v,Opel Corsa C 1.4 16v,2000-2003–,assets/vehicles/opel/car-01802/,assets/vehicles/_quick/car-01802-1.webp,assets/vehicles/_quick/car-01802-2.webp,,,,content/articles/opel/car-01802.md,no
f1922140fd2a207efee101dcc707681209758368,car-01803,excel,car,Opel,,,Corsa,Gen 1,C 1.7 CDTi,Opel Corsa C 1.7 CDTi,2003-2006–,assets/vehicles/opel/car-01803/,assets/vehicles/_quick/car-01803-1.webp,assets/vehicles/_quick/car-01803-2.webp,,,,content/articles/opel/car-01803.md,no
4b63e0be7cdad9f88977ecad987c46117cb6598a,car-01804,excel,car,Opel,,,Corsa,Gen 1,C 1.7 DTi,Opel Corsa C 1.7 DTi,2000-2003–,assets/vehicles/opel/car-01804/,assets/vehicles/_quick/car-01804-1.webp,assets/vehicles/_quick/car-01804-2.webp,,,,content/articles/opel/car-01804.md,no
a7276b511b0f128b322ad0b74a7a5101f4afd600,car-01805,excel,car,Opel,,,Corsa,Gen 1,C Gsi,Opel Corsa C Gsi,2001-2006–,assets/vehicles/opel/car-01805/,assets/vehicles/_quick/car-01805-1.webp,assets/vehicles/_quick/car-01805-2.webp,,,,content/articles/opel/car-01805.md,no
ca91ce30a80e80f54860618f0c9a7f89573ff7a3,car-01806,excel,car,Opel,,,Corsa,Gen 1,D 1.3 CDTi,Opel Corsa D 1.3 CDTi,2006-2010–,assets/vehicles/opel/car-01806/,assets/vehicles/_quick/car-01806-1.webp,assets/vehicles/_quick/car-01806-2.webp,,,,content/articles/opel/car-01806.md,no
2d8770b3364c8dcbafb163f050fb93fbbb7e215f,car-01807,excel,car,Opel,,,Corsa,Gen 1,D 1.3 CDTi EcoFlex,Opel Corsa D 1.3 CDTi EcoFlex,2009-2014–,assets/vehicles/opel/car-01807/,assets/vehicles/_quick/car-01807-1.webp,assets/vehicles/_quick/car-01807-2.webp,,,,content/articles/opel/car-01807.md,no
63f79a29a28893ab71c76c4a85dda4176243d76a,car-01808,excel,car,Opel,,,Corsa,Gen 1,D 1.4,Opel Corsa D 1.4,2006-2009–,assets/vehicles/opel/car-01808/,assets/vehicles/_quick/car-01808-1.webp,assets/vehicles/_quick/car-01808-2.webp,,,,content/articles/opel/car-01808.md,no
759d56ca5200809d9b28782acc91eff91082d739,car-01809,excel,car,Opel,,,Corsa,Gen 1,D 1.4,Opel Corsa D 1.4,2009-2014–,assets/vehicles/opel/car-01809/,assets/vehicles/_quick/car-01809-1.webp,assets/vehicles/_quick/car-01809-2.webp,,,,content/articles/opel/car-01809.md,no
33e0f14a5392b80a9e5ffcb3255229199f2a53e3,car-01810,excel,car,Opel,,,Corsa,Gen 1,D 1.7 CDTi,Opel Corsa D 1.7 CDTi,2006-2010–,assets/vehicles/opel/car-01810/,assets/vehicles/_quick/car-01810-1.webp,assets/vehicles/_quick/car-01810-2.webp,,,,content/articles/opel/car-01810.md,no
0df237b7f492599479e71a7cfd22bf0ace3a4bbd,car-01811,excel,car,Opel,,,Corsa,Gen 1,D Gsi,Opel Corsa D Gsi,2007-2012–,assets/vehicles/opel/car-01811/,assets/vehicles/_quick/car-01811-1.webp,assets/vehicles/_quick/car-01811-2.webp,,,,content/articles/opel/car-01811.md,no
d581d025262e8aecc4472e9424d2eca088fb301d,car-01812,excel,car,Opel,,,Corsa,Gen 1,D OPC,Opel Corsa D OPC,2007-2014–,assets/vehicles/opel/car-01812/,assets/vehicles/_quick/car-01812-1.webp,assets/vehicles/_quick/car-01812-2.webp,,,,content/articles/opel/car-01812.md,no
f67f85a74bc94e702be4314448dc66a34151d601,car-01813,excel,car,Opel,,,Corsa,Gen 1,D OPC Nurburgring Edition,Opel Corsa D OPC Nurburgring Edition,2011-2014–,assets/vehicles/opel/car-01813/,assets/vehicles/_quick/car-01813-1.webp,assets/vehicles/_quick/car-01813-2.webp,,,,content/articles/opel/car-01813.md,no
12a7a59f0335740929973637f739b07ef4b6e94f,car-01814,excel,car,Opel,,,Corsa,Gen 1,E 1.0 Turbo,Opel Corsa E 1.0 Turbo,2014-2018–,assets/vehicles/opel/car-01814/,assets/vehicles/_quick/car-01814-1.webp,assets/vehicles/_quick/car-01814-2.webp,,,,content/articles/opel/car-01814.md,no
12a7a59f0335740929973637f739b07ef4b6e94f,car-01815,excel,car,Opel,,,Corsa,Gen 1,E 1.0 Turbo,Opel Corsa E 1.0 Turbo,2014-2018–,assets/vehicles/opel/car-01815/,assets/vehicles/_quick/car-01815-1.webp,assets/vehicles/_quick/car-01815-2.webp,,,,content/articles/opel/car-01815.md,no
e2b40f98870e23fa026b94b681211dfb79a9b3d2,car-01816,excel,car,Opel,,,Corsa,Gen 1,E 1.3 CDTI ecoFLEX,Opel Corsa E 1.3 CDTI ecoFLEX,2014–2018,assets/vehicles/opel/car-01816/,assets/vehicles/_quick/car-01816-1.webp,assets/vehicles/_quick/car-01816-2.webp,,,,content/articles/opel/car-01816.md,no
6baad2a6dab00306ee0a6bc8f1ca77b7f9e7d15b,car-01817,excel,car,Opel,,,Corsa,Gen 1,E 1.4,Opel Corsa E 1.4,2015-2016–,assets/vehicles/opel/car-01817/,assets/vehicles/_quick/car-01817-1.webp,assets/vehicles/_quick/car-01817-2.webp,,,,content/articles/opel/car-01817.md,no
c5683399f7acc5b551b6720b6749b1745a7db2dd,car-01818,excel,car,Opel,,,Corsa,Gen 1,E 1.4 Turbo,Opel Corsa E 1.4 Turbo,2014-2019–,assets/vehicles/opel/car-01818/,assets/vehicles/_quick/car-01818-1.webp,assets/vehicles/_quick/car-01818-2.webp,,,,content/articles/opel/car-01818.md,no
41c4d4332085b31d8e3eb40b99236cbe26bf6bc7,car-01819,excel,car,Opel,,,Corsa,Gen 1,E 1.4 Turbo,Opel Corsa E 1.4 Turbo,2015-2019–,assets/vehicles/opel/car-01819/,assets/vehicles/_quick/car-01819-1.webp,assets/vehicles/_quick/car-01819-2.webp,,,,content/articles/opel/car-01819.md,no
37039a2a3693ff71edfedf58e7112f9ced7a444c,car-01820,excel,car,Opel,,,Corsa,Gen 1,E OPC,Opel Corsa E OPC,,assets/vehicles/opel/car-01820/,assets/vehicles/_quick/car-01820-1.webp,assets/vehicles/_quick/car-01820-2.webp,,,,content/articles/opel/car-01820.md,no
c9764ce6f2dfbe2424d8a3eed35c918c8823c03a,car-01821,excel,car,Opel,,,Insignia,Gen 1,1.6 DI Turbo,Opel Insignia 1.6 DI Turbo,2013-2017–,assets/vehicles/opel/car-01821/,assets/vehicles/_quick/car-01821-1.webp,assets/vehicles/_quick/car-01821-2.webp,,,,content/articles/opel/car-01821.md,no
1cbcbd4c06215ef7e7752ba487435f9996c0e254,car-01822,excel,car,Opel,,,Insignia,Gen 1,1.6T Sport Tourer,Opel Insignia 1.6T Sport Tourer,2009-2013–,assets/vehicles/opel/car-01822/,assets/vehicles/_quick/car-01822-1.webp,assets/vehicles/_quick/car-01822-2.webp,,,,content/articles/opel/car-01822.md,no
af99ccac4b9818955690992f59a0d7b3d91b96f2,car-01823,excel,car,Opel,,,Insignia,Gen 1,2.0 CDTI,Opel Insignia 2.0 CDTI,2015-2017–,assets/vehicles/opel/car-01823/,assets/vehicles/_quick/car-01823-1.webp,assets/vehicles/_quick/car-01823-2.webp,,,,content/articles/opel/car-01823.md,no
6d15f14f425e436567bbe2b21c4661ef7a9991a2,car-01824,excel,car,Opel,,,Insignia,Gen 1,2.0 CDTI,Opel Insignia 2.0 CDTI,2008-2013–,assets/vehicles/opel/car-01824/,assets/vehicles/_quick/car-01824-1.webp,assets/vehicles/_quick/car-01824-2.webp,,,,content/articles/opel/car-01824.md,no
6d15f14f425e436567bbe2b21c4661ef7a9991a2,car-01825,excel,car,Opel,,,Insignia,Gen 1,2.0 CDTI,Opel Insignia 2.0 CDTI,2008-2013–,assets/vehicles/opel/car-01825/,assets/vehicles/_quick/car-01825-1.webp,assets/vehicles/_quick/car-01825-2.webp,,,,content/articles/opel/car-01825.md,no
6aefa47a4156fff8d48de6d7136e2bc32e2fbf39,car-01826,excel,car,Opel,,,Insignia,Gen 1,2.0 CDTI Auto,Opel Insignia 2.0 CDTI Auto,2009-2013–,assets/vehicles/opel/car-01826/,assets/vehicles/_quick/car-01826-1.webp,assets/vehicles/_quick/car-01826-2.webp,,,,content/articles/opel/car-01826.md,no
93ac144247d6d908c3460fb326142a8e95788e1b,car-01827,excel,car,Opel,,,Insignia,Gen 1,2.0 CDTi BiTurbo,Opel Insignia 2.0 CDTi BiTurbo,2012-2015–,assets/vehicles/opel/car-01827/,assets/vehicles/_quick/car-01827-1.webp,assets/vehicles/_quick/car-01827-2.webp,,,,content/articles/opel/car-01827.md,no
4f5e6745fc95fa239b9f9a08d5660f30f88c8521,car-01828,excel,car,Opel,,,Insignia,Gen 1,2.0 CDTi Ecoflex,Opel Insignia 2.0 CDTi Ecoflex,2009-2013–,assets/vehicles/opel/car-01828/,assets/vehicles/_quick/car-01828-1.webp,assets/vehicles/_quick/car-01828-2.webp,,,,content/articles/opel/car-01828.md,no
93ce40c607cb81bda919e88b588937ecd5fc22f9,car-01829,excel,car,Opel,,,Insignia,Gen 1,2.0 CDTi Ecoflex,Opel Insignia 2.0 CDTi Ecoflex,2013-2015–,assets/vehicles/opel/car-01829/,assets/vehicles/_quick/car-01829-1.webp,assets/vehicles/_quick/car-01829-2.webp,,,,content/articles/opel/car-01829.md,no
b7f54e70d755b7ea705ce50dda56b1eca09e0147,car-01830,excel,car,Opel,,,Insignia,Gen 1,2.0 CDTi Sport Tourer,Opel Insignia 2.0 CDTi Sport Tourer,2013-2015–,assets/vehicles/opel/car-01830/,assets/vehicles/_quick/car-01830-1.webp,assets/vehicles/_quick/car-01830-2.webp,,,,content/articles/opel/car-01830.md,no
a0da6ce4c6676a061a64300afc708bb4165bbe52,car-01831,excel,car,Opel,,,Insignia,Gen 1,2.0 CDTi Sport Tourer,Opel Insignia 2.0 CDTi Sport Tourer,2009-2013–,assets/vehicles/opel/car-01831/,assets/vehicles/_quick/car-01831-1.webp,assets/vehicles/_quick/car-01831-2.webp,,,,content/articles/opel/car-01831.md,no
b7f54e70d755b7ea705ce50dda56b1eca09e0147,car-01832,excel,car,Opel,,,Insignia,Gen 1,2.0 CDTi Sport Tourer,Opel Insignia 2.0 CDTi Sport Tourer,2013-2015–,assets/vehicles/opel/car-01832/,assets/vehicles/_quick/car-01832-1.webp,assets/vehicles/_quick/car-01832-2.webp,,,,content/articles/opel/car-01832.md,no
bf2fa1ba4fc1bfc83e02e47d90fe660f41479355,car-01833,excel,car,Opel,,,Insignia,Gen 1,2.0T AWD,Opel Insignia 2.0T AWD,2008-2013–,assets/vehicles/opel/car-01833/,assets/vehicles/_quick/car-01833-1.webp,assets/vehicles/_quick/car-01833-2.webp,,,,content/articles/opel/car-01833.md,no
0304e07e812393b3f1b87934b0b761009865c7f6,car-01834,excel,car,Opel,,,Insignia,Gen 1,2.8 V6 Turbo,Opel Insignia 2.8 V6 Turbo,2008-2013–,assets/vehicles/opel/car-01834/,assets/vehicles/_quick/car-01834-1.webp,assets/vehicles/_quick/car-01834-2.webp,,,,content/articles/opel/car-01834.md,no
5d1d08f04aa31cd5c57782dc7aae3b6047db549e,car-01835,excel,car,Opel,,,Insignia,Gen 1,2.8 V6 Turbo Auto,Opel Insignia 2.8 V6 Turbo Auto,2008-2010–,assets/vehicles/opel/car-01835/,assets/vehicles/_quick/car-01835-1.webp,assets/vehicles/_quick/car-01835-2.webp,,,,content/articles/opel/car-01835.md,no
2bda0c109627beeddc0367fdc4b7bf4a6b68a6de,car-01836,excel,car,Opel,,,Insignia,Gen 1,OPC,Opel Insignia OPC,2009-2017–,assets/vehicles/opel/car-01836/,assets/vehicles/_quick/car-01836-1.webp,assets/vehicles/_quick/car-01836-2.webp,,,,content/articles/opel/car-01836.md,no
72b2b219b962d8c853b8640f18f4a5090abd7ca0,car-01837,excel,car,Opel,,,Insignia,Gen 1,OPC Auto,Opel Insignia OPC Auto,2011-2017–,assets/vehicles/opel/car-01837/,assets/vehicles/_quick/car-01837-1.webp,assets/vehicles/_quick/car-01837-2.webp,,,,content/articles/opel/car-01837.md,no
35e5d20be00adc595f0e0199eeb2df4bd80aa853,car-01838,excel,car,Opel,,,Insignia,Gen 1,OPC Sports Tourer,Opel Insignia OPC Sports Tourer,2009-2017–,assets/vehicles/opel/car-01838/,assets/vehicles/_quick/car-01838-1.webp,assets/vehicles/_quick/car-01838-2.webp,,,,content/articles/opel/car-01838.md,no
c56ca1f46ac6d3e9ee8721fd07ab36d2132e36af,car-01839,excel,car,Opel,,,Kadett,Gen 1,E GSi 16v,Opel Kadett E GSi 16v,1988-1992–,assets/vehicles/opel/car-01839/,assets/vehicles/_quick/car-01839-1.webp,assets/vehicles/_quick/car-01839-2.webp,,,,content/articles/opel/car-01839.md,no
fdf7455d8c42c7de641987aafa8d1076b1a5ceac,car-01840,excel,car,Pegaso,,,Z102,Gen 1,2.8 Touring,Pegaso Z102 2.8 Touring,1951-1958–,assets/vehicles/pegaso/car-01840/,assets/vehicles/_quick/car-01840-1.webp,assets/vehicles/_quick/car-01840-2.webp,,,,content/articles/pegaso/car-01840.md,no
fd6357896911c6177f5c9e8b0788b195059ff513,car-01841,excel,car,Peugeot,,,205,Gen 1,GTI 1.6,Peugeot 205 GTI 1.6,1986-1992–,assets/vehicles/peugeot/car-01841/,assets/vehicles/_quick/car-01841-1.webp,assets/vehicles/_quick/car-01841-2.webp,,,,content/articles/peugeot/car-01841.md,no
f188866d136aa82b3cdaa842da1cbce8c309dacd,car-01842,excel,car,Peugeot,,,205,Gen 1,GTI 1.6,Peugeot 205 GTI 1.6,1984-1986–,assets/vehicles/peugeot/car-01842/,assets/vehicles/_quick/car-01842-1.webp,assets/vehicles/_quick/car-01842-2.webp,,,,content/articles/peugeot/car-01842.md,no
2523d7bd80e1b31b84e3fea5544448699ec91e27,car-01843,excel,car,Peugeot,,,205,Gen 1,GTI 1.6 Kit PTS,Peugeot 205 GTI 1.6 Kit PTS,1984-1986–,assets/vehicles/peugeot/car-01843/,assets/vehicles/_quick/car-01843-1.webp,assets/vehicles/_quick/car-01843-2.webp,,,,content/articles/peugeot/car-01843.md,no
f5985bdcac16b06a65d6518a798bd29151991118,car-01844,excel,car,Peugeot,,,205,Gen 1,GTI 1.9,Peugeot 205 GTI 1.9,1991-1993–,assets/vehicles/peugeot/car-01844/,assets/vehicles/_quick/car-01844-1.webp,assets/vehicles/_quick/car-01844-2.webp,,,,content/articles/peugeot/car-01844.md,no
b150f9d167a78c7e4b8a6226fbe8d69929d2ccb8,car-01845,excel,car,Peugeot,,,205,Gen 1,GTI 1.9,Peugeot 205 GTI 1.9,1986-1992–,assets/vehicles/peugeot/car-01845/,assets/vehicles/_quick/car-01845-1.webp,assets/vehicles/_quick/car-01845-2.webp,,,,content/articles/peugeot/car-01845.md,no
14de729b2af672cd81307c47ed864e4cbb9c5094,car-01846,excel,car,Peugeot,,,205,Gen 1,Rallye,Peugeot 205 Rallye,1988-1992–,assets/vehicles/peugeot/car-01846/,assets/vehicles/_quick/car-01846-1.webp,assets/vehicles/_quick/car-01846-2.webp,,,,content/articles/peugeot/car-01846.md,no
5f0df0bce09982a11358ccee9ec02b91032b34bb,car-01847,excel,car,Peugeot,,,206,Gen 1,1.4,Peugeot 206 1.4,1998-2009–,assets/vehicles/peugeot/car-01847/,assets/vehicles/_quick/car-01847-1.webp,assets/vehicles/_quick/car-01847-2.webp,,,,content/articles/peugeot/car-01847.md,no
2ac875cb9c150af7ef5b5a4c6d79b932be14ee84,car-01848,excel,car,Peugeot,,,206,Gen 1,1.4 16v,Peugeot 206 1.4 16v,2003-2009–,assets/vehicles/peugeot/car-01848/,assets/vehicles/_quick/car-01848-1.webp,assets/vehicles/_quick/car-01848-2.webp,,,,content/articles/peugeot/car-01848.md,no
73aade0ee3d980049290fc98c431ebf65f6b26d1,car-01849,excel,car,Peugeot,,,206,Gen 1,1.4 HDi,Peugeot 206 1.4 HDi,2001-2009–,assets/vehicles/peugeot/car-01849/,assets/vehicles/_quick/car-01849-1.webp,assets/vehicles/_quick/car-01849-2.webp,,,,content/articles/peugeot/car-01849.md,no
f8d65c16f32d1b2b5256e06a141e221929b2cbef,car-01850,excel,car,Peugeot,,,206,Gen 1,1.6 16v,Peugeot 206 1.6 16v,2000-2003–,assets/vehicles/peugeot/car-01850/,assets/vehicles/_quick/car-01850-1.webp,assets/vehicles/_quick/car-01850-2.webp,,,,content/articles/peugeot/car-01850.md,no
4ea0de14c5553c614c8c40d39b880ccbff5b9548,car-01851,excel,car,Peugeot,,,206,Gen 1,1.6 HDi 16v,Peugeot 206 1.6 HDi 16v,2004-2009–,assets/vehicles/peugeot/car-01851/,assets/vehicles/_quick/car-01851-1.webp,assets/vehicles/_quick/car-01851-2.webp,,,,content/articles/peugeot/car-01851.md,no
5751c7d7c5882f68dbfa7b0b5de3c68d4b3e5142,car-01852,excel,car,Peugeot,,,206,Gen 1,1.6 XS,Peugeot 206 1.6 XS,1998-2000–,assets/vehicles/peugeot/car-01852/,assets/vehicles/_quick/car-01852-1.webp,assets/vehicles/_quick/car-01852-2.webp,,,,content/articles/peugeot/car-01852.md,no
82d5d6357eca9df35a279191e4bec6e6d3a1bb1c,car-01853,excel,car,Peugeot,,,206,Gen 1,1.9 D,Peugeot 206 1.9 D,1998-2003–,assets/vehicles/peugeot/car-01853/,assets/vehicles/_quick/car-01853-1.webp,assets/vehicles/_quick/car-01853-2.webp,,,,content/articles/peugeot/car-01853.md,no
f87e9139eae27100462a292a2186335ccf03783a,car-01854,excel,car,Peugeot,,,206,Gen 1,2.0 HDi,Peugeot 206 2.0 HDi,2000-2006–,assets/vehicles/peugeot/car-01854/,assets/vehicles/_quick/car-01854-1.webp,assets/vehicles/_quick/car-01854-2.webp,,,,content/articles/peugeot/car-01854.md,no
82f6f89f31de88d8bf4fc336de728deb855e4b61,car-01855,excel,car,Peugeot,,,206,Gen 1,CC 2.0,Peugeot 206 CC 2.0,2000-2007–,assets/vehicles/peugeot/car-01855/,assets/vehicles/_quick/car-01855-1.webp,assets/vehicles/_quick/car-01855-2.webp,,,,content/articles/peugeot/car-01855.md,no
b6851fdd67285233a585548d5bfaf156d02b4050,car-01856,excel,car,Peugeot,,,206,Gen 1,Gti,Peugeot 206 Gti,1999-2005–,assets/vehicles/peugeot/car-01856/,assets/vehicles/_quick/car-01856-1.webp,assets/vehicles/_quick/car-01856-2.webp,,,,content/articles/peugeot/car-01856.md,no
eb60d695569a87c1392ff800541ed6851a90e93a,car-01857,excel,car,Peugeot,,,206,Gen 1,GTi,Peugeot 206 GTi,1999-1999–,assets/vehicles/peugeot/car-01857/,assets/vehicles/_quick/car-01857-1.webp,assets/vehicles/_quick/car-01857-2.webp,,,,content/articles/peugeot/car-01857.md,no
35beb06cf824dcbb6b78c82175e9e4749e99904a,car-01858,excel,car,Peugeot,,,206,Gen 1,RC,Peugeot 206 RC,2003-2006–,assets/vehicles/peugeot/car-01858/,assets/vehicles/_quick/car-01858-1.webp,assets/vehicles/_quick/car-01858-2.webp,,,,content/articles/peugeot/car-01858.md,no
01b75225e845125a7eb7960f6001fa7b169dd04a,car-01859,excel,car,Peugeot,,,206,Gen 1,SW Gti,Peugeot 206 SW Gti,2002-2005–,assets/vehicles/peugeot/car-01859/,assets/vehicles/_quick/car-01859-1.webp,assets/vehicles/_quick/car-01859-2.webp,,,,content/articles/peugeot/car-01859.md,no
6406bbdbef71c8a3740a2df2989b30ddf2a133a8,car-01860,excel,car,Peugeot,,,207,Gen 1,1.4 16v,Peugeot 207 1.4 16v,2006-2007–,assets/vehicles/peugeot/car-01860/,assets/vehicles/_quick/car-01860-1.webp,assets/vehicles/_quick/car-01860-2.webp,,,,content/articles/peugeot/car-01860.md,no
60260bfa1f16b86b47df8d2c3902158c1ae42277,car-01861,excel,car,Peugeot,,,207,Gen 1,1.4 VTI,Peugeot 207 1.4 VTI,2007-2012–,assets/vehicles/peugeot/car-01861/,assets/vehicles/_quick/car-01861-1.webp,assets/vehicles/_quick/car-01861-2.webp,,,,content/articles/peugeot/car-01861.md,no
5f35cd6d59b77b76dec9200bc92b565c15c6645e,car-01862,excel,car,Peugeot,,,207,Gen 1,1.6 16v,Peugeot 207 1.6 16v,2006-2007–,assets/vehicles/peugeot/car-01862/,assets/vehicles/_quick/car-01862-1.webp,assets/vehicles/_quick/car-01862-2.webp,,,,content/articles/peugeot/car-01862.md,no
f00f51b0a50aefc6f9b272d30d3b69c66d58c7f5,car-01863,excel,car,Peugeot,,,207,Gen 1,1.6 HDi,Peugeot 207 1.6 HDi,2009-2012–,assets/vehicles/peugeot/car-01863/,assets/vehicles/_quick/car-01863-1.webp,assets/vehicles/_quick/car-01863-2.webp,,,,content/articles/peugeot/car-01863.md,no
56c92ff9d916562b3ad1e6167625bf6d4276da4d,car-01864,excel,car,Peugeot,,,207,Gen 1,1.6 HDi,Peugeot 207 1.6 HDi,2006-2009–,assets/vehicles/peugeot/car-01864/,assets/vehicles/_quick/car-01864-1.webp,assets/vehicles/_quick/car-01864-2.webp,,,,content/articles/peugeot/car-01864.md,no
5f5e135ab44a8dad9ab6ef626d66771037d6c6bf,car-01865,excel,car,Peugeot,,,207,Gen 1,1.6 HDi,Peugeot 207 1.6 HDi,2007-2009–,assets/vehicles/peugeot/car-01865/,assets/vehicles/_quick/car-01865-1.webp,assets/vehicles/_quick/car-01865-2.webp,,,,content/articles/peugeot/car-01865.md,no
5cc16b69397c35763fa842b15bc2c842f0e65dc1,car-01866,excel,car,Peugeot,,,207,Gen 1,1.6 THP,Peugeot 207 1.6 THP,2006-2009–,assets/vehicles/peugeot/car-01866/,assets/vehicles/_quick/car-01866-1.webp,assets/vehicles/_quick/car-01866-2.webp,,,,content/articles/peugeot/car-01866.md,no
14f63aaba0aac81fed9e8282b1d5bf574ee80912,car-01867,excel,car,Peugeot,,,207,Gen 1,1.6 VTI,Peugeot 207 1.6 VTI,2008-2012–,assets/vehicles/peugeot/car-01867/,assets/vehicles/_quick/car-01867-1.webp,assets/vehicles/_quick/car-01867-2.webp,,,,content/articles/peugeot/car-01867.md,no
3522e8003ec4407e90eee90bd202a0ba0767e1d2,car-01868,excel,car,Peugeot,,,207,Gen 1,RC,Peugeot 207 RC,2007–2010,assets/vehicles/peugeot/car-01868/,assets/vehicles/_quick/car-01868-1.webp,assets/vehicles/_quick/car-01868-2.webp,,,,content/articles/peugeot/car-01868.md,no
b1b63675f902e4ff71a0dcc95fb9972e262b24c3,car-01869,excel,car,Peugeot,,,207,Gen 1,SW RC,Peugeot 207 SW RC,2007–2010,assets/vehicles/peugeot/car-01869/,assets/vehicles/_quick/car-01869-1.webp,assets/vehicles/_quick/car-01869-2.webp,,,,content/articles/peugeot/car-01869.md,no
0084eed6938af65d2c38f3094cca120194a6b523,car-01870,excel,car,Peugeot,,,306,Gen 1,1.8,Peugeot 306 1.8,1993-1997–,assets/vehicles/peugeot/car-01870/,assets/vehicles/_quick/car-01870-1.webp,assets/vehicles/_quick/car-01870-2.webp,,,,content/articles/peugeot/car-01870.md,no
d22c2552d9892d978a178ac05b94e6206f3b6968,car-01871,excel,car,Peugeot,,,306,Gen 1,1.8 XS,Peugeot 306 1.8 XS,1997-2002–,assets/vehicles/peugeot/car-01871/,assets/vehicles/_quick/car-01871-1.webp,assets/vehicles/_quick/car-01871-2.webp,,,,content/articles/peugeot/car-01871.md,no
f042f17817d3ce7b5f07341a2bcfea0710b8ac77,car-01872,excel,car,Peugeot,,,306,Gen 1,1.9 dt,Peugeot 306 1.9 dt,1993-1999–,assets/vehicles/peugeot/car-01872/,assets/vehicles/_quick/car-01872-1.webp,assets/vehicles/_quick/car-01872-2.webp,,,,content/articles/peugeot/car-01872.md,no
c7ec0f36011ef12822b61f4fa7eab61517687368,car-01873,excel,car,Peugeot,,,306,Gen 1,2.0 16v,Peugeot 306 2.0 16v,1997-2001–,assets/vehicles/peugeot/car-01873/,assets/vehicles/_quick/car-01873-1.webp,assets/vehicles/_quick/car-01873-2.webp,,,,content/articles/peugeot/car-01873.md,no
319aa9790949eda4ff6fcf4e4b563633b939593b,car-01874,excel,car,Peugeot,,,306,Gen 1,2.0 16v,Peugeot 306 2.0 16v,2001-2002–,assets/vehicles/peugeot/car-01874/,assets/vehicles/_quick/car-01874-1.webp,assets/vehicles/_quick/car-01874-2.webp,,,,content/articles/peugeot/car-01874.md,no
abda0672261bc98ed0ec5d5b413d67a1de93d7ed,car-01875,excel,car,Peugeot,,,306,Gen 1,2.0 HDi,Peugeot 306 2.0 HDi,1999-2002–,assets/vehicles/peugeot/car-01875/,assets/vehicles/_quick/car-01875-1.webp,assets/vehicles/_quick/car-01875-2.webp,,,,content/articles/peugeot/car-01875.md,no
0e80ede0bb6c7b1d624938e824817cc7c30874e0,car-01876,excel,car,Peugeot,,,306,Gen 1,S16,Peugeot 306 S16,1993-1996–,assets/vehicles/peugeot/car-01876/,assets/vehicles/_quick/car-01876-1.webp,assets/vehicles/_quick/car-01876-2.webp,,,,content/articles/peugeot/car-01876.md,no
6ba057eba4fcb7cf4b9f2c4f2e1e7ccccf1bbbd5,car-01877,excel,car,Peugeot,,,306,Gen 1,S16 Gti,Peugeot 306 S16 Gti,1996-2001–,assets/vehicles/peugeot/car-01877/,assets/vehicles/_quick/car-01877-1.webp,assets/vehicles/_quick/car-01877-2.webp,,,,content/articles/peugeot/car-01877.md,no
e9120d2f395e118d94d5b3dcac4cb0aa355a6f40,car-01878,excel,car,Peugeot,,,306,Gen 1,S16 Rallye,Peugeot 306 S16 Rallye,1997-2001–,assets/vehicles/peugeot/car-01878/,assets/vehicles/_quick/car-01878-1.webp,assets/vehicles/_quick/car-01878-2.webp,,,,content/articles/peugeot/car-01878.md,no
7c9c973a70f7b8962176d5e9eec3ccc9771b4a77,car-01879,excel,car,Peugeot,,,306,Gen 1,XSi,Peugeot 306 XSi,1993-1997–,assets/vehicles/peugeot/car-01879/,assets/vehicles/_quick/car-01879-1.webp,assets/vehicles/_quick/car-01879-2.webp,,,,content/articles/peugeot/car-01879.md,no
079ed0e5a2130da5bef51196f1233ec37f69709e,car-01880,excel,car,Peugeot,,,306,Gen 1,XSi 16v,Peugeot 306 XSi 16v,1997-2000–,assets/vehicles/peugeot/car-01880/,assets/vehicles/_quick/car-01880-1.webp,assets/vehicles/_quick/car-01880-2.webp,,,,content/articles/peugeot/car-01880.md,no
a0becc8bf203e3e78de5356c2045dbc3bc24512d,car-01881,excel,car,Peugeot,,,308,II,1.2 Puretech,Peugeot 308 1.2 Puretech,2014-2021–,assets/vehicles/peugeot/car-01881/,assets/vehicles/_quick/car-01881-1.webp,assets/vehicles/_quick/car-01881-2.webp,,,,content/articles/peugeot/car-01881.md,no
b29cf6efa38e6b2e9cc170bdfd49e8ac0c2a58ad,car-01882,excel,car,Peugeot,,,308,II,1.2 Puretech EAT6,Peugeot 308 1.2 Puretech EAT6,2014-2018–,assets/vehicles/peugeot/car-01882/,assets/vehicles/_quick/car-01882-1.webp,assets/vehicles/_quick/car-01882-2.webp,,,,content/articles/peugeot/car-01882.md,no
859a35ef8d9efd0fc899c3496733347f61a6de38,car-01883,excel,car,Peugeot,,,308,II,1.2 Puretech EAT8,Peugeot 308 1.2 Puretech EAT8,2018-2021–,assets/vehicles/peugeot/car-01883/,assets/vehicles/_quick/car-01883-1.webp,assets/vehicles/_quick/car-01883-2.webp,,,,content/articles/peugeot/car-01883.md,no
70b327294cf629166b572b926c2a008d89518744,car-01884,excel,car,Peugeot,,,308,II,1.6 THP 125 Access,Peugeot 308 1.6 THP 125 Access,2013–2014,assets/vehicles/peugeot/car-01884/,assets/vehicles/_quick/car-01884-1.webp,assets/vehicles/_quick/car-01884-2.webp,,,,content/articles/peugeot/car-01884.md,no
2423bc1b2c2f28bb3e99a0c95e5bed936b96cd98,car-01885,excel,car,Peugeot,,,308,II,1.6 THP 125 Allure,Peugeot 308 1.6 THP 125 Allure,2013–2014,assets/vehicles/peugeot/car-01885/,assets/vehicles/_quick/car-01885-1.webp,assets/vehicles/_quick/car-01885-2.webp,,,,content/articles/peugeot/car-01885.md,no
70917a60444f1b08d6d2568f8caea22024e4c685,car-01886,excel,car,Peugeot,,,308,II,1.6 THP 155 Allure,Peugeot 308 1.6 THP 155 Allure,2013–2015,assets/vehicles/peugeot/car-01886/,assets/vehicles/_quick/car-01886-1.webp,assets/vehicles/_quick/car-01886-2.webp,,,,content/articles/peugeot/car-01886.md,no
48c0391a92d0bed8d4baf754956e5854ccbcd9a2,car-01887,excel,car,Peugeot,,,308,II,2.0 BlueHDI,Peugeot 308 2.0 BlueHDI,2014-2018–,assets/vehicles/peugeot/car-01887/,assets/vehicles/_quick/car-01887-1.webp,assets/vehicles/_quick/car-01887-2.webp,,,,content/articles/peugeot/car-01887.md,no
8adf501859faa9c817d9d39625f80924ed508e88,car-01888,excel,car,Peugeot,,,308,II,2.0 BlueHDI EAT6,Peugeot 308 2.0 BlueHDI EAT6,2014-2018–,assets/vehicles/peugeot/car-01888/,assets/vehicles/_quick/car-01888-1.webp,assets/vehicles/_quick/car-01888-2.webp,,,,content/articles/peugeot/car-01888.md,no
828c9c8bc28d579d0e3cc9aa77ecb3b41324d927,car-01889,excel,car,Peugeot,,,308,II,GT 1.6 THP 205 S&S,Peugeot 308 GT 1.6 THP 205 S&S,2015–2017,assets/vehicles/peugeot/car-01889/,assets/vehicles/_quick/car-01889-1.webp,assets/vehicles/_quick/car-01889-2.webp,,,,content/articles/peugeot/car-01889.md,no
83ac30baed271462dbe1e49d5232f2c7979797ec,car-01890,excel,car,Peugeot,,,308,II,GT 2.0 BlueHDi EAT6,Peugeot 308 GT 2.0 BlueHDi EAT6,2015–2017,assets/vehicles/peugeot/car-01890/,assets/vehicles/_quick/car-01890-1.webp,assets/vehicles/_quick/car-01890-2.webp,,,,content/articles/peugeot/car-01890.md,no
38df99e0c244c9843a394f8344087350d8145f6e,car-01891,excel,car,Peugeot,,,308,II,GT 2.0 BlueHDi EAT8,Peugeot 308 GT 2.0 BlueHDi EAT8,2017–2020,assets/vehicles/peugeot/car-01891/,assets/vehicles/_quick/car-01891-1.webp,assets/vehicles/_quick/car-01891-2.webp,,,,content/articles/peugeot/car-01891.md,no
7da5f1dc26772631b66aa1ac1b3a18258a55b786,car-01892,excel,car,Peugeot,,,308,II,GT EAT8,Peugeot 308 GT EAT8,2017-2019–,assets/vehicles/peugeot/car-01892/,assets/vehicles/_quick/car-01892-1.webp,assets/vehicles/_quick/car-01892-2.webp,,,,content/articles/peugeot/car-01892.md,no
e165ff92a572a909dc3b5957d87a72e3a1405504,car-01893,excel,car,Peugeot,,,308,II,GTI,Peugeot 308 GTI,2015-2018–,assets/vehicles/peugeot/car-01893/,assets/vehicles/_quick/car-01893-1.webp,assets/vehicles/_quick/car-01893-2.webp,,,,content/articles/peugeot/car-01893.md,no
e30ad9f5cc4151d9776fe1bc00a4ff2541e30bd6,car-01894,excel,car,Peugeot,,,405,Gen 1,Mi16,Peugeot 405 Mi16,1987-1992–,assets/vehicles/peugeot/car-01894/,assets/vehicles/_quick/car-01894-1.webp,assets/vehicles/_quick/car-01894-2.webp,,,,content/articles/peugeot/car-01894.md,no
5daa2f42d6f0d56aacbde4073530b1ef39334339,car-01895,excel,car,Porsche,,,911,901,2.0,Porsche 911 2.0,1964-1968–,assets/vehicles/porsche/car-01895/,assets/vehicles/_quick/car-01895-1.webp,assets/vehicles/_quick/car-01895-2.webp,,,,content/articles/porsche/car-01895.md,no
5c3f9eb6e86e7ca051f68a1dd1d2fae3fbfc91a4,car-01896,excel,car,Porsche,,,911,901,2.0 L Sportomatic,Porsche 911 2.0 L Sportomatic,1967-1968–,assets/vehicles/porsche/car-01896/,assets/vehicles/_quick/car-01896-1.webp,assets/vehicles/_quick/car-01896-2.webp,,,,content/articles/porsche/car-01896.md,no
a1111c7a19c575de43c66f243ab65c3929e7eabc,car-01897,excel,car,Porsche,,,911,901,Carrera RS 2.7,Porsche 911 Carrera RS 2.7,1972-1973–,assets/vehicles/porsche/car-01897/,assets/vehicles/_quick/car-01897-1.webp,assets/vehicles/_quick/car-01897-2.webp,,,,content/articles/porsche/car-01897.md,no
5b148747276ffaeddc081cfd7be1a147b7dc9b03,car-01898,excel,car,Porsche,,,911,901,E 2.0 Sportomatic,Porsche 911 E 2.0 Sportomatic,1968-1969–,assets/vehicles/porsche/car-01898/,assets/vehicles/_quick/car-01898-1.webp,assets/vehicles/_quick/car-01898-2.webp,,,,content/articles/porsche/car-01898.md,no
573c9c5ba5ff95afd57e407e3e3be05e80c4911a,car-01899,excel,car,Porsche,,,911,901,E 2.0 Targa,Porsche 911 E 2.0 Targa,1968-1969–,assets/vehicles/porsche/car-01899/,assets/vehicles/_quick/car-01899-1.webp,assets/vehicles/_quick/car-01899-2.webp,,,,content/articles/porsche/car-01899.md,no
312885f1815cb7b4c2b79270d5422f260db72a3f,car-01900,excel,car,Porsche,,,911,901,E 2.2 Sportomatic,Porsche 911 E 2.2 Sportomatic,1969-1971–,assets/vehicles/porsche/car-01900/,assets/vehicles/_quick/car-01900-1.webp,assets/vehicles/_quick/car-01900-2.webp,,,,content/articles/porsche/car-01900.md,no
d3f5c20f164ab5ceb20ec9309e7572bed18909fe,car-01901,excel,car,Porsche,,,911,901,E 2.4 Sportomatic,Porsche 911 E 2.4 Sportomatic,1971-1972–,assets/vehicles/porsche/car-01901/,assets/vehicles/_quick/car-01901-1.webp,assets/vehicles/_quick/car-01901-2.webp,,,,content/articles/porsche/car-01901.md,no
b981ec3a45506c4009c9a54f4ca91084662a4487,car-01902,excel,car,Porsche,,,911,901,E 2.4 Targa,Porsche 911 E 2.4 Targa,1971-1972–,assets/vehicles/porsche/car-01902/,assets/vehicles/_quick/car-01902-1.webp,assets/vehicles/_quick/car-01902-2.webp,,,,content/articles/porsche/car-01902.md,no
ea97f2d26be8dc7c6bf223f6fc332008351e3697,car-01903,excel,car,Porsche,,,911,901,R,Porsche 911 R,1967-1968–,assets/vehicles/porsche/car-01903/,assets/vehicles/_quick/car-01903-1.webp,assets/vehicles/_quick/car-01903-2.webp,,,,content/articles/porsche/car-01903.md,no
1a146b229cccde6bdc5e9b40ee229b52d10122cf,car-01904,excel,car,Porsche,,,911,901,S 2.0,Porsche 911 S 2.0,1969-1969–,assets/vehicles/porsche/car-01904/,assets/vehicles/_quick/car-01904-1.webp,assets/vehicles/_quick/car-01904-2.webp,,,,content/articles/porsche/car-01904.md,no
289cb0e35cb11a89f10bd27f3e5315883113eaf7,car-01905,excel,car,Porsche,,,911,901,S 2.0,Porsche 911 S 2.0,1966-1968–,assets/vehicles/porsche/car-01905/,assets/vehicles/_quick/car-01905-1.webp,assets/vehicles/_quick/car-01905-2.webp,,,,content/articles/porsche/car-01905.md,no
6dd0d73e4ef9597dacdceff6db2ec99d415671f0,car-01906,excel,car,Porsche,,,911,901,S 2.2,Porsche 911 S 2.2,1969-1971–,assets/vehicles/porsche/car-01906/,assets/vehicles/_quick/car-01906-1.webp,assets/vehicles/_quick/car-01906-2.webp,,,,content/articles/porsche/car-01906.md,no
9ca6ad5878afe4ca7b6c28df9231b5f29be41504,car-01907,excel,car,Porsche,,,911,901,S 2.4,Porsche 911 S 2.4,1971-1973–,assets/vehicles/porsche/car-01907/,assets/vehicles/_quick/car-01907-1.webp,assets/vehicles/_quick/car-01907-2.webp,,,,content/articles/porsche/car-01907.md,no
01e8645f6e415673aa7f0b08b521672d1c99e5a2,car-01908,excel,car,Porsche,,,911,901,T 2.0,Porsche 911 T 2.0,1967-1969–,assets/vehicles/porsche/car-01908/,assets/vehicles/_quick/car-01908-1.webp,assets/vehicles/_quick/car-01908-2.webp,,,,content/articles/porsche/car-01908.md,no
3331f5ff27446decb41065e11e495378479db61b,car-01909,excel,car,Porsche,,,911,901,T 2.2,Porsche 911 T 2.2,1969-1971–,assets/vehicles/porsche/car-01909/,assets/vehicles/_quick/car-01909-1.webp,assets/vehicles/_quick/car-01909-2.webp,,,,content/articles/porsche/car-01909.md,no
961f84f1d020e92ce2acdfb0b5fcfe99059613c8,car-01910,excel,car,Porsche,,,911,901,T 2.4,Porsche 911 T 2.4,1971-1972–,assets/vehicles/porsche/car-01910/,assets/vehicles/_quick/car-01910-1.webp,assets/vehicles/_quick/car-01910-2.webp,,,,content/articles/porsche/car-01910.md,no
d0adf5fc0ec2c4e9b8cbd65448dcb3971aebb70c,car-01911,excel,car,Porsche,,,911,901B,2.7,Porsche 911 2.7,1975-1977–,assets/vehicles/porsche/car-01911/,assets/vehicles/_quick/car-01911-1.webp,assets/vehicles/_quick/car-01911-2.webp,,,,content/articles/porsche/car-01911.md,no
010a294ae128874dd284c45b8ca4b187858bda84,car-01912,excel,car,Porsche,,,911,901B,2.7,Porsche 911 2.7,1973-1975–,assets/vehicles/porsche/car-01912/,assets/vehicles/_quick/car-01912-1.webp,assets/vehicles/_quick/car-01912-2.webp,,,,content/articles/porsche/car-01912.md,no
8d52d1bbbf567e240a162a97286f4c272ae11e92,car-01913,excel,car,Porsche,,,911,901B,Cabriolet,Porsche 911 Cabriolet,1983-1988–,assets/vehicles/porsche/car-01913/,assets/vehicles/_quick/car-01913-1.webp,assets/vehicles/_quick/car-01913-2.webp,,,,content/articles/porsche/car-01913.md,no
4ea4568b26078f6aad2c5da68165625f9354aa87,car-01914,excel,car,Porsche,,,911,901B,Carrera,Porsche 911 Carrera,1984-1986–,assets/vehicles/porsche/car-01914/,assets/vehicles/_quick/car-01914-1.webp,assets/vehicles/_quick/car-01914-2.webp,,,,content/articles/porsche/car-01914.md,no
305fc9270fe1d096323f51cc384e1e7149e33770,car-01915,excel,car,Porsche,,,911,901B,Carrera,Porsche 911 Carrera,1975-1977–,assets/vehicles/porsche/car-01915/,assets/vehicles/_quick/car-01915-1.webp,assets/vehicles/_quick/car-01915-2.webp,,,,content/articles/porsche/car-01915.md,no
33966a7150b241f118e8a5e829946bd2331bae1b,car-01916,excel,car,Porsche,,,911,901B,Carrera,Porsche 911 Carrera,1974-1976–,assets/vehicles/porsche/car-01916/,assets/vehicles/_quick/car-01916-1.webp,assets/vehicles/_quick/car-01916-2.webp,,,,content/articles/porsche/car-01916.md,no
0606ec8f4927ade89f7e50790cd8702d3a5759da,car-01917,excel,car,Porsche,,,911,901B,Carrera,Porsche 911 Carrera,1987-1989–,assets/vehicles/porsche/car-01917/,assets/vehicles/_quick/car-01917-1.webp,assets/vehicles/_quick/car-01917-2.webp,,,,content/articles/porsche/car-01917.md,no
fdbbf50d2c672610cff48f4c7ebb3fff3f7b6e2f,car-01918,excel,car,Porsche,,,911,901B,Carrera,Porsche 911 Carrera,1983-1989–,assets/vehicles/porsche/car-01918/,assets/vehicles/_quick/car-01918-1.webp,assets/vehicles/_quick/car-01918-2.webp,,,,content/articles/porsche/car-01918.md,no
8e767b81d1bbd9055b7968a0414ea6666b62406d,car-01919,excel,car,Porsche,,,911,901B,Carrera 3.2 Turbo Look,Porsche 911 Carrera 3.2 Turbo Look,1984-1989–,assets/vehicles/porsche/car-01919/,assets/vehicles/_quick/car-01919-1.webp,assets/vehicles/_quick/car-01919-2.webp,,,,content/articles/porsche/car-01919.md,no
38203b2ef1ebd5027a3714df26f063b2be0fc8d0,car-01920,excel,car,Porsche,,,911,901B,Carrera CS,Porsche 911 Carrera CS,1987-1989–,assets/vehicles/porsche/car-01920/,assets/vehicles/_quick/car-01920-1.webp,assets/vehicles/_quick/car-01920-2.webp,,,,content/articles/porsche/car-01920.md,no
c792eed7182a79c50d7d7f56c634c5daeeac2a7d,car-01921,excel,car,Porsche,,,911,901B,Carrera RS 3.0,Porsche 911 Carrera RS 3.0,1973-1974–,assets/vehicles/porsche/car-01921/,assets/vehicles/_quick/car-01921-1.webp,assets/vehicles/_quick/car-01921-2.webp,,,,content/articles/porsche/car-01921.md,no
05824f7164da1f1f5df5b1c3c89f99bc410b0cfe,car-01922,excel,car,Porsche,,,911,901B,S 2.7,Porsche 911 S 2.7,1973-1975–,assets/vehicles/porsche/car-01922/,assets/vehicles/_quick/car-01922-1.webp,assets/vehicles/_quick/car-01922-2.webp,,,,content/articles/porsche/car-01922.md,no
fdf6d174d2930de59d0abcde00e6e9da2b35048c,car-01923,excel,car,Porsche,,,911,901B,S 2.7 Targa Sportomatic,Porsche 911 S 2.7 Targa Sportomatic,1973-1975–,assets/vehicles/porsche/car-01923/,assets/vehicles/_quick/car-01923-1.webp,assets/vehicles/_quick/car-01923-2.webp,,,,content/articles/porsche/car-01923.md,no
73f4b4e5b37ce8606acf096d2028df9d3b7cbfb2,car-01924,excel,car,Porsche,,,911,901B,SC,Porsche 911 SC,1977-1981–,assets/vehicles/porsche/car-01924/,assets/vehicles/_quick/car-01924-1.webp,assets/vehicles/_quick/car-01924-2.webp,,,,content/articles/porsche/car-01924.md,no
762ffd72d5d40b1b46d1246e45d1397650099d16,car-01925,excel,car,Porsche,,,911,901B,SC,Porsche 911 SC,1981-1983–,assets/vehicles/porsche/car-01925/,assets/vehicles/_quick/car-01925-1.webp,assets/vehicles/_quick/car-01925-2.webp,,,,content/articles/porsche/car-01925.md,no
f8ab7a008f671d54238723da7c06d6b83ea741e8,car-01926,excel,car,Porsche,,,911,901B,SC,Porsche 911 SC,1979-1981–,assets/vehicles/porsche/car-01926/,assets/vehicles/_quick/car-01926-1.webp,assets/vehicles/_quick/car-01926-2.webp,,,,content/articles/porsche/car-01926.md,no
01e0b529ac11ac962620b13b584aef6e176aa9d7,car-01927,excel,car,Porsche,,,911,901B,SC Cabriolet,Porsche 911 SC Cabriolet,1982-1983–,assets/vehicles/porsche/car-01927/,assets/vehicles/_quick/car-01927-1.webp,assets/vehicles/_quick/car-01927-2.webp,,,,content/articles/porsche/car-01927.md,no
5d893e053dc26f128edcd38f01aeadfa866f3550,car-01928,excel,car,Porsche,,,911,901B,SC Ruf,Porsche 911 SC Ruf,1978-1983–,assets/vehicles/porsche/car-01928/,assets/vehicles/_quick/car-01928-1.webp,assets/vehicles/_quick/car-01928-2.webp,,,,content/articles/porsche/car-01928.md,no
4fe011a38fb7d11a8ea64b4fd51555d07f101fba,car-01929,excel,car,Porsche,,,911,901B,SC Targa,Porsche 911 SC Targa,1977-1979–,assets/vehicles/porsche/car-01929/,assets/vehicles/_quick/car-01929-1.webp,assets/vehicles/_quick/car-01929-2.webp,,,,content/articles/porsche/car-01929.md,no
b1973e5dd39077e0629a21793b4103807892cef0,car-01930,excel,car,Porsche,,,911,901B,SC/RS 3.0,Porsche 911 SC/RS 3.0,1983-1984–,assets/vehicles/porsche/car-01930/,assets/vehicles/_quick/car-01930-1.webp,assets/vehicles/_quick/car-01930-2.webp,,,,content/articles/porsche/car-01930.md,no
79a3e2589d75360ffa8ff78e670648a65e5a2f7f,car-01931,excel,car,Porsche,,,911,901B,Targa,Porsche 911 Targa,1973-1974–,assets/vehicles/porsche/car-01931/,assets/vehicles/_quick/car-01931-1.webp,assets/vehicles/_quick/car-01931-2.webp,,,,content/articles/porsche/car-01931.md,no
bf35aeb7272aa4a815151f35a0dcc9fcc50eefb9,car-01932,excel,car,Porsche,,,911,930,Turbo,Porsche 911 Turbo,1977-1989–,assets/vehicles/porsche/car-01932/,assets/vehicles/_quick/car-01932-1.webp,assets/vehicles/_quick/car-01932-2.webp,,,,content/articles/porsche/car-01932.md,no
bf0715d047bcf9873a14ec27d2cbd1acb48369c8,car-01933,excel,car,Porsche,,,911,930,Turbo,Porsche 911 Turbo,1975-1977–,assets/vehicles/porsche/car-01933/,assets/vehicles/_quick/car-01933-1.webp,assets/vehicles/_quick/car-01933-2.webp,,,,content/articles/porsche/car-01933.md,no
d9eb03f27b0678dbde6f8d27c69792259261583a,car-01934,excel,car,Porsche,,,911,930,Turbo Cab,Porsche 911 Turbo Cab,1987-1989–,assets/vehicles/porsche/car-01934/,assets/vehicles/_quick/car-01934-1.webp,assets/vehicles/_quick/car-01934-2.webp,,,,content/articles/porsche/car-01934.md,no
6d5e02c3fe292552be8f1c2ce5667189d15eeb23,car-01935,excel,car,Porsche,,,911,930,Turbo Gemballa Cyrrus,Porsche 911 Turbo Gemballa Cyrrus,1988-1989–,assets/vehicles/porsche/car-01935/,assets/vehicles/_quick/car-01935-1.webp,assets/vehicles/_quick/car-01935-2.webp,,,,content/articles/porsche/car-01935.md,no
45b94736e552f3302aedba254c90175820620ced,car-01936,excel,car,Porsche,,,911,964,Cabriolet,Porsche 911 Cabriolet,1990-1994–,assets/vehicles/porsche/car-01936/,assets/vehicles/_quick/car-01936-1.webp,assets/vehicles/_quick/car-01936-2.webp,,,,content/articles/porsche/car-01936.md,no
d52e87ed9251ac64b80d21d11e520c58e1e185de,car-01937,excel,car,Porsche,,,911,964,Carrera,Porsche 911 Carrera,1989-1994–,assets/vehicles/porsche/car-01937/,assets/vehicles/_quick/car-01937-1.webp,assets/vehicles/_quick/car-01937-2.webp,,,,content/articles/porsche/car-01937.md,no
e5cf1c0bf1b794ddec45670d3e7044b116692201,car-01938,excel,car,Porsche,,,911,964,Carrera 4,Porsche 911 Carrera 4,1989-1993–,assets/vehicles/porsche/car-01938/,assets/vehicles/_quick/car-01938-1.webp,assets/vehicles/_quick/car-01938-2.webp,,,,content/articles/porsche/car-01938.md,no
223bfcd5c30814bd81077d211af01b8f2ed96078,car-01939,excel,car,Porsche,,,911,964,Carrera 4 Cab,Porsche 911 Carrera 4 Cab,1989-1993–,assets/vehicles/porsche/car-01939/,assets/vehicles/_quick/car-01939-1.webp,assets/vehicles/_quick/car-01939-2.webp,,,,content/articles/porsche/car-01939.md,no
fb6f5f54cef95e75f0132864455de7c1bfc1b67c,car-01940,excel,car,Porsche,,,911,964,Carrera 4S,Porsche 911 Carrera 4S,1993-1994–,assets/vehicles/porsche/car-01940/,assets/vehicles/_quick/car-01940-1.webp,assets/vehicles/_quick/car-01940-2.webp,,,,content/articles/porsche/car-01940.md,no
7f562d85f0317dc3ebc679537f46c5245b9dc14c,car-01941,excel,car,Porsche,,,911,964,Carrera RS,Porsche 911 Carrera RS,1994-1994–,assets/vehicles/porsche/car-01941/,assets/vehicles/_quick/car-01941-1.webp,assets/vehicles/_quick/car-01941-2.webp,,,,content/articles/porsche/car-01941.md,no
cf807cc62df45a3d026ae0809d696b57d779dde2,car-01942,excel,car,Porsche,,,911,964,Carrera RS,Porsche 911 Carrera RS,1991-1994–,assets/vehicles/porsche/car-01942/,assets/vehicles/_quick/car-01942-1.webp,assets/vehicles/_quick/car-01942-2.webp,,,,content/articles/porsche/car-01942.md,no
9988c0c5892065255c3e55eb6a5ef7c5758f0fd1,car-01943,excel,car,Porsche,,,911,964,Carrera RS America,Porsche 911 Carrera RS America,1992-1993–,assets/vehicles/porsche/car-01943/,assets/vehicles/_quick/car-01943-1.webp,assets/vehicles/_quick/car-01943-2.webp,,,,content/articles/porsche/car-01943.md,no
30347f0bdbd3e5870038ae546825a2a630d6ac73,car-01944,excel,car,Porsche,,,911,964,Carrera Speedster,Porsche 911 Carrera Speedster,1993-1994–,assets/vehicles/porsche/car-01944/,assets/vehicles/_quick/car-01944-1.webp,assets/vehicles/_quick/car-01944-2.webp,,,,content/articles/porsche/car-01944.md,no
c6c08fde426b022db0c81181990ca42d744682ac,car-01945,excel,car,Porsche,,,911,964,Turbo,Porsche 911 Turbo,1991-1992–,assets/vehicles/porsche/car-01945/,assets/vehicles/_quick/car-01945-1.webp,assets/vehicles/_quick/car-01945-2.webp,,,,content/articles/porsche/car-01945.md,no
47724b884820b7b4b3dd53d1dc71137fca7c9e90,car-01946,excel,car,Porsche,,,911,964,Turbo,Porsche 911 Turbo,1990-1993–,assets/vehicles/porsche/car-01946/,assets/vehicles/_quick/car-01946-1.webp,assets/vehicles/_quick/car-01946-2.webp,,,,content/articles/porsche/car-01946.md,no
2d46418df072ea240f58fa239e910028cb1fcf59,car-01947,excel,car,Porsche,,,911,964,Turbo S,Porsche 911 Turbo S,1992-1993–,assets/vehicles/porsche/car-01947/,assets/vehicles/_quick/car-01947-1.webp,assets/vehicles/_quick/car-01947-2.webp,,,,content/articles/porsche/car-01947.md,no
6d0aa2678f3dbaef44b961746eea495e323307f2,car-01948,excel,car,Porsche,,,911,965,Turbo,Porsche 911 Turbo,1993-1994–,assets/vehicles/porsche/car-01948/,assets/vehicles/_quick/car-01948-1.webp,assets/vehicles/_quick/car-01948-2.webp,,,,content/articles/porsche/car-01948.md,no
680da51fc9d96c32b67fc56c493eee126ec2d16a,car-01949,excel,car,Porsche,,,911,991.1,Cabriolet,Porsche 911 Cabriolet,2011-2015–,assets/vehicles/porsche/car-01949/,assets/vehicles/_quick/car-01949-1.webp,assets/vehicles/_quick/car-01949-2.webp,,,,content/articles/porsche/car-01949.md,no
730864b65a9c06b40734ae219d866be3302e4e72,car-01950,excel,car,Porsche,,,911,991.1,Cabriolet PDK,Porsche 911 Cabriolet PDK,2011-2015–,assets/vehicles/porsche/car-01950/,assets/vehicles/_quick/car-01950-1.webp,assets/vehicles/_quick/car-01950-2.webp,,,,content/articles/porsche/car-01950.md,no
be6d80bca30b97c3de2449200366ef7b07f8b388,car-01951,excel,car,Porsche,,,911,991.1,Carrera,Porsche 911 Carrera,2011-2015–,assets/vehicles/porsche/car-01951/,assets/vehicles/_quick/car-01951-1.webp,assets/vehicles/_quick/car-01951-2.webp,,,,content/articles/porsche/car-01951.md,no
1c925ff29d1b7bef89cc37fea2c1512d5f0586da,car-01952,excel,car,Porsche,,,911,991.1,Carrera 4 GTS Cab PDK,Porsche 911 Carrera 4 GTS Cab PDK,2014-2015–,assets/vehicles/porsche/car-01952/,assets/vehicles/_quick/car-01952-1.webp,assets/vehicles/_quick/car-01952-2.webp,,,,content/articles/porsche/car-01952.md,no
6bd75b395fa085b2e95b930bf5c4a0ac5d9a86e1,car-01953,excel,car,Porsche,,,911,991.1,Carrera 4 GTS PDK,Porsche 911 Carrera 4 GTS PDK,2014-2015–,assets/vehicles/porsche/car-01953/,assets/vehicles/_quick/car-01953-1.webp,assets/vehicles/_quick/car-01953-2.webp,,,,content/articles/porsche/car-01953.md,no
93c318e77e19298eb6d021d98e663b566fd6f3a5,car-01954,excel,car,Porsche,,,911,991.1,Carrera 4S,Porsche 911 Carrera 4S,2012-2015–,assets/vehicles/porsche/car-01954/,assets/vehicles/_quick/car-01954-1.webp,assets/vehicles/_quick/car-01954-2.webp,,,,content/articles/porsche/car-01954.md,no
1ae6282d1ec377ecc5b5b484cb4a96085b2be782,car-01955,excel,car,Porsche,,,911,991.1,Carrera 4S PDK,Porsche 911 Carrera 4S PDK,2012-2015–,assets/vehicles/porsche/car-01955/,assets/vehicles/_quick/car-01955-1.webp,assets/vehicles/_quick/car-01955-2.webp,,,,content/articles/porsche/car-01955.md,no
6698538958804568356196ad6907a6fee643afb7,car-01956,excel,car,Porsche,,,911,991.1,Carrera GTS,Porsche 911 Carrera GTS,2014-2015–,assets/vehicles/porsche/car-01956/,assets/vehicles/_quick/car-01956-1.webp,assets/vehicles/_quick/car-01956-2.webp,,,,content/articles/porsche/car-01956.md,no
7bfa1f314bf89e4b790736f21a81e0be69bfdc42,car-01957,excel,car,Porsche,,,911,991.1,Carrera GTS PDK,Porsche 911 Carrera GTS PDK,2014-2015–,assets/vehicles/porsche/car-01957/,assets/vehicles/_quick/car-01957-1.webp,assets/vehicles/_quick/car-01957-2.webp,,,,content/articles/porsche/car-01957.md,no
42a65437d5ef77e0931fd69370c95fcd8a33517a,car-01958,excel,car,Porsche,,,911,991.1,Carrera PDK,Porsche 911 Carrera PDK,2011-2015–,assets/vehicles/porsche/car-01958/,assets/vehicles/_quick/car-01958-1.webp,assets/vehicles/_quick/car-01958-2.webp,,,,content/articles/porsche/car-01958.md,no
c3cf59f8878a2fa0155f7948c9c89867984fd979,car-01959,excel,car,Porsche,,,911,991.1,Carrera S,Porsche 911 Carrera S,2012-2015–,assets/vehicles/porsche/car-01959/,assets/vehicles/_quick/car-01959-1.webp,assets/vehicles/_quick/car-01959-2.webp,,,,content/articles/porsche/car-01959.md,no
9958176085b533224d8e61cf1d25c84ab1fbbf95,car-01960,excel,car,Porsche,,,911,991.1,Carrera S,Porsche 911 Carrera S,2011-2015–,assets/vehicles/porsche/car-01960/,assets/vehicles/_quick/car-01960-1.webp,assets/vehicles/_quick/car-01960-2.webp,,,,content/articles/porsche/car-01960.md,no
aeca75b6c2fcaa208745c0d8475f18ea577cdab8,car-01961,excel,car,Porsche,,,911,991.1,Carrera S Cab,Porsche 911 Carrera S Cab,2011-2015–,assets/vehicles/porsche/car-01961/,assets/vehicles/_quick/car-01961-1.webp,assets/vehicles/_quick/car-01961-2.webp,,,,content/articles/porsche/car-01961.md,no
b331ccecea89d780d62c734e47417f9ce05a5e79,car-01962,excel,car,Porsche,,,911,991.1,Carrera S Cab PDK,Porsche 911 Carrera S Cab PDK,2011-2015–,assets/vehicles/porsche/car-01962/,assets/vehicles/_quick/car-01962-1.webp,assets/vehicles/_quick/car-01962-2.webp,,,,content/articles/porsche/car-01962.md,no
6c513ed80e0c7a108ef14fbf2e589ded68b46370,car-01963,excel,car,Porsche,,,911,991.1,Carrera S PDK,Porsche 911 Carrera S PDK,2011-2015–,assets/vehicles/porsche/car-01963/,assets/vehicles/_quick/car-01963-1.webp,assets/vehicles/_quick/car-01963-2.webp,,,,content/articles/porsche/car-01963.md,no
ab9a7bf0ed53265b33e1791ad1c8e4d37d5f82e5,car-01964,excel,car,Porsche,,,911,991.1,GT3,Porsche 911 GT3,2013-2016–,assets/vehicles/porsche/car-01964/,assets/vehicles/_quick/car-01964-1.webp,assets/vehicles/_quick/car-01964-2.webp,,,,content/articles/porsche/car-01964.md,no
518984acc9fcf717d6d004e19f7efb8fd44e749c,car-01965,excel,car,Porsche,,,911,991.1,GT3 RS,Porsche 911 GT3 RS,2015-2015–,assets/vehicles/porsche/car-01965/,assets/vehicles/_quick/car-01965-1.webp,assets/vehicles/_quick/car-01965-2.webp,,,,content/articles/porsche/car-01965.md,no
df096d92cd8d04c31d7059991754fa95621b87ba,car-01966,excel,car,Porsche,,,911,991.1,R,Porsche 911 R,2016-2016–,assets/vehicles/porsche/car-01966/,assets/vehicles/_quick/car-01966-1.webp,assets/vehicles/_quick/car-01966-2.webp,,,,content/articles/porsche/car-01966.md,no
f82cdb180d036e5b445f6ce6a4f5ada589d128cf,car-01967,excel,car,Porsche,,,911,991.1,Targa 4 GTS PDK,Porsche 911 Targa 4 GTS PDK,2014-2015–,assets/vehicles/porsche/car-01967/,assets/vehicles/_quick/car-01967-1.webp,assets/vehicles/_quick/car-01967-2.webp,,,,content/articles/porsche/car-01967.md,no
60de0feec5627dced7fd943b8eb5fa6441acf20d,car-01968,excel,car,Porsche,,,911,991.1,Targa 4S PDK,Porsche 911 Targa 4S PDK,2014-2015–,assets/vehicles/porsche/car-01968/,assets/vehicles/_quick/car-01968-1.webp,assets/vehicles/_quick/car-01968-2.webp,,,,content/articles/porsche/car-01968.md,no
9bd47bdcd1fe149658d4617ca06d0ae555d08d98,car-01969,excel,car,Porsche,,,911,991.1,Turbo Cab PDK,Porsche 911 Turbo Cab PDK,2013-2015–,assets/vehicles/porsche/car-01969/,assets/vehicles/_quick/car-01969-1.webp,assets/vehicles/_quick/car-01969-2.webp,,,,content/articles/porsche/car-01969.md,no
7f16183d352302f4bbe5c5072199ed9d8a24a915,car-01970,excel,car,Porsche,,,911,991.1,Turbo PDK,Porsche 911 Turbo PDK,2013-2015–,assets/vehicles/porsche/car-01970/,assets/vehicles/_quick/car-01970-1.webp,assets/vehicles/_quick/car-01970-2.webp,,,,content/articles/porsche/car-01970.md,no
2d07e105d171a816557ba360b37891987230e19f,car-01971,excel,car,Porsche,,,911,991.1,Turbo S Cab,Porsche 911 Turbo S Cab,2013-2015–,assets/vehicles/porsche/car-01971/,assets/vehicles/_quick/car-01971-1.webp,assets/vehicles/_quick/car-01971-2.webp,,,,content/articles/porsche/car-01971.md,no
17434e455b8adf980c79bc3086e7f7b48efa6594,car-01972,excel,car,Porsche,,,911,991.1,Turbo S PDK,Porsche 911 Turbo S PDK,2013-2015–,assets/vehicles/porsche/car-01972/,assets/vehicles/_quick/car-01972-1.webp,assets/vehicles/_quick/car-01972-2.webp,,,,content/articles/porsche/car-01972.md,no
5f4bc3b8d54426c9761cd943b3a91917fd95d83d,car-01973,excel,car,Porsche,,,911,991.2,Cabriolet PDK,Porsche 911 Cabriolet PDK,2016-2018–,assets/vehicles/porsche/car-01973/,assets/vehicles/_quick/car-01973-1.webp,assets/vehicles/_quick/car-01973-2.webp,,,,content/articles/porsche/car-01973.md,no
87665bd740d7f98e78526916936ba40de1f30487,car-01974,excel,car,Porsche,,,911,991.2,Carrera,Porsche 911 Carrera,2016-2018–,assets/vehicles/porsche/car-01974/,assets/vehicles/_quick/car-01974-1.webp,assets/vehicles/_quick/car-01974-2.webp,,,,content/articles/porsche/car-01974.md,no
46ce58f0a619ab273b2ca7cd56aada470950b6dc,car-01975,excel,car,Porsche,,,911,991.2,Carrera 4 Cab PDK,Porsche 911 Carrera 4 Cab PDK,2016-2018–,assets/vehicles/porsche/car-01975/,assets/vehicles/_quick/car-01975-1.webp,assets/vehicles/_quick/car-01975-2.webp,,,,content/articles/porsche/car-01975.md,no
2123c3d95e060cfe1853c3e207c99c83b8032d18,car-01976,excel,car,Porsche,,,911,991.2,Carrera 4 GTS Cab PDK,Porsche 911 Carrera 4 GTS Cab PDK,2017-2018–,assets/vehicles/porsche/car-01976/,assets/vehicles/_quick/car-01976-1.webp,assets/vehicles/_quick/car-01976-2.webp,,,,content/articles/porsche/car-01976.md,no
bd44fbeba4248506cb1e4f23c9189e0723d46308,car-01977,excel,car,Porsche,,,911,991.2,Carrera 4 GTS PDK,Porsche 911 Carrera 4 GTS PDK,2017-2018–,assets/vehicles/porsche/car-01977/,assets/vehicles/_quick/car-01977-1.webp,assets/vehicles/_quick/car-01977-2.webp,,,,content/articles/porsche/car-01977.md,no
fa380adcd2d0aa14521441f0d2b1b1102f6ed113,car-01978,excel,car,Porsche,,,911,991.2,Carrera 4S Cab PDK,Porsche 911 Carrera 4S Cab PDK,2018-–,assets/vehicles/porsche/car-01978/,assets/vehicles/_quick/car-01978-1.webp,assets/vehicles/_quick/car-01978-2.webp,,,,content/articles/porsche/car-01978.md,no
1396199484f29f03f33ad31669f8780c5aae117c,car-01979,excel,car,Porsche,,,911,991.2,Carrera 4S Cab PDK,Porsche 911 Carrera 4S Cab PDK,2016-2018–,assets/vehicles/porsche/car-01979/,assets/vehicles/_quick/car-01979-1.webp,assets/vehicles/_quick/car-01979-2.webp,,,,content/articles/porsche/car-01979.md,no
5232d12222d15582c8b6bac738de5aca9a3af2b9,car-01980,excel,car,Porsche,,,911,991.2,Carrera 4S PDK,Porsche 911 Carrera 4S PDK,2016-2018–,assets/vehicles/porsche/car-01980/,assets/vehicles/_quick/car-01980-1.webp,assets/vehicles/_quick/car-01980-2.webp,,,,content/articles/porsche/car-01980.md,no
a44213b3f9d244176255afe2892fb98ecc05d532,car-01981,excel,car,Porsche,,,911,991.2,Carrera GTS,Porsche 911 Carrera GTS,2017-2018–,assets/vehicles/porsche/car-01981/,assets/vehicles/_quick/car-01981-1.webp,assets/vehicles/_quick/car-01981-2.webp,,,,content/articles/porsche/car-01981.md,no
fb88892d8b63f2f2a1070e46ad48fbccb679d88e,car-01982,excel,car,Porsche,,,911,991.2,Carrera GTS Cab,Porsche 911 Carrera GTS Cab,2017-2018–,assets/vehicles/porsche/car-01982/,assets/vehicles/_quick/car-01982-1.webp,assets/vehicles/_quick/car-01982-2.webp,,,,content/articles/porsche/car-01982.md,no
b4d7bcfc537a44d66e43f3a3f6de6b98ed2e8efb,car-01983,excel,car,Porsche,,,911,991.2,Carrera GTS Cab PDK,Porsche 911 Carrera GTS Cab PDK,2017-2018–,assets/vehicles/porsche/car-01983/,assets/vehicles/_quick/car-01983-1.webp,assets/vehicles/_quick/car-01983-2.webp,,,,content/articles/porsche/car-01983.md,no
59cfb93b02357194d375f69a50e5ba51d0c470c7,car-01984,excel,car,Porsche,,,911,991.2,Carrera GTS PDK,Porsche 911 Carrera GTS PDK,2017-2018–,assets/vehicles/porsche/car-01984/,assets/vehicles/_quick/car-01984-1.webp,assets/vehicles/_quick/car-01984-2.webp,,,,content/articles/porsche/car-01984.md,no
0e5708e75a10dcdae54a7843ab0edbd499b1b616,car-01985,excel,car,Porsche,,,911,991.2,Carrera PDK,Porsche 911 Carrera PDK,2016-2018–,assets/vehicles/porsche/car-01985/,assets/vehicles/_quick/car-01985-1.webp,assets/vehicles/_quick/car-01985-2.webp,,,,content/articles/porsche/car-01985.md,no
3ee03cf0c3d7a64cb39cc0c21b413c65bef1c452,car-01986,excel,car,Porsche,,,911,991.2,Carrera S,Porsche 911 Carrera S,2015-2018–,assets/vehicles/porsche/car-01986/,assets/vehicles/_quick/car-01986-1.webp,assets/vehicles/_quick/car-01986-2.webp,,,,content/articles/porsche/car-01986.md,no
a047df1761eb196cf36807c5a65a29d7074a8a21,car-01987,excel,car,Porsche,,,911,991.2,Carrera S Cab PDK,Porsche 911 Carrera S Cab PDK,2015-2018–,assets/vehicles/porsche/car-01987/,assets/vehicles/_quick/car-01987-1.webp,assets/vehicles/_quick/car-01987-2.webp,,,,content/articles/porsche/car-01987.md,no
0a18a244040eaf9e90ddcc983e991bd9d82601c7,car-01988,excel,car,Porsche,,,911,991.2,Carrera S PDK,Porsche 911 Carrera S PDK,2015-2018–,assets/vehicles/porsche/car-01988/,assets/vehicles/_quick/car-01988-1.webp,assets/vehicles/_quick/car-01988-2.webp,,,,content/articles/porsche/car-01988.md,no
9f4d646a1c23f25ad6319948e685fa2ac0558423,car-01989,excel,car,Porsche,,,911,991.2,Carrera T,Porsche 911 Carrera T,2017-2018–,assets/vehicles/porsche/car-01989/,assets/vehicles/_quick/car-01989-1.webp,assets/vehicles/_quick/car-01989-2.webp,,,,content/articles/porsche/car-01989.md,no
510d272075712e5b0836f753242507a7680e8a32,car-01990,excel,car,Porsche,,,911,991.2,Carrera T PDK,Porsche 911 Carrera T PDK,2017-2018–,assets/vehicles/porsche/car-01990/,assets/vehicles/_quick/car-01990-1.webp,assets/vehicles/_quick/car-01990-2.webp,,,,content/articles/porsche/car-01990.md,no
5c2e0c030d898f54df81e1965fd21bf814f790d5,car-01991,excel,car,Porsche,,,911,991.2,GT2 RS,Porsche 911 GT2 RS,2017-2018–,assets/vehicles/porsche/car-01991/,assets/vehicles/_quick/car-01991-1.webp,assets/vehicles/_quick/car-01991-2.webp,,,,content/articles/porsche/car-01991.md,no
edc9353319ef3762226ea675614cb0a2ab44fdf2,car-01992,excel,car,Porsche,,,911,991.2,GT3,Porsche 911 GT3,2017-2018–,assets/vehicles/porsche/car-01992/,assets/vehicles/_quick/car-01992-1.webp,assets/vehicles/_quick/car-01992-2.webp,,,,content/articles/porsche/car-01992.md,no
79e63d29e6de8ffc9535bdeadfa113b089abfafc,car-01993,excel,car,Porsche,,,911,991.2,GT3 PDK,Porsche 911 GT3 PDK,2017-2018–,assets/vehicles/porsche/car-01993/,assets/vehicles/_quick/car-01993-1.webp,assets/vehicles/_quick/car-01993-2.webp,,,,content/articles/porsche/car-01993.md,no
c3542eafced9e56036952f023396de7bdfce3585,car-01994,excel,car,Porsche,,,911,991.2,GT3 RS,Porsche 911 GT3 RS,2018-2020–,assets/vehicles/porsche/car-01994/,assets/vehicles/_quick/car-01994-1.webp,assets/vehicles/_quick/car-01994-2.webp,,,,content/articles/porsche/car-01994.md,no
3883112de6045f2ea1f525c7c2109cebc3920be6,car-01995,excel,car,Porsche,,,911,991.2,Speedster,Porsche 911 Speedster,2019-2020–,assets/vehicles/porsche/car-01995/,assets/vehicles/_quick/car-01995-1.webp,assets/vehicles/_quick/car-01995-2.webp,,,,content/articles/porsche/car-01995.md,no
058e21a7f77b314b829d5be1750c2c1eace430f3,car-01996,excel,car,Porsche,,,911,991.2,Targa 4 GTS PDK,Porsche 911 Targa 4 GTS PDK,2016-2018–,assets/vehicles/porsche/car-01996/,assets/vehicles/_quick/car-01996-1.webp,assets/vehicles/_quick/car-01996-2.webp,,,,content/articles/porsche/car-01996.md,no
88e36ec391874ec13df54b95af10e34e51fa1150,car-01997,excel,car,Porsche,,,911,991.2,Targa 4S PDK,Porsche 911 Targa 4S PDK,2016-2018–,assets/vehicles/porsche/car-01997/,assets/vehicles/_quick/car-01997-1.webp,assets/vehicles/_quick/car-01997-2.webp,,,,content/articles/porsche/car-01997.md,no
a8205208b3b12269db408facd3b7ed1517697cf9,car-01998,excel,car,Porsche,,,911,991.2,Turbo Cab PDK,Porsche 911 Turbo Cab PDK,2016-2018–,assets/vehicles/porsche/car-01998/,assets/vehicles/_quick/car-01998-1.webp,assets/vehicles/_quick/car-01998-2.webp,,,,content/articles/porsche/car-01998.md,no
df599c1d48baef88b1017cecc950f748cc2b5935,car-01999,excel,car,Porsche,,,911,991.2,Turbo PDK,Porsche 911 Turbo PDK,2016-2018–,assets/vehicles/porsche/car-01999/,assets/vehicles/_quick/car-01999-1.webp,assets/vehicles/_quick/car-01999-2.webp,,,,content/articles/porsche/car-01999.md,no
4a6f59fc3cce64d0593270db1b953ec971c237d9,car-02000,excel,car,Porsche,,,911,991.2,Turbo S Cab PDK,Porsche 911 Turbo S Cab PDK,2016-2018–,assets/vehicles/porsche/car-02000/,assets/vehicles/_quick/car-02000-1.webp,assets/vehicles/_quick/car-02000-2.webp,,,,content/articles/porsche/car-02000.md,no
7d87ae657d2ffe4ff0f7ab9c63dcc2e800d1dedd,car-02001,excel,car,Porsche,,,911,991.2,Turbo S Exclusive,Porsche 911 Turbo S Exclusive,2017-2017–,assets/vehicles/porsche/car-02001/,assets/vehicles/_quick/car-02001-1.webp,assets/vehicles/_quick/car-02001-2.webp,,,,content/articles/porsche/car-02001.md,no
6dbb7cafa99ddb670903e1c2423f5f6724240afc,car-02002,excel,car,Porsche,,,911,991.2,Turbo S PDK,Porsche 911 Turbo S PDK,2016-2018–,assets/vehicles/porsche/car-02002/,assets/vehicles/_quick/car-02002-1.webp,assets/vehicles/_quick/car-02002-2.webp,,,,content/articles/porsche/car-02002.md,no
7356751144afb399522f78b8c3254ca33cf9238c,car-02003,excel,car,Porsche,,,911,992,Carrera 4 GTS Cab,Porsche 911 Carrera 4 GTS Cab,2021-–,assets/vehicles/porsche/car-02003/,assets/vehicles/_quick/car-02003-1.webp,assets/vehicles/_quick/car-02003-2.webp,,,,content/articles/porsche/car-02003.md,no
ad4de87c0cf8e840d658f9aaf91fe3a84b5587d0,car-02004,excel,car,Porsche,,,911,992,Carrera 4 GTS Cab PDK,Porsche 911 Carrera 4 GTS Cab PDK,2021-–,assets/vehicles/porsche/car-02004/,assets/vehicles/_quick/car-02004-1.webp,assets/vehicles/_quick/car-02004-2.webp,,,,content/articles/porsche/car-02004.md,no
42f3193c6cd03cd0d8d05f66bb5e0a39d4b65565,car-02005,excel,car,Porsche,,,911,992,Carrera 4 GTS PDK,Porsche 911 Carrera 4 GTS PDK,2021-–,assets/vehicles/porsche/car-02005/,assets/vehicles/_quick/car-02005-1.webp,assets/vehicles/_quick/car-02005-2.webp,,,,content/articles/porsche/car-02005.md,no
309f80cf10f0d50b0e898eeb4f4d51d05bbc1492,car-02006,excel,car,Porsche,,,911,992,Carrera 4 PDK,Porsche 911 Carrera 4 PDK,2019-–,assets/vehicles/porsche/car-02006/,assets/vehicles/_quick/car-02006-1.webp,assets/vehicles/_quick/car-02006-2.webp,,,,content/articles/porsche/car-02006.md,no
fa847b5c729e9eff0ce8aab905a25ceb524ac7c7,car-02007,excel,car,Porsche,,,911,992,Carrera 4S PDK,Porsche 911 Carrera 4S PDK,2018-–,assets/vehicles/porsche/car-02007/,assets/vehicles/_quick/car-02007-1.webp,assets/vehicles/_quick/car-02007-2.webp,,,,content/articles/porsche/car-02007.md,no
ef4c8c9a05c54b30794654c4ea6a307d0ff0b7da,car-02008,excel,car,Porsche,,,911,992,Carrera GTS,Porsche 911 Carrera GTS,2021-–,assets/vehicles/porsche/car-02008/,assets/vehicles/_quick/car-02008-1.webp,assets/vehicles/_quick/car-02008-2.webp,,,,content/articles/porsche/car-02008.md,no
83e4ddf0069489b8a6194d6831a5ca2d401ef55b,car-02009,excel,car,Porsche,,,911,992,Carrera GTS PDK,Porsche 911 Carrera GTS PDK,2021-–,assets/vehicles/porsche/car-02009/,assets/vehicles/_quick/car-02009-1.webp,assets/vehicles/_quick/car-02009-2.webp,,,,content/articles/porsche/car-02009.md,no
a139589e625cbc03120bb59bd9edee2275b59def,car-02010,excel,car,Porsche,,,911,992,Carrera PDK,Porsche 911 Carrera PDK,2019-–,assets/vehicles/porsche/car-02010/,assets/vehicles/_quick/car-02010-1.webp,assets/vehicles/_quick/car-02010-2.webp,,,,content/articles/porsche/car-02010.md,no
d7e9a50cf8a739c3afa234db82635a3ee5bf7536,car-02011,excel,car,Porsche,,,911,992,Carrera S,Porsche 911 Carrera S,2018-–,assets/vehicles/porsche/car-02011/,assets/vehicles/_quick/car-02011-1.webp,assets/vehicles/_quick/car-02011-2.webp,,,,content/articles/porsche/car-02011.md,no
330b24f1278c5e19406047f362a37161abe79b7c,car-02012,excel,car,Porsche,,,911,992,Carrera S Cab PDK,Porsche 911 Carrera S Cab PDK,2018-–,assets/vehicles/porsche/car-02012/,assets/vehicles/_quick/car-02012-1.webp,assets/vehicles/_quick/car-02012-2.webp,,,,content/articles/porsche/car-02012.md,no
d7e334e9c3f4a3c733290922443b6bc8e845d302,car-02013,excel,car,Porsche,,,911,992,Carrera S PDK,Porsche 911 Carrera S PDK,2018-–,assets/vehicles/porsche/car-02013/,assets/vehicles/_quick/car-02013-1.webp,assets/vehicles/_quick/car-02013-2.webp,,,,content/articles/porsche/car-02013.md,no
eb4f21c37bd586bfbdfaa0d4c11177785d4da937,car-02014,excel,car,Porsche,,,911,992,Carrera T,Porsche 911 Carrera T,2023-–,assets/vehicles/porsche/car-02014/,assets/vehicles/_quick/car-02014-1.webp,assets/vehicles/_quick/car-02014-2.webp,,,,content/articles/porsche/car-02014.md,no
d56e668299ca6e797ea17675e4c1bf807e8a27e0,car-02015,excel,car,Porsche,,,911,992,Carrera T PDK,Porsche 911 Carrera T PDK,2023-–,assets/vehicles/porsche/car-02015/,assets/vehicles/_quick/car-02015-1.webp,assets/vehicles/_quick/car-02015-2.webp,,,,content/articles/porsche/car-02015.md,no
b976d3f7139fac60ada4f6721d0c731ff3793238,car-02016,excel,car,Porsche,,,911,992,Dakar,Porsche 911 Dakar,2023-–,assets/vehicles/porsche/car-02016/,assets/vehicles/_quick/car-02016-1.webp,assets/vehicles/_quick/car-02016-2.webp,,,,content/articles/porsche/car-02016.md,no
897bfa9ba1acbe7b2c646c2dede496bdd0467c92,car-02017,excel,car,Porsche,,,911,992,GT3,Porsche 911 GT3,2021-–,assets/vehicles/porsche/car-02017/,assets/vehicles/_quick/car-02017-1.webp,assets/vehicles/_quick/car-02017-2.webp,quick,assets/vehicles/_quick/car-02017-1.webp,assets/vehicles/_quick/car-02017-2.webp,content/articles/porsche/car-02017.md,no
22f85d4d80fb1bc129788f4fc1486b91b176866b,car-02018,excel,car,Porsche,,,911,992,GT3 PDK,Porsche 911 GT3 PDK,2021-–,assets/vehicles/porsche/car-02018/,assets/vehicles/_quick/car-02018-1.webp,assets/vehicles/_quick/car-02018-2.webp,,,,content/articles/porsche/car-02018.md,no
e5a365bb424dad6ea8d978879fdf6aee2710ed42,car-02019,excel,car,Porsche,,,911,992,GT3 RS,Porsche 911 GT3 RS,2023-–,assets/vehicles/porsche/car-02019/,assets/vehicles/_quick/car-02019-1.webp,assets/vehicles/_quick/car-02019-2.webp,,,,content/articles/porsche/car-02019.md,no
438ddeac1cc5a6c5faa19986c140a8e839939479,car-02020,excel,car,Porsche,,,911,992,S/T,Porsche 911 S/T,2023-–,assets/vehicles/porsche/car-02020/,assets/vehicles/_quick/car-02020-1.webp,assets/vehicles/_quick/car-02020-2.webp,,,,content/articles/porsche/car-02020.md,no
62d5f488e11cef62f587438ba95757017486f15b,car-02021,excel,car,Porsche,,,911,992,Sport Classic,Porsche 911 Sport Classic,2022-2022–,assets/vehicles/porsche/car-02021/,assets/vehicles/_quick/car-02021-1.webp,assets/vehicles/_quick/car-02021-2.webp,,,,content/articles/porsche/car-02021.md,no
ad9f445d5a8e8fa0a75d00696178c9e36238b627,car-02022,excel,car,Porsche,,,911,992,Targa 4,Porsche 911 Targa 4,2020-–,assets/vehicles/porsche/car-02022/,assets/vehicles/_quick/car-02022-1.webp,assets/vehicles/_quick/car-02022-2.webp,,,,content/articles/porsche/car-02022.md,no
2c047275361c86a8e7edc20a48bc35fab68c242c,car-02023,excel,car,Porsche,,,911,992,Targa 4 GTS PDK,Porsche 911 Targa 4 GTS PDK,2022-–,assets/vehicles/porsche/car-02023/,assets/vehicles/_quick/car-02023-1.webp,assets/vehicles/_quick/car-02023-2.webp,,,,content/articles/porsche/car-02023.md,no
46a26f60026b5def78543643c38b812312ae487a,car-02024,excel,car,Porsche,,,911,992,Targa 4S,Porsche 911 Targa 4S,2020-–,assets/vehicles/porsche/car-02024/,assets/vehicles/_quick/car-02024-1.webp,assets/vehicles/_quick/car-02024-2.webp,,,,content/articles/porsche/car-02024.md,no
a3af363d33495ae94e4f4a4fa43dcf9bd31366f2,car-02025,excel,car,Porsche,,,911,992,Targa 4S PDK,Porsche 911 Targa 4S PDK,2020-–,assets/vehicles/porsche/car-02025/,assets/vehicles/_quick/car-02025-1.webp,assets/vehicles/_quick/car-02025-2.webp,,,,content/articles/porsche/car-02025.md,no
4c21a89a5bf02ffc1dcd698b2135a7b6e8cc6206,car-02026,excel,car,Porsche,,,911,992,Turbo Cab PDK,Porsche 911 Turbo Cab PDK,2020-–,assets/vehicles/porsche/car-02026/,assets/vehicles/_quick/car-02026-1.webp,assets/vehicles/_quick/car-02026-2.webp,,,,content/articles/porsche/car-02026.md,no
5239bfea3d6ab17c091b96e0127be837cc5115e0,car-02027,excel,car,Porsche,,,911,992,Turbo PDK,Porsche 911 Turbo PDK,2020-–,assets/vehicles/porsche/car-02027/,assets/vehicles/_quick/car-02027-1.webp,assets/vehicles/_quick/car-02027-2.webp,,,,content/articles/porsche/car-02027.md,no
09f4992bf850ce8e8a28f23183fce0a24bb00458,car-02028,excel,car,Porsche,,,911,992,Turbo S Cab PDK,Porsche 911 Turbo S Cab PDK,2020-–,assets/vehicles/porsche/car-02028/,assets/vehicles/_quick/car-02028-1.webp,assets/vehicles/_quick/car-02028-2.webp,,,,content/articles/porsche/car-02028.md,no
141103304ac032e48b07f2ec1402831b8360bcc9,car-02029,excel,car,Porsche,,,911,992,Turbo S Lightweight PDK,Porsche 911 Turbo S Lightweight PDK,2022-–,assets/vehicles/porsche/car-02029/,assets/vehicles/_quick/car-02029-1.webp,assets/vehicles/_quick/car-02029-2.webp,,,,content/articles/porsche/car-02029.md,no
46350f1b020218e7a6c38e385bc47a9240a149ed,car-02030,excel,car,Porsche,,,911,992,Turbo S PDK,Porsche 911 Turbo S PDK,2020-–,assets/vehicles/porsche/car-02030/,assets/vehicles/_quick/car-02030-1.webp,assets/vehicles/_quick/car-02030-2.webp,,,,content/articles/porsche/car-02030.md,no
46350f1b020218e7a6c38e385bc47a9240a149ed,car-02031,excel,car,Porsche,,,911,992,Turbo S PDK,Porsche 911 Turbo S PDK,2020-–,assets/vehicles/porsche/car-02031/,assets/vehicles/_quick/car-02031-1.webp,assets/vehicles/_quick/car-02031-2.webp,,,,content/articles/porsche/car-02031.md,no
8999fb4843616a06c4699709230f00b6ec4c904e,car-02032,excel,car,Porsche,,,911,993,Cabriolet,Porsche 911 Cabriolet,1994-1995–,assets/vehicles/porsche/car-02032/,assets/vehicles/_quick/car-02032-1.webp,assets/vehicles/_quick/car-02032-2.webp,,,,content/articles/porsche/car-02032.md,no
352daf65ac65288dfa9b86b7ec21619f0ea96049,car-02033,excel,car,Porsche,,,911,993,Cabriolet,Porsche 911 Cabriolet,1995-1998–,assets/vehicles/porsche/car-02033/,assets/vehicles/_quick/car-02033-1.webp,assets/vehicles/_quick/car-02033-2.webp,,,,content/articles/porsche/car-02033.md,no
b85623a460ce86542a33d56b2ac4434a247aabd0,car-02034,excel,car,Porsche,,,911,993,Cabriolet Tiptronic,Porsche 911 Cabriolet Tiptronic,1994-1995–,assets/vehicles/porsche/car-02034/,assets/vehicles/_quick/car-02034-1.webp,assets/vehicles/_quick/car-02034-2.webp,,,,content/articles/porsche/car-02034.md,no
e3f6ba5754aa1f91e8cd5f02605a90d9c6d0d326,car-02035,excel,car,Porsche,,,911,993,Carrera,Porsche 911 Carrera,1995-1998–,assets/vehicles/porsche/car-02035/,assets/vehicles/_quick/car-02035-1.webp,assets/vehicles/_quick/car-02035-2.webp,,,,content/articles/porsche/car-02035.md,no
a9b98c8dde939dd360769052c96c9b061d64ce1f,car-02036,excel,car,Porsche,,,911,993,Carrera,Porsche 911 Carrera,1993-1995–,assets/vehicles/porsche/car-02036/,assets/vehicles/_quick/car-02036-1.webp,assets/vehicles/_quick/car-02036-2.webp,,,,content/articles/porsche/car-02036.md,no
4a3fb763ad49a2860c1062b77411ced697621f3a,car-02037,excel,car,Porsche,,,911,993,Carrera 4,Porsche 911 Carrera 4,1993-1995–,assets/vehicles/porsche/car-02037/,assets/vehicles/_quick/car-02037-1.webp,assets/vehicles/_quick/car-02037-2.webp,,,,content/articles/porsche/car-02037.md,no
97dd3b439510217455cac33e70ae525a4a10a068,car-02038,excel,car,Porsche,,,911,993,Carrera 4 Cab,Porsche 911 Carrera 4 Cab,1995-1998–,assets/vehicles/porsche/car-02038/,assets/vehicles/_quick/car-02038-1.webp,assets/vehicles/_quick/car-02038-2.webp,,,,content/articles/porsche/car-02038.md,no
f02e76cc368c4fd528aac2b4d7b43a7ad7ca7b63,car-02039,excel,car,Porsche,,,911,993,Carrera 4 Cab,Porsche 911 Carrera 4 Cab,1994-1995–,assets/vehicles/porsche/car-02039/,assets/vehicles/_quick/car-02039-1.webp,assets/vehicles/_quick/car-02039-2.webp,,,,content/articles/porsche/car-02039.md,no
644f02ef57d2b137d231eb81f973c87150b1f0ca,car-02040,excel,car,Porsche,,,911,993,Carrera 4S,Porsche 911 Carrera 4S,1995-1998–,assets/vehicles/porsche/car-02040/,assets/vehicles/_quick/car-02040-1.webp,assets/vehicles/_quick/car-02040-2.webp,,,,content/articles/porsche/car-02040.md,no
617b5efbfffc483f95f16b3c4c58c57c18b9045c,car-02041,excel,car,Porsche,,,911,993,Carrera RS,Porsche 911 Carrera RS,1995-1995–,assets/vehicles/porsche/car-02041/,assets/vehicles/_quick/car-02041-1.webp,assets/vehicles/_quick/car-02041-2.webp,,,,content/articles/porsche/car-02041.md,no
73ee11181d8548cae9cfd40b64f1afa612ceaaed,car-02042,excel,car,Porsche,,,911,993,Carrera S,Porsche 911 Carrera S,1997-1998–,assets/vehicles/porsche/car-02042/,assets/vehicles/_quick/car-02042-1.webp,assets/vehicles/_quick/car-02042-2.webp,,,,content/articles/porsche/car-02042.md,no
d04a1abf9c986430d6ec3e6b8c0d16fc96ed7ce2,car-02043,excel,car,Porsche,,,911,993,Carrera S,Porsche 911 Carrera S,1996-1998–,assets/vehicles/porsche/car-02043/,assets/vehicles/_quick/car-02043-1.webp,assets/vehicles/_quick/car-02043-2.webp,,,,content/articles/porsche/car-02043.md,no
33b7e5b19f73f4a27259d992dbacd39ba29fe494,car-02044,excel,car,Porsche,,,911,993,GT1,Porsche 911 GT1,1997-1998–,assets/vehicles/porsche/car-02044/,assets/vehicles/_quick/car-02044-1.webp,assets/vehicles/_quick/car-02044-2.webp,,,,content/articles/porsche/car-02044.md,no
83ff8b4904982313fd975abf1336d2b6de4fea00,car-02045,excel,car,Porsche,,,911,993,GT2,Porsche 911 GT2,1996-1998–,assets/vehicles/porsche/car-02045/,assets/vehicles/_quick/car-02045-1.webp,assets/vehicles/_quick/car-02045-2.webp,,,,content/articles/porsche/car-02045.md,no
538689476734b793a6de85234a279ac996f9a3c0,car-02046,excel,car,Porsche,,,911,993,Targa,Porsche 911 Targa,1995-1998–,assets/vehicles/porsche/car-02046/,assets/vehicles/_quick/car-02046-1.webp,assets/vehicles/_quick/car-02046-2.webp,,,,content/articles/porsche/car-02046.md,no
cab65017093f87fff0770c280d55468610850351,car-02047,excel,car,Porsche,,,911,993,Turbo,Porsche 911 Turbo,1995-1998–,assets/vehicles/porsche/car-02047/,assets/vehicles/_quick/car-02047-1.webp,assets/vehicles/_quick/car-02047-2.webp,,,,content/articles/porsche/car-02047.md,no
d5a8c21851267473afad6a00db00a2c729c3969e,car-02048,excel,car,Porsche,,,911,993,Turbo,Porsche 911 Turbo,1996-1998–,assets/vehicles/porsche/car-02048/,assets/vehicles/_quick/car-02048-1.webp,assets/vehicles/_quick/car-02048-2.webp,,,,content/articles/porsche/car-02048.md,no
083deec0d2f22b12731d35b0c162bbd8082ce2c5,car-02049,excel,car,Porsche,,,911,993,Turbo S,Porsche 911 Turbo S,1997-1998–,assets/vehicles/porsche/car-02049/,assets/vehicles/_quick/car-02049-1.webp,assets/vehicles/_quick/car-02049-2.webp,,,,content/articles/porsche/car-02049.md,no
cddc823f8741391e3e68a65198b17473a57b8f9d,car-02050,excel,car,Porsche,,,911,996,Cabriolet,Porsche 911 Cabriolet,1998-2001–,assets/vehicles/porsche/car-02050/,assets/vehicles/_quick/car-02050-1.webp,assets/vehicles/_quick/car-02050-2.webp,,,,content/articles/porsche/car-02050.md,no
28fd671422828a60bcf4f63599bfbac6102403c3,car-02051,excel,car,Porsche,,,911,996,Cabriolet,Porsche 911 Cabriolet,2002-2004–,assets/vehicles/porsche/car-02051/,assets/vehicles/_quick/car-02051-1.webp,assets/vehicles/_quick/car-02051-2.webp,,,,content/articles/porsche/car-02051.md,no
67e3c4739aa1310f542771ea993e04f7c8cb7b6d,car-02052,excel,car,Porsche,,,911,996,Cabriolet Triptronic,Porsche 911 Cabriolet Triptronic,1998-2001–,assets/vehicles/porsche/car-02052/,assets/vehicles/_quick/car-02052-1.webp,assets/vehicles/_quick/car-02052-2.webp,,,,content/articles/porsche/car-02052.md,no
87b4e486a723e1d06e9ea131f5b0fbdf6e587a11,car-02053,excel,car,Porsche,,,911,996,Carrera,Porsche 911 Carrera,2001-2004–,assets/vehicles/porsche/car-02053/,assets/vehicles/_quick/car-02053-1.webp,assets/vehicles/_quick/car-02053-2.webp,,,,content/articles/porsche/car-02053.md,no
c1c5161ecee4a264ad694f139c4fe65835736eb7,car-02054,excel,car,Porsche,,,911,996,Carrera,Porsche 911 Carrera,1997-2001–,assets/vehicles/porsche/car-02054/,assets/vehicles/_quick/car-02054-1.webp,assets/vehicles/_quick/car-02054-2.webp,,,,content/articles/porsche/car-02054.md,no
4331faefb164b12d3f672afdfcbd5f8f7825fb1a,car-02055,excel,car,Porsche,,,911,996,Carrera 4,Porsche 911 Carrera 4,2001-2004–,assets/vehicles/porsche/car-02055/,assets/vehicles/_quick/car-02055-1.webp,assets/vehicles/_quick/car-02055-2.webp,,,,content/articles/porsche/car-02055.md,no
b1ad200efb8a8fd7b93db19ec7d2751c0c63f6d6,car-02056,excel,car,Porsche,,,911,996,Carrera 4,Porsche 911 Carrera 4,1998-2001–,assets/vehicles/porsche/car-02056/,assets/vehicles/_quick/car-02056-1.webp,assets/vehicles/_quick/car-02056-2.webp,,,,content/articles/porsche/car-02056.md,no
67f7a7d517f5f5f3cfc4cb6433d233d8c273ce3f,car-02057,excel,car,Porsche,,,911,996,Carrera 4 Cab Triptronic,Porsche 911 Carrera 4 Cab Triptronic,1998-2000–,assets/vehicles/porsche/car-02057/,assets/vehicles/_quick/car-02057-1.webp,assets/vehicles/_quick/car-02057-2.webp,,,,content/articles/porsche/car-02057.md,no
1a894098ed3dc9686ae30e2d30ee48c268300250,car-02058,excel,car,Porsche,,,911,996,Carrera 4 Triptronic,Porsche 911 Carrera 4 Triptronic,1998-2001–,assets/vehicles/porsche/car-02058/,assets/vehicles/_quick/car-02058-1.webp,assets/vehicles/_quick/car-02058-2.webp,,,,content/articles/porsche/car-02058.md,no
028603e13f28c3bf9e59232f4a382cc7abf7799c,car-02059,excel,car,Porsche,,,911,996,Carrera 4S,Porsche 911 Carrera 4S,2002-2004–,assets/vehicles/porsche/car-02059/,assets/vehicles/_quick/car-02059-1.webp,assets/vehicles/_quick/car-02059-2.webp,,,,content/articles/porsche/car-02059.md,no
26bf216f11e6595bc9747ce059b536238dfee513,car-02060,excel,car,Porsche,,,911,996,Carrera 4S Cab,Porsche 911 Carrera 4S Cab,2002-2004–,assets/vehicles/porsche/car-02060/,assets/vehicles/_quick/car-02060-1.webp,assets/vehicles/_quick/car-02060-2.webp,,,,content/articles/porsche/car-02060.md,no
4f37fbad2db623824cf1727045540ff35f482cc4,car-02061,excel,car,Porsche,,,911,996,Carrera Triptronic,Porsche 911 Carrera Triptronic,2001-2004–,assets/vehicles/porsche/car-02061/,assets/vehicles/_quick/car-02061-1.webp,assets/vehicles/_quick/car-02061-2.webp,,,,content/articles/porsche/car-02061.md,no
d5de48ed1202d23b44b2dc74e0102fb11502ee1c,car-02062,excel,car,Porsche,,,911,996,Carrera Triptronic,Porsche 911 Carrera Triptronic,1998-2001–,assets/vehicles/porsche/car-02062/,assets/vehicles/_quick/car-02062-1.webp,assets/vehicles/_quick/car-02062-2.webp,,,,content/articles/porsche/car-02062.md,no
30af7d19ddd095a7919aeae3a39e17ceb5d198d7,car-02063,excel,car,Porsche,,,911,996,Carrera X51,Porsche 911 Carrera X51,2002-2004–,assets/vehicles/porsche/car-02063/,assets/vehicles/_quick/car-02063-1.webp,assets/vehicles/_quick/car-02063-2.webp,,,,content/articles/porsche/car-02063.md,no
37c203083f86fc422fba3f01d7b30658de3ce9f0,car-02064,excel,car,Porsche,,,911,996,GT2,Porsche 911 GT2,2003-2004–,assets/vehicles/porsche/car-02064/,assets/vehicles/_quick/car-02064-1.webp,assets/vehicles/_quick/car-02064-2.webp,,,,content/articles/porsche/car-02064.md,no
6acde2fbf20cb5527c2287cdb8abaeccc5c2d262,car-02065,excel,car,Porsche,,,911,996,GT2,Porsche 911 GT2,2001-2003–,assets/vehicles/porsche/car-02065/,assets/vehicles/_quick/car-02065-1.webp,assets/vehicles/_quick/car-02065-2.webp,,,,content/articles/porsche/car-02065.md,no
d1ac4c61a81641f0115efde43aba7ed47dc8b573,car-02066,excel,car,Porsche,,,911,996,GT3,Porsche 911 GT3,2003-2004–,assets/vehicles/porsche/car-02066/,assets/vehicles/_quick/car-02066-1.webp,assets/vehicles/_quick/car-02066-2.webp,,,,content/articles/porsche/car-02066.md,no
4657a49d168bc03b189795fe3af779571f766bbd,car-02067,excel,car,Porsche,,,911,996,GT3,Porsche 911 GT3,1999-2001–,assets/vehicles/porsche/car-02067/,assets/vehicles/_quick/car-02067-1.webp,assets/vehicles/_quick/car-02067-2.webp,,,,content/articles/porsche/car-02067.md,no
d24fd2bba9c384cd70716828e04a2417426f48bb,car-02068,excel,car,Porsche,,,911,996,GT3 RS,Porsche 911 GT3 RS,2003-2004–,assets/vehicles/porsche/car-02068/,assets/vehicles/_quick/car-02068-1.webp,assets/vehicles/_quick/car-02068-2.webp,,,,content/articles/porsche/car-02068.md,no
0b45fde377fb9c8cf3b7d48e49fe23dc09134a02,car-02069,excel,car,Porsche,,,911,996,Ruf R,Porsche 911 Ruf R,2002-2004–,assets/vehicles/porsche/car-02069/,assets/vehicles/_quick/car-02069-1.webp,assets/vehicles/_quick/car-02069-2.webp,,,,content/articles/porsche/car-02069.md,no
f773901d49c1c62ee6de3e46f7261cc238404f5b,car-02070,excel,car,Porsche,,,911,996,Targa,Porsche 911 Targa,2002-2004–,assets/vehicles/porsche/car-02070/,assets/vehicles/_quick/car-02070-1.webp,assets/vehicles/_quick/car-02070-2.webp,,,,content/articles/porsche/car-02070.md,no
7ee855e65b1f3027f234ba0e880767687ae6812d,car-02071,excel,car,Porsche,,,911,996,Turbo,Porsche 911 Turbo,2000-2005–,assets/vehicles/porsche/car-02071/,assets/vehicles/_quick/car-02071-1.webp,assets/vehicles/_quick/car-02071-2.webp,,,,content/articles/porsche/car-02071.md,no
ed5c3d00c83963d9ff215222048a03d65ae8a016,car-02072,excel,car,Porsche,,,911,996,Turbo Cab,Porsche 911 Turbo Cab,200-2006–,assets/vehicles/porsche/car-02072/,assets/vehicles/_quick/car-02072-1.webp,assets/vehicles/_quick/car-02072-2.webp,,,,content/articles/porsche/car-02072.md,no
ca9e717b2fc0efe2c351cbecd6a29435588311fe,car-02073,excel,car,Porsche,,,911,996,Turbo S,Porsche 911 Turbo S,2002-2005–,assets/vehicles/porsche/car-02073/,assets/vehicles/_quick/car-02073-1.webp,assets/vehicles/_quick/car-02073-2.webp,,,,content/articles/porsche/car-02073.md,no
2c353661a67a1b88239f053900ac32dfde4b2cf1,car-02074,excel,car,Porsche,,,911,996,Turbo S Cab,Porsche 911 Turbo S Cab,2004-2005–,assets/vehicles/porsche/car-02074/,assets/vehicles/_quick/car-02074-1.webp,assets/vehicles/_quick/car-02074-2.webp,,,,content/articles/porsche/car-02074.md,no
4015cc12e96127f02630e8ed777e9044871f3538,car-02075,excel,car,Porsche,,,911,997.1,Cabriolet,Porsche 911 Cabriolet,2005-2008–,assets/vehicles/porsche/car-02075/,assets/vehicles/_quick/car-02075-1.webp,assets/vehicles/_quick/car-02075-2.webp,,,,content/articles/porsche/car-02075.md,no
02020a8834aade82cca695bc18fa0343dc60fc9c,car-02076,excel,car,Porsche,,,911,997.1,Carrera,Porsche 911 Carrera,2004-2008–,assets/vehicles/porsche/car-02076/,assets/vehicles/_quick/car-02076-1.webp,assets/vehicles/_quick/car-02076-2.webp,,,,content/articles/porsche/car-02076.md,no
8dfc2222b76fb2d3c0a51c359f06542858bcc3d2,car-02077,excel,car,Porsche,,,911,997.1,Carrera 4,Porsche 911 Carrera 4,2004-2009–,assets/vehicles/porsche/car-02077/,assets/vehicles/_quick/car-02077-1.webp,assets/vehicles/_quick/car-02077-2.webp,,,,content/articles/porsche/car-02077.md,no
f755a460fdc97d39c5b4302f90f1ea32b770a677,car-02078,excel,car,Porsche,,,911,997.1,Carrera 4S,Porsche 911 Carrera 4S,2004-2008–,assets/vehicles/porsche/car-02078/,assets/vehicles/_quick/car-02078-1.webp,assets/vehicles/_quick/car-02078-2.webp,,,,content/articles/porsche/car-02078.md,no
a160baf5395505127706d9a60c78766428212b37,car-02079,excel,car,Porsche,,,911,997.1,Carrera 4S Cab,Porsche 911 Carrera 4S Cab,2005-2008–,assets/vehicles/porsche/car-02079/,assets/vehicles/_quick/car-02079-1.webp,assets/vehicles/_quick/car-02079-2.webp,,,,content/articles/porsche/car-02079.md,no
e1d528f8df2dd403291e004d9b91b2662efc72e7,car-02080,excel,car,Porsche,,,911,997.1,Carrera S,Porsche 911 Carrera S,2007-2008–,assets/vehicles/porsche/car-02080/,assets/vehicles/_quick/car-02080-1.webp,assets/vehicles/_quick/car-02080-2.webp,,,,content/articles/porsche/car-02080.md,no
8923a4fad10a7f5a9ef0d439c34dea3503811e58,car-02081,excel,car,Porsche,,,911,997.1,Carrera S,Porsche 911 Carrera S,2004-2008–,assets/vehicles/porsche/car-02081/,assets/vehicles/_quick/car-02081-1.webp,assets/vehicles/_quick/car-02081-2.webp,,,,content/articles/porsche/car-02081.md,no
39757122f9cdff23f3493dc10ba6413cc4a3f3cd,car-02082,excel,car,Porsche,,,911,997.1,Carrera S Cab,Porsche 911 Carrera S Cab,2004-2008–,assets/vehicles/porsche/car-02082/,assets/vehicles/_quick/car-02082-1.webp,assets/vehicles/_quick/car-02082-2.webp,,,,content/articles/porsche/car-02082.md,no
eab300890255926d946291f954f1ca87cc0c8edf,car-02083,excel,car,Porsche,,,911,997.1,GT3,Porsche 911 GT3,2006-2009–,assets/vehicles/porsche/car-02083/,assets/vehicles/_quick/car-02083-1.webp,assets/vehicles/_quick/car-02083-2.webp,,,,content/articles/porsche/car-02083.md,no
496497fcd6654ad75ebedfa4b81d2fe2f16734d7,car-02084,excel,car,Porsche,,,911,997.1,GT3 RS,Porsche 911 GT3 RS,2006-2009–,assets/vehicles/porsche/car-02084/,assets/vehicles/_quick/car-02084-1.webp,assets/vehicles/_quick/car-02084-2.webp,,,,content/articles/porsche/car-02084.md,no
212698b4c5048b9f68cc98cebcd7b9a44bfd302a,car-02085,excel,car,Porsche,,,911,997.1,Turbo,Porsche 911 Turbo,2006-2009–,assets/vehicles/porsche/car-02085/,assets/vehicles/_quick/car-02085-1.webp,assets/vehicles/_quick/car-02085-2.webp,,,,content/articles/porsche/car-02085.md,no
ed71251d1a1a05f00db47dbbedea67b746021bd0,car-02086,excel,car,Porsche,,,911,997.1,Turbo Cab,Porsche 911 Turbo Cab,2006-2009–,assets/vehicles/porsche/car-02086/,assets/vehicles/_quick/car-02086-1.webp,assets/vehicles/_quick/car-02086-2.webp,,,,content/articles/porsche/car-02086.md,no
77566aa43110500a5ee8ac861e9e09324a16cddf,car-02087,excel,car,Porsche,,,911,997.1,Turbo Tiptronic,Porsche 911 Turbo Tiptronic,2006-2009–,assets/vehicles/porsche/car-02087/,assets/vehicles/_quick/car-02087-1.webp,assets/vehicles/_quick/car-02087-2.webp,,,,content/articles/porsche/car-02087.md,no
36608c422cc917e91682d44ed4ae39d6e6a6b8bc,car-02088,excel,car,Porsche,,,911,997.2,Cabriolet PDK,Porsche 911 Cabriolet PDK,2008-2012–,assets/vehicles/porsche/car-02088/,assets/vehicles/_quick/car-02088-1.webp,assets/vehicles/_quick/car-02088-2.webp,,,,content/articles/porsche/car-02088.md,no
1961afe964b6aa7b8dc63e054fff201c802f9c13,car-02089,excel,car,Porsche,,,911,997.2,Carrera,Porsche 911 Carrera,2008-2012–,assets/vehicles/porsche/car-02089/,assets/vehicles/_quick/car-02089-1.webp,assets/vehicles/_quick/car-02089-2.webp,,,,content/articles/porsche/car-02089.md,no
5bc86ac9072b190c832402aab320b7bcafdd77e0,car-02090,excel,car,Porsche,,,911,997.2,Carrera 4S,Porsche 911 Carrera 4S,2008-2012–,assets/vehicles/porsche/car-02090/,assets/vehicles/_quick/car-02090-1.webp,assets/vehicles/_quick/car-02090-2.webp,,,,content/articles/porsche/car-02090.md,no
bfc56b8f231b20b1a5e9f1551699991e03ee33eb,car-02091,excel,car,Porsche,,,911,997.2,Carrera 4S PDK,Porsche 911 Carrera 4S PDK,2008-2012–,assets/vehicles/porsche/car-02091/,assets/vehicles/_quick/car-02091-1.webp,assets/vehicles/_quick/car-02091-2.webp,,,,content/articles/porsche/car-02091.md,no
f715b691e58be3f75e4b9bda0f6798f9172a4eea,car-02092,excel,car,Porsche,,,911,997.2,Carrera GTS,Porsche 911 Carrera GTS,2011-2012–,assets/vehicles/porsche/car-02092/,assets/vehicles/_quick/car-02092-1.webp,assets/vehicles/_quick/car-02092-2.webp,,,,content/articles/porsche/car-02092.md,no
a1de811ad6995d72448715d0594ed8039f042bb1,car-02093,excel,car,Porsche,,,911,997.2,Carrera GTS Cab PDK,Porsche 911 Carrera GTS Cab PDK,2011-2012–,assets/vehicles/porsche/car-02093/,assets/vehicles/_quick/car-02093-1.webp,assets/vehicles/_quick/car-02093-2.webp,,,,content/articles/porsche/car-02093.md,no
9de746b4f325c671e9ea80773244cf9770b1f915,car-02094,excel,car,Porsche,,,911,997.2,Carrera GTS PDK,Porsche 911 Carrera GTS PDK,2011-2012–,assets/vehicles/porsche/car-02094/,assets/vehicles/_quick/car-02094-1.webp,assets/vehicles/_quick/car-02094-2.webp,,,,content/articles/porsche/car-02094.md,no
9e8538711238c613fadc4831c3b8b9a247af3929,car-02095,excel,car,Porsche,,,911,997.2,Carrera PDK,Porsche 911 Carrera PDK,2008-2012–,assets/vehicles/porsche/car-02095/,assets/vehicles/_quick/car-02095-1.webp,assets/vehicles/_quick/car-02095-2.webp,,,,content/articles/porsche/car-02095.md,no
6952ed138a743718e3625c6caf7902343b8ee500,car-02096,excel,car,Porsche,,,911,997.2,Carrera S,Porsche 911 Carrera S,2008-2011–,assets/vehicles/porsche/car-02096/,assets/vehicles/_quick/car-02096-1.webp,assets/vehicles/_quick/car-02096-2.webp,,,,content/articles/porsche/car-02096.md,no
b90ade2a2b67a70655998b7cb943bec1b797a45c,car-02097,excel,car,Porsche,,,911,997.2,Carrera S Cab PDK,Porsche 911 Carrera S Cab PDK,2008-2011–,assets/vehicles/porsche/car-02097/,assets/vehicles/_quick/car-02097-1.webp,assets/vehicles/_quick/car-02097-2.webp,,,,content/articles/porsche/car-02097.md,no
cd6a604f6f314f318faed0aedb7ed09eda9ec573,car-02098,excel,car,Porsche,,,911,997.2,Carrera S PDK,Porsche 911 Carrera S PDK,2008-2011–,assets/vehicles/porsche/car-02098/,assets/vehicles/_quick/car-02098-1.webp,assets/vehicles/_quick/car-02098-2.webp,,,,content/articles/porsche/car-02098.md,no
b9d8fa16790408272b34c6bc6a5d80ad9a22407e,car-02099,excel,car,Porsche,,,911,997.2,Carrera Speedster,Porsche 911 Carrera Speedster,2010-2010–,assets/vehicles/porsche/car-02099/,assets/vehicles/_quick/car-02099-1.webp,assets/vehicles/_quick/car-02099-2.webp,,,,content/articles/porsche/car-02099.md,no
956d99a0ef22ebed62c01c2c82e915080e40870c,car-02100,excel,car,Porsche,,,911,997.2,GT2,Porsche 911 GT2,2007-2009–,assets/vehicles/porsche/car-02100/,assets/vehicles/_quick/car-02100-1.webp,assets/vehicles/_quick/car-02100-2.webp,,,,content/articles/porsche/car-02100.md,no
cbaedc1f35b7e3c00596ae4c8ac9ca3c2f1729da,car-02101,excel,car,Porsche,,,911,997.2,GT2 RS,Porsche 911 GT2 RS,2010-2011–,assets/vehicles/porsche/car-02101/,assets/vehicles/_quick/car-02101-1.webp,assets/vehicles/_quick/car-02101-2.webp,,,,content/articles/porsche/car-02101.md,no
d480c9bf85a777dcbec8dc3cb17b735dc29f8f37,car-02102,excel,car,Porsche,,,911,997.2,GT3,Porsche 911 GT3,2009-2011–,assets/vehicles/porsche/car-02102/,assets/vehicles/_quick/car-02102-1.webp,assets/vehicles/_quick/car-02102-2.webp,,,,content/articles/porsche/car-02102.md,no
19501def9c05f937770a6d07b20cdd792ce15d61,car-02103,excel,car,Porsche,,,911,997.2,GT3 RS,Porsche 911 GT3 RS,2010-2011–,assets/vehicles/porsche/car-02103/,assets/vehicles/_quick/car-02103-1.webp,assets/vehicles/_quick/car-02103-2.webp,,,,content/articles/porsche/car-02103.md,no
e14e31550e8d617dba0ae33c2355033592050a57,car-02104,excel,car,Porsche,,,911,997.2,GT3 RS 4.0,Porsche 911 GT3 RS 4.0,2011-2011–,assets/vehicles/porsche/car-02104/,assets/vehicles/_quick/car-02104-1.webp,assets/vehicles/_quick/car-02104-2.webp,,,,content/articles/porsche/car-02104.md,no
d037b40b9e9fa81bcb6657f5f9a9f5f0ba82b24f,car-02105,excel,car,Porsche,,,911,997.2,Sport Classic,Porsche 911 Sport Classic,2010-2010–,assets/vehicles/porsche/car-02105/,assets/vehicles/_quick/car-02105-1.webp,assets/vehicles/_quick/car-02105-2.webp,,,,content/articles/porsche/car-02105.md,no
7a0709fdbd93af24048a38f07ccd3d85a0ed0dd8,car-02106,excel,car,Porsche,,,911,997.2,Targa 4S PDK,Porsche 911 Targa 4S PDK,2008-2012–,assets/vehicles/porsche/car-02106/,assets/vehicles/_quick/car-02106-1.webp,assets/vehicles/_quick/car-02106-2.webp,,,,content/articles/porsche/car-02106.md,no
60ccd404e60aca33f487220e12d888df764114c6,car-02107,excel,car,Porsche,,,911,997.2,Turbo,Porsche 911 Turbo,2010-2012–,assets/vehicles/porsche/car-02107/,assets/vehicles/_quick/car-02107-1.webp,assets/vehicles/_quick/car-02107-2.webp,,,,content/articles/porsche/car-02107.md,no
72ec45a6d282b3a494d3f0adc87ed4aa94be3930,car-02108,excel,car,Porsche,,,911,997.2,Turbo Cab PDK,Porsche 911 Turbo Cab PDK,2009-2012–,assets/vehicles/porsche/car-02108/,assets/vehicles/_quick/car-02108-1.webp,assets/vehicles/_quick/car-02108-2.webp,,,,content/articles/porsche/car-02108.md,no
92546472eba7e0cf4f2979ec3a5edbbc05a6e285,car-02109,excel,car,Porsche,,,911,997.2,Turbo PDK,Porsche 911 Turbo PDK,2009-2012–,assets/vehicles/porsche/car-02109/,assets/vehicles/_quick/car-02109-1.webp,assets/vehicles/_quick/car-02109-2.webp,,,,content/articles/porsche/car-02109.md,no
c119fd3a51d66da48afd47e99484c16e1a907f2c,car-02110,excel,car,Porsche,,,911,997.2,Turbo S Cab PDK,Porsche 911 Turbo S Cab PDK,2010-2012–,assets/vehicles/porsche/car-02110/,assets/vehicles/_quick/car-02110-1.webp,assets/vehicles/_quick/car-02110-2.webp,,,,content/articles/porsche/car-02110.md,no
d2d0012926046ed77e4da27094440bf02389c6c8,car-02111,excel,car,Porsche,,,911,997.2,Turbo S PDK,Porsche 911 Turbo S PDK,2010-2012–,assets/vehicles/porsche/car-02111/,assets/vehicles/_quick/car-02111-1.webp,assets/vehicles/_quick/car-02111-2.webp,,,,content/articles/porsche/car-02111.md,no
e2e1e38501243a98e4e68a6bda3286bb1bb81d9b,car-02112,excel,car,Porsche,,,914,Gen 1,1.7,Porsche 914 1.7,1970-1973–,assets/vehicles/porsche/car-02112/,assets/vehicles/_quick/car-02112-1.webp,assets/vehicles/_quick/car-02112-2.webp,,,,content/articles/porsche/car-02112.md,no
292af8b308bc69173954f7892429236430714521,car-02113,excel,car,Porsche,,,914,Gen 1,1.8,Porsche 914 1.8,1973-1975–,assets/vehicles/porsche/car-02113/,assets/vehicles/_quick/car-02113-1.webp,assets/vehicles/_quick/car-02113-2.webp,,,,content/articles/porsche/car-02113.md,no
93e8c7f06af44c56fb94bfdf3d20485a4001f0da,car-02114,excel,car,Porsche,,,914,Gen 1,2.0,Porsche 914 2.0,1972-1975–,assets/vehicles/porsche/car-02114/,assets/vehicles/_quick/car-02114-1.webp,assets/vehicles/_quick/car-02114-2.webp,,,,content/articles/porsche/car-02114.md,no
6e489301c2d547d68345f053caf93e41e442f180,car-02115,excel,car,Porsche,,,914,Gen 1,6 2.0,Porsche 914 6 2.0,1969-1972–,assets/vehicles/porsche/car-02115/,assets/vehicles/_quick/car-02115-1.webp,assets/vehicles/_quick/car-02115-2.webp,,,,content/articles/porsche/car-02115.md,no
b24f320d4d3f4282fa075a476f0cbd3835d9bead,car-02116,excel,car,Porsche,,,918,Gen 1,Spyder,Porsche 918 Spyder,2013-2015–,assets/vehicles/porsche/car-02116/,assets/vehicles/_quick/car-02116-1.webp,assets/vehicles/_quick/car-02116-2.webp,,,,content/articles/porsche/car-02116.md,no
986dd96bdae0c8c21bbed58fe1871eb0e335db49,car-02117,excel,car,Porsche,,,924,Gen 1,Bvm4,Porsche 924 Bvm4,1976-1979–,assets/vehicles/porsche/car-02117/,assets/vehicles/_quick/car-02117-1.webp,assets/vehicles/_quick/car-02117-2.webp,,,,content/articles/porsche/car-02117.md,no
11f196be6045a805029fdcf241bff3331e950fec,car-02118,excel,car,Porsche,,,924,Gen 1,Bvm4,Porsche 924 Bvm4,1977-1982–,assets/vehicles/porsche/car-02118/,assets/vehicles/_quick/car-02118-1.webp,assets/vehicles/_quick/car-02118-2.webp,,,,content/articles/porsche/car-02118.md,no
eed51b2c0c48b2dd2953d555fc282eb542ccbc61,car-02119,excel,car,Porsche,,,924,Gen 1,Bvm5,Porsche 924 Bvm5,1977-1985–,assets/vehicles/porsche/car-02119/,assets/vehicles/_quick/car-02119-1.webp,assets/vehicles/_quick/car-02119-2.webp,,,,content/articles/porsche/car-02119.md,no
02ea9a0332c1087ed357f648780e6e5f429a1b98,car-02120,excel,car,Porsche,,,924,Gen 1,Carrera GT,Porsche 924 Carrera GT,1980-1981–,assets/vehicles/porsche/car-02120/,assets/vehicles/_quick/car-02120-1.webp,assets/vehicles/_quick/car-02120-2.webp,,,,content/articles/porsche/car-02120.md,no
40abf2729f617f9dd5309c1e8a9f59beda5a3e8f,car-02121,excel,car,Porsche,,,924,Gen 1,Carrera GTS,Porsche 924 Carrera GTS,1981-1981–,assets/vehicles/porsche/car-02121/,assets/vehicles/_quick/car-02121-1.webp,assets/vehicles/_quick/car-02121-2.webp,,,,content/articles/porsche/car-02121.md,no
ad6ae847a08bdb784d09ebbf4e47ebb227ffd215,car-02122,excel,car,Porsche,,,924,Gen 1,S,Porsche 924 S,1987-1988–,assets/vehicles/porsche/car-02122/,assets/vehicles/_quick/car-02122-1.webp,assets/vehicles/_quick/car-02122-2.webp,,,,content/articles/porsche/car-02122.md,no
86b88f6e7ff6ae2662842e17b9ee1a4f3970e1af,car-02123,excel,car,Porsche,,,924,Gen 1,S,Porsche 924 S,1985-1988–,assets/vehicles/porsche/car-02123/,assets/vehicles/_quick/car-02123-1.webp,assets/vehicles/_quick/car-02123-2.webp,,,,content/articles/porsche/car-02123.md,no
a84b96b151c6483582c1e355c4f13e42933990b4,car-02124,excel,car,Porsche,,,924,Gen 1,Turbo,Porsche 924 Turbo,1980-1984–,assets/vehicles/porsche/car-02124/,assets/vehicles/_quick/car-02124-1.webp,assets/vehicles/_quick/car-02124-2.webp,,,,content/articles/porsche/car-02124.md,no
d490833a62f950c805165d341eb114d4a73ddfbf,car-02125,excel,car,Porsche,,,924,Gen 1,Turbo,Porsche 924 Turbo,1978-1980–,assets/vehicles/porsche/car-02125/,assets/vehicles/_quick/car-02125-1.webp,assets/vehicles/_quick/car-02125-2.webp,,,,content/articles/porsche/car-02125.md,no
5f1e1dc510bc103a19e9046922ba6aad06da4d7d,car-02126,excel,car,Porsche,,,928,Gen 1,-,Porsche 928,1977-1982–,assets/vehicles/porsche/car-02126/,assets/vehicles/_quick/car-02126-1.webp,assets/vehicles/_quick/car-02126-2.webp,,,,content/articles/porsche/car-02126.md,no
00c5949bbf61bc8098e08ff837b7591345dda5d8,car-02127,excel,car,Porsche,,,928,Gen 1,Auto,Porsche 928 Auto,1977-1982–,assets/vehicles/porsche/car-02127/,assets/vehicles/_quick/car-02127-1.webp,assets/vehicles/_quick/car-02127-2.webp,,,,content/articles/porsche/car-02127.md,no
522703cd69069a2eaef224b0fe6520acdf531c64,car-02128,excel,car,Porsche,,,928,Gen 1,GT,Porsche 928 GT,1989-1991–,assets/vehicles/porsche/car-02128/,assets/vehicles/_quick/car-02128-1.webp,assets/vehicles/_quick/car-02128-2.webp,,,,content/articles/porsche/car-02128.md,no
02be94137f3ba5af108b9a0299d2540830e17ba6,car-02129,excel,car,Porsche,,,928,Gen 1,GTS,Porsche 928 GTS,1992-1995–,assets/vehicles/porsche/car-02129/,assets/vehicles/_quick/car-02129-1.webp,assets/vehicles/_quick/car-02129-2.webp,,,,content/articles/porsche/car-02129.md,no
b4bb90107695919ae6c66f2ba601f29e3af33470,car-02130,excel,car,Porsche,,,928,Gen 1,GTS Auto,Porsche 928 GTS Auto,1992-1995–,assets/vehicles/porsche/car-02130/,assets/vehicles/_quick/car-02130-1.webp,assets/vehicles/_quick/car-02130-2.webp,,,,content/articles/porsche/car-02130.md,no
a77509fef778abc45d3d56f738b70dd1118ce33f,car-02131,excel,car,Porsche,,,928,Gen 1,S,Porsche 928 S,1979-1983–,assets/vehicles/porsche/car-02131/,assets/vehicles/_quick/car-02131-1.webp,assets/vehicles/_quick/car-02131-2.webp,,,,content/articles/porsche/car-02131.md,no
0b26ac6de94f8a2dea9abd90279c5723cb3a6d62,car-02132,excel,car,Porsche,,,928,Gen 1,S Auto,Porsche 928 S Auto,1979-1983–,assets/vehicles/porsche/car-02132/,assets/vehicles/_quick/car-02132-1.webp,assets/vehicles/_quick/car-02132-2.webp,,,,content/articles/porsche/car-02132.md,no
58ffce747102a7c7fd66634106ef01e3e0cf71cf,car-02133,excel,car,Porsche,,,928,Gen 1,S2,Porsche 928 S2,1984-1986–,assets/vehicles/porsche/car-02133/,assets/vehicles/_quick/car-02133-1.webp,assets/vehicles/_quick/car-02133-2.webp,,,,content/articles/porsche/car-02133.md,no
4ad6bd58b0e732fa7c910c0b03b124b9e5a67212,car-02134,excel,car,Porsche,,,928,Gen 1,S3,Porsche 928 S3,1985-1986–,assets/vehicles/porsche/car-02134/,assets/vehicles/_quick/car-02134-1.webp,assets/vehicles/_quick/car-02134-2.webp,,,,content/articles/porsche/car-02134.md,no
084bb9ddb7fafe80e0af0eec0a97f20d56bb9ce9,car-02135,excel,car,Porsche,,,928,Gen 1,S4,Porsche 928 S4,1986-1990–,assets/vehicles/porsche/car-02135/,assets/vehicles/_quick/car-02135-1.webp,assets/vehicles/_quick/car-02135-2.webp,,,,content/articles/porsche/car-02135.md,no
98abad7f68feeeef67f7f462fb57f579d5331dc8,car-02136,excel,car,Porsche,,,928,Gen 1,S4 CS,Porsche 928 S4 CS,1988-1989–,assets/vehicles/porsche/car-02136/,assets/vehicles/_quick/car-02136-1.webp,assets/vehicles/_quick/car-02136-2.webp,,,,content/articles/porsche/car-02136.md,no
55d3897d630a2a4e17199001efeff6abf622675d,car-02137,excel,car,Porsche,,,944,Gen 1,2.5,Porsche 944 2.5,1982–1988,assets/vehicles/porsche/car-02137/,assets/vehicles/_quick/car-02137-1.webp,assets/vehicles/_quick/car-02137-2.webp,,,,content/articles/porsche/car-02137.md,no
ae821b7ea4a2d83bb706b060ea4c3f529c56dde1,car-02138,excel,car,Porsche,,,944,S,2.7,Porsche 944 2.7,1988–1989,assets/vehicles/porsche/car-02138/,assets/vehicles/_quick/car-02138-1.webp,assets/vehicles/_quick/car-02138-2.webp,,,,content/articles/porsche/car-02138.md,no
573a73448384a91f4827889ee4b453c626c84782,car-02139,excel,car,Porsche,,,944,S,-,Porsche 944,1987–1988,assets/vehicles/porsche/car-02139/,assets/vehicles/_quick/car-02139-1.webp,assets/vehicles/_quick/car-02139-2.webp,,,,content/articles/porsche/car-02139.md,no
a0cb3c8224433847d2f8e9dba997b9b1065c491a,car-02140,excel,car,Porsche,,,944,S,S2,Porsche 944 S2,1989–1991,assets/vehicles/porsche/car-02140/,assets/vehicles/_quick/car-02140-1.webp,assets/vehicles/_quick/car-02140-2.webp,,,,content/articles/porsche/car-02140.md,no
2834dd46ca815451cb4d3395c5a1c7c23e77054a,car-02141,excel,car,Porsche,,,944,S,S2 Cab,Porsche 944 S2 Cab,1989–1991,assets/vehicles/porsche/car-02141/,assets/vehicles/_quick/car-02141-1.webp,assets/vehicles/_quick/car-02141-2.webp,,,,content/articles/porsche/car-02141.md,no
695c5f303a62dc9af2fc8dd810a67e06f40d91f8,car-02142,excel,car,Porsche,,,944,Gen 1,Turbo,Porsche 944 Turbo,1986–1988,assets/vehicles/porsche/car-02142/,assets/vehicles/_quick/car-02142-1.webp,assets/vehicles/_quick/car-02142-2.webp,,,,content/articles/porsche/car-02142.md,no
61e469183b5a60fd231c518dafb7dc7a6d1d3924,car-02143,excel,car,Porsche,,,944,S,Turbo,Porsche 944 Turbo,1988–1991,assets/vehicles/porsche/car-02143/,assets/vehicles/_quick/car-02143-1.webp,assets/vehicles/_quick/car-02143-2.webp,,,,content/articles/porsche/car-02143.md,no
18b78d951b31b1be2a930a72a9dfe69b3aea2240,car-02144,excel,car,Porsche,,,944,S,Turbo Cabriolet,Porsche 944 Turbo Cabriolet,1991,assets/vehicles/porsche/car-02144/,assets/vehicles/_quick/car-02144-1.webp,assets/vehicles/_quick/car-02144-2.webp,,,,content/articles/porsche/car-02144.md,no
eb869d55b13760e949e35df70218432a8260bc41,car-02145,excel,car,Porsche,,,968,Gen 1,-,Porsche 968,1992-1995–,assets/vehicles/porsche/car-02145/,assets/vehicles/_quick/car-02145-1.webp,assets/vehicles/_quick/car-02145-2.webp,,,,content/articles/porsche/car-02145.md,no
fb067e68d82c75d9d741e3e3fe0e3596b67ae43f,car-02146,excel,car,Porsche,,,968,Gen 1,CS,Porsche 968 CS,1993-1995–,assets/vehicles/porsche/car-02146/,assets/vehicles/_quick/car-02146-1.webp,assets/vehicles/_quick/car-02146-2.webp,,,,content/articles/porsche/car-02146.md,no
83d6a29f1b2e84673b1a2a43a9cc9eb99d0effb1,car-02147,excel,car,Porsche,,,968,Gen 1,Turbo S,Porsche 968 Turbo S,1993-1994–,assets/vehicles/porsche/car-02147/,assets/vehicles/_quick/car-02147-1.webp,assets/vehicles/_quick/car-02147-2.webp,,,,content/articles/porsche/car-02147.md,no
ded7a35d49ebffab10b9c54d348da509c41970a4,car-02148,excel,car,Porsche,,,Carrera GT,Gen 1,-,Porsche Carrera GT,2003-2006–,assets/vehicles/porsche/car-02148/,assets/vehicles/_quick/car-02148-1.webp,assets/vehicles/_quick/car-02148-2.webp,,,,content/articles/porsche/car-02148.md,no
41cd4fb5dabc3f6511e96854556aef6efaf5189f,car-02149,excel,car,Porsche,,,Cayenne,92A,S,Porsche Cayenne S,2011–2014,assets/vehicles/porsche/car-02149/,assets/vehicles/_quick/car-02149-1.webp,assets/vehicles/_quick/car-02149-2.webp,,,,content/articles/porsche/car-02149.md,no
a38ab84b4ce7d958090d42c5af2948497fac6f9a,car-02150,excel,car,Porsche,,,Cayman,981,2.7,Porsche Cayman 2.7,2013-2016–,assets/vehicles/porsche/car-02150/,assets/vehicles/_quick/car-02150-1.webp,assets/vehicles/_quick/car-02150-2.webp,,,,content/articles/porsche/car-02150.md,no
66d6de5afb3c92e1c68c5d5c1fdc12692e73b9e1,car-02151,excel,car,Porsche,,,Cayman,981,2.7 PDK,Porsche Cayman 2.7 PDK,2013-2016–,assets/vehicles/porsche/car-02151/,assets/vehicles/_quick/car-02151-1.webp,assets/vehicles/_quick/car-02151-2.webp,,,,content/articles/porsche/car-02151.md,no
72515878ae8d4e2ab5b511469c32720093085889,car-02152,excel,car,Porsche,,,Cayman,981,GT4,Porsche Cayman GT4,2015-2015–,assets/vehicles/porsche/car-02152/,assets/vehicles/_quick/car-02152-1.webp,assets/vehicles/_quick/car-02152-2.webp,,,,content/articles/porsche/car-02152.md,no
0f81cff4e14f1ba567251ecd4c0924c633da0571,car-02153,excel,car,Porsche,,,Cayman,981,GTS,Porsche Cayman GTS,2014-2016–,assets/vehicles/porsche/car-02153/,assets/vehicles/_quick/car-02153-1.webp,assets/vehicles/_quick/car-02153-2.webp,,,,content/articles/porsche/car-02153.md,no
62944e565246001112a1607253c77f6bb57f2757,car-02154,excel,car,Porsche,,,Cayman,981,GTS PDK,Porsche Cayman GTS PDK,2014-2016–,assets/vehicles/porsche/car-02154/,assets/vehicles/_quick/car-02154-1.webp,assets/vehicles/_quick/car-02154-2.webp,,,,content/articles/porsche/car-02154.md,no
01c1b82d73728ec11ded56f8bc67db6d65519103,car-02155,excel,car,Porsche,,,Cayman,981,S,Porsche Cayman S,2013-2016–,assets/vehicles/porsche/car-02155/,assets/vehicles/_quick/car-02155-1.webp,assets/vehicles/_quick/car-02155-2.webp,,,,content/articles/porsche/car-02155.md,no
3c075aff31509681d3e0da8313bbfcb5925588c5,car-02156,excel,car,Porsche,,,Cayman,981,S PDK,Porsche Cayman S PDK,2013-2016–,assets/vehicles/porsche/car-02156/,assets/vehicles/_quick/car-02156-1.webp,assets/vehicles/_quick/car-02156-2.webp,,,,content/articles/porsche/car-02156.md,no
23b30afe3d346ca290cd937e78cee3f9d79f6bd6,car-02157,excel,car,Porsche,,,Cayman,982,GT4 RS,Porsche Cayman GT4 RS,2021-–,assets/vehicles/porsche/car-02157/,assets/vehicles/_quick/car-02157-1.webp,assets/vehicles/_quick/car-02157-2.webp,,,,content/articles/porsche/car-02157.md,no
67cc9f3dc7f5789b7a14f72f2ca819a8b398eeaa,car-02158,excel,car,Porsche,,,Cayman,987c,-,Porsche Cayman,2009-2013–,assets/vehicles/porsche/car-02158/,assets/vehicles/_quick/car-02158-1.webp,assets/vehicles/_quick/car-02158-2.webp,,,,content/articles/porsche/car-02158.md,no
3b391a8ce342a6a0cbea5bcfd5939928323a386c,car-02159,excel,car,Porsche,,,Cayman,987c,-,Porsche Cayman,2006-2009–,assets/vehicles/porsche/car-02159/,assets/vehicles/_quick/car-02159-1.webp,assets/vehicles/_quick/car-02159-2.webp,,,,content/articles/porsche/car-02159.md,no
db00ba6b7d82f806a8da667a7528f751533ebeed,car-02160,excel,car,Porsche,,,Cayman,987c,PDK,Porsche Cayman PDK,2009-2013–,assets/vehicles/porsche/car-02160/,assets/vehicles/_quick/car-02160-1.webp,assets/vehicles/_quick/car-02160-2.webp,,,,content/articles/porsche/car-02160.md,no
bf5f183d6cf87baa20825c94cd8363013221789d,car-02161,excel,car,Porsche,,,Cayman,987c,R,Porsche Cayman R,2011-2011–,assets/vehicles/porsche/car-02161/,assets/vehicles/_quick/car-02161-1.webp,assets/vehicles/_quick/car-02161-2.webp,,,,content/articles/porsche/car-02161.md,no
3f9ccb7f82d6bab45f2131487bc58c78d3d739c2,car-02162,excel,car,Porsche,,,Cayman,987c,R PDK,Porsche Cayman R PDK,2011-2011–,assets/vehicles/porsche/car-02162/,assets/vehicles/_quick/car-02162-1.webp,assets/vehicles/_quick/car-02162-2.webp,,,,content/articles/porsche/car-02162.md,no
0084c2a2704142ae1aaaa1f249f4187a77bcf019,car-02163,excel,car,Porsche,,,Cayman,987c,S,Porsche Cayman S,2005–2008,assets/vehicles/porsche/car-02163/,assets/vehicles/_quick/car-02163-1.webp,assets/vehicles/_quick/car-02163-2.webp,,,,content/articles/porsche/car-02163.md,no
696b8a23064e26000ea66a378e9a170a09804bb5,car-02164,excel,car,Porsche,,,Cayman,987c,S,Porsche Cayman S,2009-2013–,assets/vehicles/porsche/car-02164/,assets/vehicles/_quick/car-02164-1.webp,assets/vehicles/_quick/car-02164-2.webp,,,,content/articles/porsche/car-02164.md,no
4ecf4019d2e74607f15cf668509d9356b015f65c,car-02165,excel,car,Porsche,,,Cayman,987c,S PDK,Porsche Cayman S PDK,2009-2013–,assets/vehicles/porsche/car-02165/,assets/vehicles/_quick/car-02165-1.webp,assets/vehicles/_quick/car-02165-2.webp,,,,content/articles/porsche/car-02165.md,no
d3bb9b6a72a03909e29c279ad51a1792da7c45a7,car-02166,excel,car,Porsche,,,Cayman,987c,S Sport,Porsche Cayman S Sport,2009-2009–,assets/vehicles/porsche/car-02166/,assets/vehicles/_quick/car-02166-1.webp,assets/vehicles/_quick/car-02166-2.webp,,,,content/articles/porsche/car-02166.md,no
8057afc36bd66e795174aa5c4ef2395b4cbd2bca,car-02167,excel,car,Porsche,,,Cayman,987c,Tiptronic,Porsche Cayman Tiptronic,2006-2009–,assets/vehicles/porsche/car-02167/,assets/vehicles/_quick/car-02167-1.webp,assets/vehicles/_quick/car-02167-2.webp,,,,content/articles/porsche/car-02167.md,no
1050945779103cc56245af40efb81b90c4e1b7dd,car-02168,excel,car,Porsche,,,Macan,Gen 1,S,Porsche Macan S,2014-2018–,assets/vehicles/porsche/car-02168/,assets/vehicles/_quick/car-02168-1.webp,assets/vehicles/_quick/car-02168-2.webp,,,,content/articles/porsche/car-02168.md,no
9a78bc89eb5fc562197df94ce2f195f0406bea13,car-02169,excel,car,Porsche,,,Macan,Gen 1,Turbo,Porsche Macan Turbo,2014-2018–,assets/vehicles/porsche/car-02169/,assets/vehicles/_quick/car-02169-1.webp,assets/vehicles/_quick/car-02169-2.webp,,,,content/articles/porsche/car-02169.md,no
1332b7a2d3b31ab93ce70b5dff495ce48ee49375,car-02170,excel,car,Porsche,,,Panamera,970.2,-,Porsche Panamera,2013–2016,assets/vehicles/porsche/car-02170/,assets/vehicles/_quick/car-02170-1.webp,assets/vehicles/_quick/car-02170-2.webp,,,,content/articles/porsche/car-02170.md,no
f6de0712ff49e444b1a9aaf355ef190af24f64f5,car-02171,excel,car,Porsche,,,Panamera,970.2,4,Porsche Panamera 4,2013–2016,assets/vehicles/porsche/car-02171/,assets/vehicles/_quick/car-02171-1.webp,assets/vehicles/_quick/car-02171-2.webp,,,,content/articles/porsche/car-02171.md,no
6645609a72d213df2081ead47203033ade3e356a,car-02172,excel,car,Porsche,,,Panamera,970.2,4S,Porsche Panamera 4S,2013–2016,assets/vehicles/porsche/car-02172/,assets/vehicles/_quick/car-02172-1.webp,assets/vehicles/_quick/car-02172-2.webp,,,,content/articles/porsche/car-02172.md,no
55a7bde78033e63ed570e469ca61d95e7e9669a8,car-02173,excel,car,Porsche,,,Panamera,970.2,Diesel 300,Porsche Panamera Diesel 300,2013–2016,assets/vehicles/porsche/car-02173/,assets/vehicles/_quick/car-02173-1.webp,assets/vehicles/_quick/car-02173-2.webp,,,,content/articles/porsche/car-02173.md,no
dee7ed2e56d48305380a419632ce114eddef54bd,car-02174,excel,car,Porsche,,,Panamera,970.2,GTS,Porsche Panamera GTS,2013–2016,assets/vehicles/porsche/car-02174/,assets/vehicles/_quick/car-02174-1.webp,assets/vehicles/_quick/car-02174-2.webp,,,,content/articles/porsche/car-02174.md,no
ea61740482a12147b990c6722f2b6e1cd4d6bab7,car-02175,excel,car,Porsche,,,Panamera,970.2,S,Porsche Panamera S,2013–2016,assets/vehicles/porsche/car-02175/,assets/vehicles/_quick/car-02175-1.webp,assets/vehicles/_quick/car-02175-2.webp,,,,content/articles/porsche/car-02175.md,no
4f1371ec969fba6d7480568edb1fc77987f0ea03,car-02176,excel,car,Porsche,,,Panamera,970.2,S E-HybrDI,Porsche Panamera S E-HybrDI,2013–2016,assets/vehicles/porsche/car-02176/,assets/vehicles/_quick/car-02176-1.webp,assets/vehicles/_quick/car-02176-2.webp,,,,content/articles/porsche/car-02176.md,no
e532c45cc86c6685113d8a9bb43de6b22d27f01d,car-02177,excel,car,Porsche,,,Panamera,970.2,Turbo,Porsche Panamera Turbo,2013–2016,assets/vehicles/porsche/car-02177/,assets/vehicles/_quick/car-02177-1.webp,assets/vehicles/_quick/car-02177-2.webp,,,,content/articles/porsche/car-02177.md,no
71b19b4096a3fa3842c08afcc6167f979602e497,car-02178,excel,car,Porsche,,,Panamera,970.2,Turbo S,Porsche Panamera Turbo S,2013–2016,assets/vehicles/porsche/car-02178/,assets/vehicles/_quick/car-02178-1.webp,assets/vehicles/_quick/car-02178-2.webp,,,,content/articles/porsche/car-02178.md,no
2eef8402be09e2917305d08e6107f2c29447d88b,car-02179,excel,car,Porsche,,,Panamera,970,-,Porsche Panamera,2010–2013,assets/vehicles/porsche/car-02179/,assets/vehicles/_quick/car-02179-1.webp,assets/vehicles/_quick/car-02179-2.webp,,,,content/articles/porsche/car-02179.md,no
b2e8c5750ceb1c3d7b0eb92baa10ff2cc6dca1d2,car-02180,excel,car,Porsche,,,Panamera,970,4,Porsche Panamera 4,2010–2013,assets/vehicles/porsche/car-02180/,assets/vehicles/_quick/car-02180-1.webp,assets/vehicles/_quick/car-02180-2.webp,,,,content/articles/porsche/car-02180.md,no
b251fa6db3a0666cc80540b2ace9067b00774aa7,car-02181,excel,car,Porsche,,,Panamera,970,4S,Porsche Panamera 4S,2009–2013,assets/vehicles/porsche/car-02181/,assets/vehicles/_quick/car-02181-1.webp,assets/vehicles/_quick/car-02181-2.webp,,,,content/articles/porsche/car-02181.md,no
a75ef9bd8db6374b70355dfd3359cc6bb6a13144,car-02182,excel,car,Porsche,,,Panamera,970,Diesel 250,Porsche Panamera Diesel 250,2011–2014,assets/vehicles/porsche/car-02182/,assets/vehicles/_quick/car-02182-1.webp,assets/vehicles/_quick/car-02182-2.webp,,,,content/articles/porsche/car-02182.md,no
7e6305acfe8751d62cecc17980d5a7fab4788742,car-02183,excel,car,Porsche,,,Panamera,970,GTS,Porsche Panamera GTS,2011–2013,assets/vehicles/porsche/car-02183/,assets/vehicles/_quick/car-02183-1.webp,assets/vehicles/_quick/car-02183-2.webp,,,,content/articles/porsche/car-02183.md,no
2c4169e2affdca88a12f66b46e5f75ccbb862584,car-02184,excel,car,Porsche,,,Panamera,970,PDK,Porsche Panamera PDK,2010–2013,assets/vehicles/porsche/car-02184/,assets/vehicles/_quick/car-02184-1.webp,assets/vehicles/_quick/car-02184-2.webp,,,,content/articles/porsche/car-02184.md,no
8ec0b1ff68b8335b0bf3f771b3f76f79b72ffa6f,car-02185,excel,car,Porsche,,,Panamera,970,S,Porsche Panamera S,2009–2013,assets/vehicles/porsche/car-02185/,assets/vehicles/_quick/car-02185-1.webp,assets/vehicles/_quick/car-02185-2.webp,,,,content/articles/porsche/car-02185.md,no
c6ba44f32a67e058a20bab59ba675bd505e72d4d,car-02186,excel,car,Porsche,,,Panamera,970,S HybrDI,Porsche Panamera S HybrDI,2011–2013,assets/vehicles/porsche/car-02186/,assets/vehicles/_quick/car-02186-1.webp,assets/vehicles/_quick/car-02186-2.webp,,,,content/articles/porsche/car-02186.md,no
4dddfabd7a164581df00ea3ee1f8d9ce5f3c7791,car-02187,excel,car,Porsche,,,Panamera,970,S PDK,Porsche Panamera S PDK,2009–2013,assets/vehicles/porsche/car-02187/,assets/vehicles/_quick/car-02187-1.webp,assets/vehicles/_quick/car-02187-2.webp,,,,content/articles/porsche/car-02187.md,no
a930f609cd716242152922485ca6aae3caee9970,car-02188,excel,car,Porsche,,,Panamera,970,Turbo,Porsche Panamera Turbo,2009–2013,assets/vehicles/porsche/car-02188/,assets/vehicles/_quick/car-02188-1.webp,assets/vehicles/_quick/car-02188-2.webp,,,,content/articles/porsche/car-02188.md,no
bdec523cfb3181420b1ed6e04ac369bf9a77990e,car-02189,excel,car,Porsche,,,Panamera,970,Turbo S,Porsche Panamera Turbo S,2011–2013,assets/vehicles/porsche/car-02189/,assets/vehicles/_quick/car-02189-1.webp,assets/vehicles/_quick/car-02189-2.webp,,,,content/articles/porsche/car-02189.md,no
149adc0a0f5aa3e9f795c1c2bf527eafda7d1f16,car-02190,excel,car,Renault,,,12,Gen 1,Gordini,Renault 12 Gordini,1970-1974–,assets/vehicles/renault/car-02190/,assets/vehicles/_quick/car-02190-1.webp,assets/vehicles/_quick/car-02190-2.webp,,,,content/articles/renault/car-02190.md,no
f64f003217dcff76a6f44ba26c7f07084bc3385c,car-02191,excel,car,Renault,,,12,Gen 1,Gordini kit,Renault 12 Gordini kit,1972-1974–,assets/vehicles/renault/car-02191/,assets/vehicles/_quick/car-02191-1.webp,assets/vehicles/_quick/car-02191-2.webp,,,,content/articles/renault/car-02191.md,no
c71f0d3ddbf0ad636e837eda71345464e11bb201,car-02192,excel,car,Renault,,,12,Gen 1,TL,Renault 12 TL,1969-1980–,assets/vehicles/renault/car-02192/,assets/vehicles/_quick/car-02192-1.webp,assets/vehicles/_quick/car-02192-2.webp,,,,content/articles/renault/car-02192.md,no
a8bbce3082c17ce4d3dc378d8e3bfdc54eda3226,car-02193,excel,car,Renault,,,12,Gen 1,TS,Renault 12 TS,1972-1978–,assets/vehicles/renault/car-02193/,assets/vehicles/_quick/car-02193-1.webp,assets/vehicles/_quick/car-02193-2.webp,,,,content/articles/renault/car-02193.md,no
ccde9953fd3d428e3efcfbe0bfea10d74307c8cf,car-02194,excel,car,Renault,,,17,Gen 1,TS,Renault 17 TS,1971-1974–,assets/vehicles/renault/car-02194/,assets/vehicles/_quick/car-02194-1.webp,assets/vehicles/_quick/car-02194-2.webp,,,,content/articles/renault/car-02194.md,no
85e0fbbd6d074a12c1bf7e6c5759363bb2e5edc1,car-02195,excel,car,Renault,,,17,Gen 1,TS,Renault 17 TS,1975-1979–,assets/vehicles/renault/car-02195/,assets/vehicles/_quick/car-02195-1.webp,assets/vehicles/_quick/car-02195-2.webp,,,,content/articles/renault/car-02195.md,no
79d1f224e012e2bb446e583650c211470f1f9133,car-02196,excel,car,Renault,,,17,Gen 1,TS Gordini,Renault 17 TS Gordini,1974-1977–,assets/vehicles/renault/car-02196/,assets/vehicles/_quick/car-02196-1.webp,assets/vehicles/_quick/car-02196-2.webp,,,,content/articles/renault/car-02196.md,no
8e7109bb7bcdc7497acd296df2864a1a4162e766,car-02197,excel,car,Renault,,,8,Gen 1,S,Renault 8 S,1968-1971–,assets/vehicles/renault/car-02197/,assets/vehicles/_quick/car-02197-1.webp,assets/vehicles/_quick/car-02197-2.webp,,,,content/articles/renault/car-02197.md,no
bdbe6b431c66cda6f6c22d8f1faef5614cee9f13,car-02198,excel,car,Renault,,,Clio,Gen 1,16S,Renault Clio 16S,1990-1992–,assets/vehicles/renault/car-02198/,assets/vehicles/_quick/car-02198-1.webp,assets/vehicles/_quick/car-02198-2.webp,,,,content/articles/renault/car-02198.md,no
c743039ee66cdefa6ec12d5544fe65e4347b21da,car-02199,excel,car,Renault,,,Clio,Gen 1,16v,Renault Clio 16v,1992-1996–,assets/vehicles/renault/car-02199/,assets/vehicles/_quick/car-02199-1.webp,assets/vehicles/_quick/car-02199-2.webp,,,,content/articles/renault/car-02199.md,no
fc5b6c920c23fcee2a1964800617f813b5069c46,car-02200,excel,car,Renault,,,Clio,II,1.6 16v,Renault Clio 1.6 16v,1998-2005–,assets/vehicles/renault/car-02200/,assets/vehicles/_quick/car-02200-1.webp,assets/vehicles/_quick/car-02200-2.webp,,,,content/articles/renault/car-02200.md,no
782773b2e77dfd496f05c5e8c87daf1ab143092a,car-02201,excel,car,Renault,,,Clio,II,1.6 16v Proactive,Renault Clio 1.6 16v Proactive,2002-2005–,assets/vehicles/renault/car-02201/,assets/vehicles/_quick/car-02201-1.webp,assets/vehicles/_quick/car-02201-2.webp,,,,content/articles/renault/car-02201.md,no
72c4807746b5694f1a643fb7f58704809a4cbc74,car-02202,excel,car,Renault,,,Clio,II,RS,Renault Clio RS,2000-2001–,assets/vehicles/renault/car-02202/,assets/vehicles/_quick/car-02202-1.webp,assets/vehicles/_quick/car-02202-2.webp,,,,content/articles/renault/car-02202.md,no
470836414648fc8a70b29b0178b0682920dfda65,car-02203,excel,car,Renault,,,Clio,II,RS2,Renault Clio RS2,2001-2004–,assets/vehicles/renault/car-02203/,assets/vehicles/_quick/car-02203-1.webp,assets/vehicles/_quick/car-02203-2.webp,,,,content/articles/renault/car-02203.md,no
470836414648fc8a70b29b0178b0682920dfda65,car-02204,excel,car,Renault,,,Clio,II,RS2,Renault Clio RS2,2001-2004–,assets/vehicles/renault/car-02204/,assets/vehicles/_quick/car-02204-1.webp,assets/vehicles/_quick/car-02204-2.webp,,,,content/articles/renault/car-02204.md,no
202fd9ba4a69c090e50ee59e6e3706df483f48da,car-02205,excel,car,Renault,,,Clio,II,RS3,Renault Clio RS3,2004-2005–,assets/vehicles/renault/car-02205/,assets/vehicles/_quick/car-02205-1.webp,assets/vehicles/_quick/car-02205-2.webp,,,,content/articles/renault/car-02205.md,no
fbb1c831c4b464d165d3a38cf8bac6d11d2570a6,car-02206,excel,car,Renault,,,Clio,IV,RS 200 EDC,Renault Clio RS 200 EDC,2013–2018,assets/vehicles/renault/car-02206/,assets/vehicles/_quick/car-02206-1.webp,assets/vehicles/_quick/car-02206-2.webp,,,,content/articles/renault/car-02206.md,no
bbb871fea8adfdf470223bee98ff39d4b56ba548,car-02207,excel,car,Renault,,,Clio,V,E-Tech,Renault Clio E-Tech,2023-–,assets/vehicles/renault/car-02207/,assets/vehicles/_quick/car-02207-1.webp,assets/vehicles/_quick/car-02207-2.webp,,,,content/articles/renault/car-02207.md,no
4efd644c5c0bdf1a39f7895c884f3ab8ced5b88f,car-02208,excel,car,Renault,,,Clio,V,E-Tech,Renault Clio E-Tech,2020-2022–,assets/vehicles/renault/car-02208/,assets/vehicles/_quick/car-02208-1.webp,assets/vehicles/_quick/car-02208-2.webp,,,,content/articles/renault/car-02208.md,no
300f0c464f6773f65ec688045ced0beb260ed96c,car-02209,excel,car,Renault,,,Clio,Gen 1,Williams,Renault Clio Williams,1993-1996–,assets/vehicles/renault/car-02209/,assets/vehicles/_quick/car-02209-1.webp,assets/vehicles/_quick/car-02209-2.webp,,,,content/articles/renault/car-02209.md,no
16b17eff3110933063348fd75cf996e7f184d3ac,car-02210,excel,car,Renault,,,Laguna,III,2.0 dCi 130,Renault Laguna 2.0 dCi 130,2010–2012,assets/vehicles/renault/car-02210/,assets/vehicles/_quick/car-02210-1.webp,assets/vehicles/_quick/car-02210-2.webp,,,,content/articles/renault/car-02210.md,no
0e42da8032bf58301a701b96dec864e631759f8b,car-02211,excel,car,Renault,,,Megane,II,1.4 16v,Renault Megane 1.4 16v,2002-2008–,assets/vehicles/renault/car-02211/,assets/vehicles/_quick/car-02211-1.webp,assets/vehicles/_quick/car-02211-2.webp,,,,content/articles/renault/car-02211.md,no
b34f8099433f9bf7e071efa7b5239538e0f63154,car-02212,excel,car,Renault,,,Megane,II,1.5 dCi,Renault Megane 1.5 dCi,2003-2005–,assets/vehicles/renault/car-02212/,assets/vehicles/_quick/car-02212-1.webp,assets/vehicles/_quick/car-02212-2.webp,,,,content/articles/renault/car-02212.md,no
188c764611196a30b08956a4225d1423eaa1b1db,car-02213,excel,car,Renault,,,Megane,II,1.5 dCi,Renault Megane 1.5 dCi,2002-2006–,assets/vehicles/renault/car-02213/,assets/vehicles/_quick/car-02213-1.webp,assets/vehicles/_quick/car-02213-2.webp,,,,content/articles/renault/car-02213.md,no
fa898b674a2c9b22c2b3468da2c09944f3cf8901,car-02214,excel,car,Renault,,,Megane,II,1.5 dCi,Renault Megane 1.5 dCi,2005-2008–,assets/vehicles/renault/car-02214/,assets/vehicles/_quick/car-02214-1.webp,assets/vehicles/_quick/car-02214-2.webp,,,,content/articles/renault/car-02214.md,no
ea098917f2a313fc7e4eac4ad125e5e4c0e22cfc,car-02215,excel,car,Renault,,,Megane,II,1.6 16v,Renault Megane 1.6 16v,2002-2005–,assets/vehicles/renault/car-02215/,assets/vehicles/_quick/car-02215-1.webp,assets/vehicles/_quick/car-02215-2.webp,,,,content/articles/renault/car-02215.md,no
1fb3479f0e326f3dba4da9d0c9a0342de975d40b,car-02216,excel,car,Renault,,,Megane,II,1.9 dCi,Renault Megane 1.9 dCi,2002-2008–,assets/vehicles/renault/car-02216/,assets/vehicles/_quick/car-02216-1.webp,assets/vehicles/_quick/car-02216-2.webp,,,,content/articles/renault/car-02216.md,no
d91d6a6c226aa76c9185bb5f4aaffe8c29c490f6,car-02217,excel,car,Renault,,,Megane,II,1.9 dCi,Renault Megane 1.9 dCi,2006-2009–,assets/vehicles/renault/car-02217/,assets/vehicles/_quick/car-02217-1.webp,assets/vehicles/_quick/car-02217-2.webp,,,,content/articles/renault/car-02217.md,no
14599eaff0bdf261acde9a59dada252a4c24ce86,car-02218,excel,car,Renault,,,Megane,II,2.0 16v,Renault Megane 2.0 16v,2003-2008–,assets/vehicles/renault/car-02218/,assets/vehicles/_quick/car-02218-1.webp,assets/vehicles/_quick/car-02218-2.webp,,,,content/articles/renault/car-02218.md,no
a194b45915e550d3256af3d3cf108fc990fa5c50,car-02219,excel,car,Renault,,,Megane,GT,II 2.0 dCi,Renault Megane II 2.0 dCi,2006-2008–,assets/vehicles/renault/car-02219/,assets/vehicles/_quick/car-02219-1.webp,assets/vehicles/_quick/car-02219-2.webp,,,,content/articles/renault/car-02219.md,no
184f7fee5513a6b3aa1df25e24236d5e068e10d1,car-02220,excel,car,Renault,,,Megane,GT,II 2.0 T,Renault Megane II 2.0 T,2004-2008–,assets/vehicles/renault/car-02220/,assets/vehicles/_quick/car-02220-1.webp,assets/vehicles/_quick/car-02220-2.webp,,,,content/articles/renault/car-02220.md,no
343c0fb886edc7008022460519f8039cf824eb9b,car-02221,excel,car,Renault,,,Megane,II,R26 R,Renault Megane R26 R,2008-2009–,assets/vehicles/renault/car-02221/,assets/vehicles/_quick/car-02221-1.webp,assets/vehicles/_quick/car-02221-2.webp,,,,content/articles/renault/car-02221.md,no
b93771d93fe329a4ed544f4828e88e977b418308,car-02222,excel,car,Renault,,,Megane,II,RS,Renault Megane RS,2004-2006–,assets/vehicles/renault/car-02222/,assets/vehicles/_quick/car-02222-1.webp,assets/vehicles/_quick/car-02222-2.webp,,,,content/articles/renault/car-02222.md,no
42c2c0cefcccf8f646d5b9b827b52bef9958b591,car-02223,excel,car,Renault,,,Megane,II,RS dCi,Renault Megane RS dCi,2007-2008–,assets/vehicles/renault/car-02223/,assets/vehicles/_quick/car-02223-1.webp,assets/vehicles/_quick/car-02223-2.webp,,,,content/articles/renault/car-02223.md,no
4bbb1f1ba38ff80a43d9d153c3a39df90dd364c4,car-02224,excel,car,Renault,,,Megane,II,RS F1 Team R25,Renault Megane RS F1 Team R25,2006-2006–,assets/vehicles/renault/car-02224/,assets/vehicles/_quick/car-02224-1.webp,assets/vehicles/_quick/car-02224-2.webp,,,,content/articles/renault/car-02224.md,no
b72c826b97bea9398ba2bc0b48e14e74325ac107,car-02225,excel,car,Renault,,,Megane,II,RS F1 Team R26,Renault Megane RS F1 Team R26,2006-2009–,assets/vehicles/renault/car-02225/,assets/vehicles/_quick/car-02225-1.webp,assets/vehicles/_quick/car-02225-2.webp,,,,content/articles/renault/car-02225.md,no
6e63ca8bd9d3dd9743ca6fba08ff6cd074df7011,car-02226,excel,car,Renault,,,Megane,IV,RS Trophy,Renault Megane RS Trophy,2018-2020–,assets/vehicles/renault/car-02226/,assets/vehicles/_quick/car-02226-1.webp,assets/vehicles/_quick/car-02226-2.webp,,,,content/articles/renault/car-02226.md,no
e4e0eeca8512fc843e044454e48dadd3ec8ed1e3,car-02227,excel,car,Renault,,,Super 5,Gen 1,GT Turbo,Renault Super 5 GT Turbo,1985-1987–,assets/vehicles/renault/car-02227/,assets/vehicles/_quick/car-02227-1.webp,assets/vehicles/_quick/car-02227-2.webp,,,,content/articles/renault/car-02227.md,no
088faf5bd05ff8688ffb1959cdf9ca7ebd131aa2,car-02228,excel,car,Renault,,,Twingo,II,RS,Renault Twingo RS,2008-2013–,assets/vehicles/renault/car-02228/,assets/vehicles/_quick/car-02228-1.webp,assets/vehicles/_quick/car-02228-2.webp,,,,content/articles/renault/car-02228.md,no
5c1075780f392bdbd501092a0c29b962753688b0,car-02229,excel,car,RUF,,,BTR,901B,-,RUF BTR,1983-1989–,assets/vehicles/ruf/car-02229/,assets/vehicles/_quick/car-02229-1.webp,assets/vehicles/_quick/car-02229-2.webp,,,,content/articles/ruf/car-02229.md,no
c22722dfae304c6c33b2b4c163ae490a848ecc98,car-02230,excel,car,RUF,,,BTR,964,3.8,RUF BTR 3.8,1992-1994–,assets/vehicles/ruf/car-02230/,assets/vehicles/_quick/car-02230-1.webp,assets/vehicles/_quick/car-02230-2.webp,,,,content/articles/ruf/car-02230.md,no
e882bcb2c20b08a68bd30f1fe3a195c3de20a719,car-02231,excel,car,RUF,,,BTR,901B,bv6,RUF BTR bv6,1988-1989–,assets/vehicles/ruf/car-02231/,assets/vehicles/_quick/car-02231-1.webp,assets/vehicles/_quick/car-02231-2.webp,,,,content/articles/ruf/car-02231.md,no
15bdb87b0578593c06f519473c4255fdaaa1f483,car-02232,excel,car,RUF,,,CTR,901B,-,RUF CTR,1987-1991–,assets/vehicles/ruf/car-02232/,assets/vehicles/_quick/car-02232-1.webp,assets/vehicles/_quick/car-02232-2.webp,,,,content/articles/ruf/car-02232.md,no
e4ffbb8e68f42a178d01cd75fe90dffbfdbeb99c,car-02233,excel,car,RUF,,,CTR2,993,-,RUF CTR2,1997-1997–,assets/vehicles/ruf/car-02233/,assets/vehicles/_quick/car-02233-1.webp,assets/vehicles/_quick/car-02233-2.webp,,,,content/articles/ruf/car-02233.md,no
66bd2f8618dcf739ee1bd40d5409b9a7cb40edc4,car-02234,excel,car,RUF,,,CTR3,Gen 1,Clubsport,RUF CTR3 Clubsport,2009-2012–,assets/vehicles/ruf/car-02234/,assets/vehicles/_quick/car-02234-1.webp,assets/vehicles/_quick/car-02234-2.webp,,,,content/articles/ruf/car-02234.md,no
fa52ce1011b0a08556717f37c3a40a82cacd77f6,car-02235,excel,car,RUF,,,CTR3,Gen 1,Clubsport Auto,RUF CTR3 Clubsport Auto,2012-2017–,assets/vehicles/ruf/car-02235/,assets/vehicles/_quick/car-02235-1.webp,assets/vehicles/_quick/car-02235-2.webp,,,,content/articles/ruf/car-02235.md,no
b9b18e952ab280282beeaacbeafe5b8b336cf3c9,car-02236,excel,car,RUF,,,R,996,-,RUF R,2002-2004–,assets/vehicles/ruf/car-02236/,assets/vehicles/_quick/car-02236-1.webp,assets/vehicles/_quick/car-02236-2.webp,,,,content/articles/ruf/car-02236.md,no
543852695cc59371d00d35d4def0e293a82adb91,car-02237,excel,car,RUF,,,RCT,993,-,RUF RCT,1993-1997–,assets/vehicles/ruf/car-02237/,assets/vehicles/_quick/car-02237-1.webp,assets/vehicles/_quick/car-02237-2.webp,,,,content/articles/ruf/car-02237.md,no
fe98f92d1440a1d5b01f66e3bd6f740b7179ae24,car-02238,excel,car,RUF,,,RT,997,12,RUF RT 12,2005-2009–,assets/vehicles/ruf/car-02238/,assets/vehicles/_quick/car-02238-1.webp,assets/vehicles/_quick/car-02238-2.webp,,,,content/articles/ruf/car-02238.md,no
147263ad681a4eab7ac6f8a9aab80f0f699533a6,car-02239,excel,car,RUF,,,RT,997,12 S,RUF RT 12 S,2009-2012–,assets/vehicles/ruf/car-02239/,assets/vehicles/_quick/car-02239-1.webp,assets/vehicles/_quick/car-02239-2.webp,,,,content/articles/ruf/car-02239.md,no
2634d1fa0b004bad90bc30edc9ad325da204e763,car-02240,excel,car,Saab,,,9-3,Gen 1,2.0 T,Saab 9-3 2.0 T,1998-2002–,assets/vehicles/saab/car-02240/,assets/vehicles/_quick/car-02240-1.webp,assets/vehicles/_quick/car-02240-2.webp,,,,content/articles/saab/car-02240.md,no
7719ded899757973119bb808b621c0356fdd0997,car-02241,excel,car,Saab,,,9-3,Gen 1,2.0 T,Saab 9-3 2.0 T,2000-2002–,assets/vehicles/saab/car-02241/,assets/vehicles/_quick/car-02241-1.webp,assets/vehicles/_quick/car-02241-2.webp,,,,content/articles/saab/car-02241.md,no
7719ded899757973119bb808b621c0356fdd0997,car-02242,excel,car,Saab,,,9-3,Gen 1,2.0 T,Saab 9-3 2.0 T,2000-2002–,assets/vehicles/saab/car-02242/,assets/vehicles/_quick/car-02242-1.webp,assets/vehicles/_quick/car-02242-2.webp,,,,content/articles/saab/car-02242.md,no
e58fcece6fcbfc156133e9d300557c318d8e7f87,car-02243,excel,car,Saab,,,9-3,Gen 1,2.0 T Aéro,Saab 9-3 2.0 T Aéro,1999-2002–,assets/vehicles/saab/car-02243/,assets/vehicles/_quick/car-02243-1.webp,assets/vehicles/_quick/car-02243-2.webp,,,,content/articles/saab/car-02243.md,no
29a6a6bbe04f893f0230ff715240f4527ed9c21e,car-02244,excel,car,Saab,,,9-3,Gen 1,2.0 T Aéro Cabriolet,Saab 9-3 2.0 T Aéro Cabriolet,1999-2002–,assets/vehicles/saab/car-02244/,assets/vehicles/_quick/car-02244-1.webp,assets/vehicles/_quick/car-02244-2.webp,,,,content/articles/saab/car-02244.md,no
44dd517ab5c4676597611afaa7e2a196828a6d47,car-02245,excel,car,Saab,,,9-3,Gen 1,2.0 T Cabriolet,Saab 9-3 2.0 T Cabriolet,1998-2002–,assets/vehicles/saab/car-02245/,assets/vehicles/_quick/car-02245-1.webp,assets/vehicles/_quick/car-02245-2.webp,,,,content/articles/saab/car-02245.md,no
6fcc706b7f5935b2eb391ff86b920f97083c1d1d,car-02246,excel,car,Saab,,,9-3,Gen 1,2.0 T SE,Saab 9-3 2.0 T SE,1999-2000–,assets/vehicles/saab/car-02246/,assets/vehicles/_quick/car-02246-1.webp,assets/vehicles/_quick/car-02246-2.webp,,,,content/articles/saab/car-02246.md,no
4d3dc7055368e47e96edf6e629ad0e55c9d80664,car-02247,excel,car,Saab,,,9-3,Gen 1,2.0 T Sport,Saab 9-3 2.0 T Sport,1999-2000–,assets/vehicles/saab/car-02247/,assets/vehicles/_quick/car-02247-1.webp,assets/vehicles/_quick/car-02247-2.webp,,,,content/articles/saab/car-02247.md,no
0cbb5c9258c65cfd2e9f0919bab48f53c14611a2,car-02248,excel,car,Saab,,,9-3,Gen 1,2.0 T Sport Cabriolet,Saab 9-3 2.0 T Sport Cabriolet,1999-2000–,assets/vehicles/saab/car-02248/,assets/vehicles/_quick/car-02248-1.webp,assets/vehicles/_quick/car-02248-2.webp,,,,content/articles/saab/car-02248.md,no
31b9e43b381ae628994302baa28bc3e31365ae1d,car-02249,excel,car,Saab,,,9-3,II,1.9 TDI,Saab 9-3 1.9 TDI,2004-2010–,assets/vehicles/saab/car-02249/,assets/vehicles/_quick/car-02249-1.webp,assets/vehicles/_quick/car-02249-2.webp,,,,content/articles/saab/car-02249.md,no
a4472d9e23e7965117111f97e6335e6762fc2c9b,car-02250,excel,car,Saab,,,9-3,II,1.9 TDI Cab,Saab 9-3 1.9 TDI Cab,2004-2010–,assets/vehicles/saab/car-02250/,assets/vehicles/_quick/car-02250-1.webp,assets/vehicles/_quick/car-02250-2.webp,,,,content/articles/saab/car-02250.md,no
d88da5033572773eb04a3b5063f1c906f33cb5b8,car-02251,excel,car,Saab,,,9-3,II,1.9 TDI Sport-Hatch,Saab 9-3 1.9 TDI Sport-Hatch,2004-2010–,assets/vehicles/saab/car-02251/,assets/vehicles/_quick/car-02251-1.webp,assets/vehicles/_quick/car-02251-2.webp,,,,content/articles/saab/car-02251.md,no
3ab466a4bdf83e50d630d9549824fd1389efc147,car-02252,excel,car,Saab,,,9-3,II,2.0 T,Saab 9-3 2.0 T,2002-2006–,assets/vehicles/saab/car-02252/,assets/vehicles/_quick/car-02252-1.webp,assets/vehicles/_quick/car-02252-2.webp,,,,content/articles/saab/car-02252.md,no
991fce335dc3cdfbaba0355126b0fff74c64f553,car-02253,excel,car,Saab,,,9-3,II,2.0 T A,Saab 9-3 2.0 T A,2002-2006–,assets/vehicles/saab/car-02253/,assets/vehicles/_quick/car-02253-1.webp,assets/vehicles/_quick/car-02253-2.webp,,,,content/articles/saab/car-02253.md,no
0bdf1976b00c2cb51f02effa28008edf29d79329,car-02254,excel,car,Saab,,,9-3,II,2.0 T Aéro,Saab 9-3 2.0 T Aéro,2002-2005–,assets/vehicles/saab/car-02254/,assets/vehicles/_quick/car-02254-1.webp,assets/vehicles/_quick/car-02254-2.webp,,,,content/articles/saab/car-02254.md,no
a95ad3ef9564ae485ae1aa1c9ac58d6889a76bbd,car-02255,excel,car,Saab,,,9-3,II,2.0 T Aéro Auto,Saab 9-3 2.0 T Aéro Auto,2002-2005–,assets/vehicles/saab/car-02255/,assets/vehicles/_quick/car-02255-1.webp,assets/vehicles/_quick/car-02255-2.webp,,,,content/articles/saab/car-02255.md,no
53c8a3a016c9f776d20e645655c48985417d7138,car-02256,excel,car,Saab,,,9-3,II,2.0 T Aéro Cab Auto,Saab 9-3 2.0 T Aéro Cab Auto,2003-2007–,assets/vehicles/saab/car-02256/,assets/vehicles/_quick/car-02256-1.webp,assets/vehicles/_quick/car-02256-2.webp,,,,content/articles/saab/car-02256.md,no
a781e9f3ed396c2378d5ed9e4b8b14ac843df41d,car-02257,excel,car,Saab,,,9-3,II,2.0 T Cabriolet,Saab 9-3 2.0 T Cabriolet,2003-2007–,assets/vehicles/saab/car-02257/,assets/vehicles/_quick/car-02257-1.webp,assets/vehicles/_quick/car-02257-2.webp,,,,content/articles/saab/car-02257.md,no
a781e9f3ed396c2378d5ed9e4b8b14ac843df41d,car-02258,excel,car,Saab,,,9-3,II,2.0 T Cabriolet,Saab 9-3 2.0 T Cabriolet,2003-2007–,assets/vehicles/saab/car-02258/,assets/vehicles/_quick/car-02258-1.webp,assets/vehicles/_quick/car-02258-2.webp,,,,content/articles/saab/car-02258.md,no
322c9f1dd27578ee191a230a081a66bfb2215ed0,car-02259,excel,car,Saab,,,9-3,II,2.2 TDI,Saab 9-3 2.2 TDI,2002-2004–,assets/vehicles/saab/car-02259/,assets/vehicles/_quick/car-02259-1.webp,assets/vehicles/_quick/car-02259-2.webp,,,,content/articles/saab/car-02259.md,no
71b0174f735777c5ec1275530330effed29cbfcc,car-02260,excel,car,Saab,,,9-3,II,2.8 T Aéro,Saab 9-3 2.8 T Aéro,2005-2007–,assets/vehicles/saab/car-02260/,assets/vehicles/_quick/car-02260-1.webp,assets/vehicles/_quick/car-02260-2.webp,,,,content/articles/saab/car-02260.md,no
b63667f92e4b79cb715a67be8c8b338bf9666306,car-02261,excel,car,Saab,,,9-3,II,2.8 T Aéro Sport-Hatch,Saab 9-3 2.8 T Aéro Sport-Hatch,2005-2007–,assets/vehicles/saab/car-02261/,assets/vehicles/_quick/car-02261-1.webp,assets/vehicles/_quick/car-02261-2.webp,,,,content/articles/saab/car-02261.md,no
e11c4794ff71efcfe6127ad24cc456b48c2fcc62,car-02262,excel,car,Saab,,,9-3,II,TTDI,Saab 9-3 TTDI,2007-2011–,assets/vehicles/saab/car-02262/,assets/vehicles/_quick/car-02262-1.webp,assets/vehicles/_quick/car-02262-2.webp,,,,content/articles/saab/car-02262.md,no
19df2cc6ccc8700d8b0c54300ef5ede900b62734,car-02263,excel,car,Saab,,,9-3,II,Turbo X,Saab 9-3 Turbo X,2008-2011–,assets/vehicles/saab/car-02263/,assets/vehicles/_quick/car-02263-1.webp,assets/vehicles/_quick/car-02263-2.webp,,,,content/articles/saab/car-02263.md,no
c9113699db8e5c3eca50b9c1cc0edfb8abc50bf7,car-02264,excel,car,Saab,,,9-3,II,Turbo X Sport-Hatch,Saab 9-3 Turbo X Sport-Hatch,2008-2011–,assets/vehicles/saab/car-02264/,assets/vehicles/_quick/car-02264-1.webp,assets/vehicles/_quick/car-02264-2.webp,,,,content/articles/saab/car-02264.md,no
1eb90a71614edc013f248c86eb8bf394fd12a23d,car-02265,excel,car,Saab,,,9-3,Gen 1,Viggen,Saab 9-3 Viggen,1999-2000–,assets/vehicles/saab/car-02265/,assets/vehicles/_quick/car-02265-1.webp,assets/vehicles/_quick/car-02265-2.webp,,,,content/articles/saab/car-02265.md,no
da670d0a308e5eddbe63b01e831996a86894630c,car-02266,excel,car,Saab,,,9-3,Gen 1,Viggen,Saab 9-3 Viggen,1999-1999–,assets/vehicles/saab/car-02266/,assets/vehicles/_quick/car-02266-1.webp,assets/vehicles/_quick/car-02266-2.webp,,,,content/articles/saab/car-02266.md,no
458b2e30bfe94f7469e13c03b6426f8b3020c8ce,car-02267,excel,car,Saab,,,9-3X,Gen 1,2.0T Biopower XWD,Saab 9-3X 2.0T Biopower XWD,2009-2011–,assets/vehicles/saab/car-02267/,assets/vehicles/_quick/car-02267-1.webp,assets/vehicles/_quick/car-02267-2.webp,,,,content/articles/saab/car-02267.md,no
cc74f294204d09b66cae88b8ca7f8bfaa935ee7e,car-02268,excel,car,SEAT,,,Altea,Gen 1,Freetrack 2.0 TSI,SEAT Altea Freetrack 2.0 TSI,2007-2009–,assets/vehicles/seat/car-02268/,assets/vehicles/_quick/car-02268-1.webp,assets/vehicles/_quick/car-02268-2.webp,,,,content/articles/seat/car-02268.md,no
577aceb022aed4fa0c7da7bad37d4db795a28f6a,car-02269,excel,car,SEAT,,,Córdoba,6K,1.8 16v,SEAT Córdoba 1.8 16v,1993-1996–,assets/vehicles/seat/car-02269/,assets/vehicles/_quick/car-02269-1.webp,assets/vehicles/_quick/car-02269-2.webp,,,,content/articles/seat/car-02269.md,no
efd8feca88a8acc1beb16510afc26318802d0862,car-02270,excel,car,SEAT,,,Córdoba,6K,2.0 GTi,SEAT Córdoba 2.0 GTi,1993-1999–,assets/vehicles/seat/car-02270/,assets/vehicles/_quick/car-02270-1.webp,assets/vehicles/_quick/car-02270-2.webp,,,,content/articles/seat/car-02270.md,no
ad2ad68c6bc26bd5eb2d08de24a86f7b51ba4226,car-02271,excel,car,SEAT,,,Córdoba,6K1,SX 2.0 16v,SEAT Córdoba SX 2.0 16v,1996-1999–,assets/vehicles/seat/car-02271/,assets/vehicles/_quick/car-02271-1.webp,assets/vehicles/_quick/car-02271-2.webp,,,,content/articles/seat/car-02271.md,no
83adfa689cac04de4ccffd59e687d522bb710f82,car-02272,excel,car,SEAT,,,Córdoba,6K2,Cupra,SEAT Córdoba Cupra,1999-2002–,assets/vehicles/seat/car-02272/,assets/vehicles/_quick/car-02272-1.webp,assets/vehicles/_quick/car-02272-2.webp,,,,content/articles/seat/car-02272.md,no
b0df5cc12fff763bee852ec289e2eccc021dfd44,car-02273,excel,car,SEAT,,,Córdoba,6L,II Tdi,SEAT Córdoba II Tdi,2002-2008–,assets/vehicles/seat/car-02273/,assets/vehicles/_quick/car-02273-1.webp,assets/vehicles/_quick/car-02273-2.webp,,,,content/articles/seat/car-02273.md,no
d3713ed656fcbf9295040cf5a9e1375aedff5b37,car-02274,excel,car,SEAT,,,Exeo,Gen 1,1.8 T,SEAT Exeo 1.8 T,2009-2010–,assets/vehicles/seat/car-02274/,assets/vehicles/_quick/car-02274-1.webp,assets/vehicles/_quick/car-02274-2.webp,,,,content/articles/seat/car-02274.md,no
5e8cb5aa0142b55a5d2965008bf41def0f4462e3,car-02275,excel,car,SEAT,,,Exeo,Gen 1,2.0 TDI,SEAT Exeo 2.0 TDI,2009-2013–,assets/vehicles/seat/car-02275/,assets/vehicles/_quick/car-02275-1.webp,assets/vehicles/_quick/car-02275-2.webp,,,,content/articles/seat/car-02275.md,no
6ff6779eb96d2b5e5e9ea9a4ef3b4aa12d4f24da,car-02276,excel,car,SEAT,,,Exeo,Gen 1,2.0 TDI,SEAT Exeo 2.0 TDI,2008-2013–,assets/vehicles/seat/car-02276/,assets/vehicles/_quick/car-02276-1.webp,assets/vehicles/_quick/car-02276-2.webp,,,,content/articles/seat/car-02276.md,no
6ff6779eb96d2b5e5e9ea9a4ef3b4aa12d4f24da,car-02277,excel,car,SEAT,,,Exeo,Gen 1,2.0 TDI,SEAT Exeo 2.0 TDI,2008-2013–,assets/vehicles/seat/car-02277/,assets/vehicles/_quick/car-02277-1.webp,assets/vehicles/_quick/car-02277-2.webp,,,,content/articles/seat/car-02277.md,no
531b8e61f9b9dbcacb378b30a19aeb70afa47087,car-02278,excel,car,SEAT,,,Exeo,Gen 1,2.0 TFSI,SEAT Exeo 2.0 TFSI,2009-2012–,assets/vehicles/seat/car-02278/,assets/vehicles/_quick/car-02278-1.webp,assets/vehicles/_quick/car-02278-2.webp,,,,content/articles/seat/car-02278.md,no
9b5f5ce3027484eb5e64944a55763db2f39147c1,car-02279,excel,car,SEAT,,,Ibiza,I,SXi,SEAT Ibiza SXi,1987-1992–,assets/vehicles/seat/car-02279/,assets/vehicles/_quick/car-02279-1.webp,assets/vehicles/_quick/car-02279-2.webp,,,,content/articles/seat/car-02279.md,no
23b82c1cded38a2b3dfede9743d43a6a7df2a367,car-02280,excel,car,SEAT,,,Ibiza,II,1.4 16v,SEAT Ibiza 1.4 16v,1999-2002–,assets/vehicles/seat/car-02280/,assets/vehicles/_quick/car-02280-1.webp,assets/vehicles/_quick/car-02280-2.webp,,,,content/articles/seat/car-02280.md,no
74bc9065fdc407fb9687af3122938508d245681f,car-02281,excel,car,SEAT,,,Ibiza,II,1.6i,SEAT Ibiza 1.6i,1993-1994–,assets/vehicles/seat/car-02281/,assets/vehicles/_quick/car-02281-1.webp,assets/vehicles/_quick/car-02281-2.webp,,,,content/articles/seat/car-02281.md,no
6eed97910d0b31267c57ff7c9ac0c5ef07513255,car-02282,excel,car,SEAT,,,Ibiza,II,1.8,SEAT Ibiza 1.8,1993-1996–,assets/vehicles/seat/car-02282/,assets/vehicles/_quick/car-02282-1.webp,assets/vehicles/_quick/car-02282-2.webp,,,,content/articles/seat/car-02282.md,no
887b92df0df75eba0f5c9367363d9065bf00766a,car-02283,excel,car,SEAT,,,Ibiza,II,1.8 T 20VT,SEAT Ibiza 1.8 T 20VT,1999-2002–,assets/vehicles/seat/car-02283/,assets/vehicles/_quick/car-02283-1.webp,assets/vehicles/_quick/car-02283-2.webp,,,,content/articles/seat/car-02283.md,no
887b92df0df75eba0f5c9367363d9065bf00766a,car-02284,excel,car,SEAT,,,Ibiza,II,1.8 T 20VT,SEAT Ibiza 1.8 T 20VT,1999-2002–,assets/vehicles/seat/car-02284/,assets/vehicles/_quick/car-02284-1.webp,assets/vehicles/_quick/car-02284-2.webp,,,,content/articles/seat/car-02284.md,no
a60827fddeee41ac56c463883fbf66f33eecaa70,car-02285,excel,car,SEAT,,,Ibiza,II,1.9 tdi,SEAT Ibiza 1.9 tdi,1998-2002–,assets/vehicles/seat/car-02285/,assets/vehicles/_quick/car-02285-1.webp,assets/vehicles/_quick/car-02285-2.webp,,,,content/articles/seat/car-02285.md,no
22403e6b136b8553590a493d0246fdc397502e37,car-02286,excel,car,SEAT,,,Ibiza,II,Cupra,SEAT Ibiza Cupra,2000-2002–,assets/vehicles/seat/car-02286/,assets/vehicles/_quick/car-02286-1.webp,assets/vehicles/_quick/car-02286-2.webp,,,,content/articles/seat/car-02286.md,no
0903534690228e1ad8f5a12ff8a772e3626321ae,car-02287,excel,car,SEAT,,,Ibiza,II,Cupra,SEAT Ibiza Cupra,1996-1999–,assets/vehicles/seat/car-02287/,assets/vehicles/_quick/car-02287-1.webp,assets/vehicles/_quick/car-02287-2.webp,,,,content/articles/seat/car-02287.md,no
ed64c3bebe1bf8f68d4a03b2645f05b7c8104d31,car-02288,excel,car,SEAT,,,Ibiza,II,Cupra R,SEAT Ibiza Cupra R,2001-2002–,assets/vehicles/seat/car-02288/,assets/vehicles/_quick/car-02288-1.webp,assets/vehicles/_quick/car-02288-2.webp,,,,content/articles/seat/car-02288.md,no
cd5571378340b45c89e5b70aec79e81454c231bf,car-02289,excel,car,SEAT,,,Ibiza,II,GTi,SEAT Ibiza GTi,1993-1996–,assets/vehicles/seat/car-02289/,assets/vehicles/_quick/car-02289-1.webp,assets/vehicles/_quick/car-02289-2.webp,,,,content/articles/seat/car-02289.md,no
4d613d4c04456038f00f98367e286feda9441c89,car-02290,excel,car,SEAT,,,Ibiza,II,GTi 16,SEAT Ibiza GTi 16,1994-1997–,assets/vehicles/seat/car-02290/,assets/vehicles/_quick/car-02290-1.webp,assets/vehicles/_quick/car-02290-2.webp,,,,content/articles/seat/car-02290.md,no
744bca8f11562ecaef52ac4e9284e824d1d150f6,car-02291,excel,car,SEAT,,,Ibiza,III,1.4,SEAT Ibiza 1.4,2006-2008–,assets/vehicles/seat/car-02291/,assets/vehicles/_quick/car-02291-1.webp,assets/vehicles/_quick/car-02291-2.webp,,,,content/articles/seat/car-02291.md,no
f05ec30855b11201c8930f4f083474538e0428a3,car-02292,excel,car,SEAT,,,Ibiza,III,1.4,SEAT Ibiza 1.4,2002-2006–,assets/vehicles/seat/car-02292/,assets/vehicles/_quick/car-02292-1.webp,assets/vehicles/_quick/car-02292-2.webp,,,,content/articles/seat/car-02292.md,no
f04cd0238622a6dafc2b75f06f6fff8df191c714,car-02293,excel,car,SEAT,,,Ibiza,III,1.9 tdi,SEAT Ibiza 1.9 tdi,2002-2008–,assets/vehicles/seat/car-02293/,assets/vehicles/_quick/car-02293-1.webp,assets/vehicles/_quick/car-02293-2.webp,,,,content/articles/seat/car-02293.md,no
ecb038a3b1757cbf21937cb09651bbd70df53159,car-02294,excel,car,SEAT,,,Ibiza,III,1.9 Tdi FR,SEAT Ibiza 1.9 Tdi FR,2006-2008–,assets/vehicles/seat/car-02294/,assets/vehicles/_quick/car-02294-1.webp,assets/vehicles/_quick/car-02294-2.webp,,,,content/articles/seat/car-02294.md,no
9699f13cc42448ee2d93c78a2fccc667f54214cd,car-02295,excel,car,SEAT,,,Ibiza,III,1.9 Tdi Sport,SEAT Ibiza 1.9 Tdi Sport,2002-2006–,assets/vehicles/seat/car-02295/,assets/vehicles/_quick/car-02295-1.webp,assets/vehicles/_quick/car-02295-2.webp,,,,content/articles/seat/car-02295.md,no
99225693ce91291e3c706c7d3c335bbc54f758a7,car-02296,excel,car,SEAT,,,Ibiza,III,Cupra,SEAT Ibiza Cupra,2004-2008–,assets/vehicles/seat/car-02296/,assets/vehicles/_quick/car-02296-1.webp,assets/vehicles/_quick/car-02296-2.webp,,,,content/articles/seat/car-02296.md,no
646018cefc1df0a3525ab399c0c9e666b4e1d37e,car-02297,excel,car,SEAT,,,Ibiza,III,Cupra Tdi,SEAT Ibiza Cupra Tdi,2004-2008–,assets/vehicles/seat/car-02297/,assets/vehicles/_quick/car-02297-1.webp,assets/vehicles/_quick/car-02297-2.webp,,,,content/articles/seat/car-02297.md,no
2aa4702bbc17518e8bd5f1e410461709ff824bfc,car-02298,excel,car,SEAT,,,Ibiza,III,FR,SEAT Ibiza FR,2004-2008–,assets/vehicles/seat/car-02298/,assets/vehicles/_quick/car-02298-1.webp,assets/vehicles/_quick/car-02298-2.webp,,,,content/articles/seat/car-02298.md,no
000c73bb36d2eedb1a0a8809a43128c851e6b8f1,car-02299,excel,car,SEAT,,,Ibiza,IV,1.0 TSi,SEAT Ibiza 1.0 TSi,2015-2016–,assets/vehicles/seat/car-02299/,assets/vehicles/_quick/car-02299-1.webp,assets/vehicles/_quick/car-02299-2.webp,,,,content/articles/seat/car-02299.md,no
cc1420fd5969063cf4d28d13fb79dc56a9ec13b1,car-02300,excel,car,SEAT,,,Ibiza,IV,1.2 TSi,SEAT Ibiza 1.2 TSi,2010-2015–,assets/vehicles/seat/car-02300/,assets/vehicles/_quick/car-02300-1.webp,assets/vehicles/_quick/car-02300-2.webp,,,,content/articles/seat/car-02300.md,no
34bf8481c8b9fa2c625960de5aefd99aed20e4a1,car-02301,excel,car,SEAT,,,Ibiza,IV,1.6 TDi,SEAT Ibiza 1.6 TDi,2009-2015–,assets/vehicles/seat/car-02301/,assets/vehicles/_quick/car-02301-1.webp,assets/vehicles/_quick/car-02301-2.webp,,,,content/articles/seat/car-02301.md,no
48b02956f5348c409b8a62313f5f0789c33ade4c,car-02302,excel,car,SEAT,,,Ibiza,IV,1.6 TDi 16v,SEAT Ibiza 1.6 TDi 16v,2008-2010–,assets/vehicles/seat/car-02302/,assets/vehicles/_quick/car-02302-1.webp,assets/vehicles/_quick/car-02302-2.webp,,,,content/articles/seat/car-02302.md,no
fb66ff17dc59018ce68ecc7a3e54744f87ed28e9,car-02303,excel,car,SEAT,,,Ibiza,IV,1.6 TDi 16v DSG7,SEAT Ibiza 1.6 TDi 16v DSG7,2008-2010–,assets/vehicles/seat/car-02303/,assets/vehicles/_quick/car-02303-1.webp,assets/vehicles/_quick/car-02303-2.webp,,,,content/articles/seat/car-02303.md,no
c602db1bc1a41f30074f157510056a63fb37fed2,car-02304,excel,car,SEAT,,,Ibiza,IV,1.9 TDi,SEAT Ibiza 1.9 TDi,2008-2009–,assets/vehicles/seat/car-02304/,assets/vehicles/_quick/car-02304-1.webp,assets/vehicles/_quick/car-02304-2.webp,,,,content/articles/seat/car-02304.md,no
84f769d140f5f1f673a58d469c8597f1e200ecde,car-02305,excel,car,SEAT,,,Ibiza,IV,Cupra,SEAT Ibiza Cupra,2009-2012–,assets/vehicles/seat/car-02305/,assets/vehicles/_quick/car-02305-1.webp,assets/vehicles/_quick/car-02305-2.webp,,,,content/articles/seat/car-02305.md,no
64755bd7dbaa1a60ec559db75b0eb08c7703b512,car-02306,excel,car,SEAT,,,Ibiza,IV,Cupra 2013,SEAT Ibiza Cupra 2013,2013-2015–,assets/vehicles/seat/car-02306/,assets/vehicles/_quick/car-02306-1.webp,assets/vehicles/_quick/car-02306-2.webp,,,,content/articles/seat/car-02306.md,no
5165a3b9b7155bc6814ec5eb2a08985bdb460d05,car-02307,excel,car,SEAT,,,Ibiza,6J1,SC 1.8 TSI Cupra,SEAT Ibiza SC 1.8 TSI Cupra,2015–2017,assets/vehicles/seat/car-02307/,assets/vehicles/_quick/car-02307-1.webp,assets/vehicles/_quick/car-02307-2.webp,,,,content/articles/seat/car-02307.md,no
0fa30b5b035a2cc6dc786b2cf165b1df83deade3,car-02308,excel,car,SEAT,,,Ibiza,IV,FR,SEAT Ibiza FR,2009-2012–,assets/vehicles/seat/car-02308/,assets/vehicles/_quick/car-02308-1.webp,assets/vehicles/_quick/car-02308-2.webp,,,,content/articles/seat/car-02308.md,no
2a241c3ffc62ba65cc67561559332abcc5b60c05,car-02309,excel,car,SEAT,,,Ibiza,IV,FR TDI,SEAT Ibiza FR TDI,2009-2015–,assets/vehicles/seat/car-02309/,assets/vehicles/_quick/car-02309-1.webp,assets/vehicles/_quick/car-02309-2.webp,,,,content/articles/seat/car-02309.md,no
b5079dce4c440941bcd10b08cfb49d144108cd7b,car-02310,excel,car,SEAT,,,Ibiza,V,1.0 TSi,SEAT Ibiza 1.0 TSi,2017-2020–,assets/vehicles/seat/car-02310/,assets/vehicles/_quick/car-02310-1.webp,assets/vehicles/_quick/car-02310-2.webp,,,,content/articles/seat/car-02310.md,no
765ad4cb436be65cb9faf85a241b0410e3ac7c49,car-02311,excel,car,SEAT,,,Ibiza,V,1.0 TSi,SEAT Ibiza 1.0 TSi,2020-–,assets/vehicles/seat/car-02311/,assets/vehicles/_quick/car-02311-1.webp,assets/vehicles/_quick/car-02311-2.webp,,,,content/articles/seat/car-02311.md,no
fae9e1a79555d2df7be06b5060e5be47489b1043,car-02312,excel,car,SEAT,,,Ibiza,V,1.0 TSi,SEAT Ibiza 1.0 TSi,2017-–,assets/vehicles/seat/car-02312/,assets/vehicles/_quick/car-02312-1.webp,assets/vehicles/_quick/car-02312-2.webp,,,,content/articles/seat/car-02312.md,no
46309109d71e8cf8818a7418f8b357519e48d945,car-02313,excel,car,SEAT,,,Ibiza,V,1.0 TSi DSG,SEAT Ibiza 1.0 TSi DSG,2017-2020–,assets/vehicles/seat/car-02313/,assets/vehicles/_quick/car-02313-1.webp,assets/vehicles/_quick/car-02313-2.webp,,,,content/articles/seat/car-02313.md,no
2d7f8e41369f8ec01d1aadc9ebce1b2317d1bf72,car-02314,excel,car,SEAT,,,Ibiza,V,1.0 TSi DSG,SEAT Ibiza 1.0 TSi DSG,2020-–,assets/vehicles/seat/car-02314/,assets/vehicles/_quick/car-02314-1.webp,assets/vehicles/_quick/car-02314-2.webp,,,,content/articles/seat/car-02314.md,no
17d7a84f9f2f343e98bf88007d9f68f06d2b0212,car-02315,excel,car,SEAT,,,Ibiza,V,1.5 TSi,SEAT Ibiza 1.5 TSi,2017-2018–,assets/vehicles/seat/car-02315/,assets/vehicles/_quick/car-02315-1.webp,assets/vehicles/_quick/car-02315-2.webp,,,,content/articles/seat/car-02315.md,no
2acb7c5a49939086bde8d757ac5ac3489885790c,car-02316,excel,car,SEAT,,,Ibiza,V,1.5 TSi DSG,SEAT Ibiza 1.5 TSi DSG,2020-–,assets/vehicles/seat/car-02316/,assets/vehicles/_quick/car-02316-1.webp,assets/vehicles/_quick/car-02316-2.webp,,,,content/articles/seat/car-02316.md,no
509d8c47e3b74dd936e5c7dd95d8ba4384f0d7f2,car-02317,excel,car,SEAT,,,Ibiza,V,1.6 TDi,SEAT Ibiza 1.6 TDi,2017-2019–,assets/vehicles/seat/car-02317/,assets/vehicles/_quick/car-02317-1.webp,assets/vehicles/_quick/car-02317-2.webp,,,,content/articles/seat/car-02317.md,no
825b8dd2b7a5665dc107fd754c68061825d613b0,car-02318,excel,car,SEAT,,,Leon,Gen 1,1.8 Sport4,SEAT Leon 1.8 Sport4,2000–2002,assets/vehicles/seat/car-02318/,assets/vehicles/_quick/car-02318-1.webp,assets/vehicles/_quick/car-02318-2.webp,,,,content/articles/seat/car-02318.md,no
db1e1b88098d6c8f1ad7039680d7736f60718c24,car-02319,excel,car,SEAT,,,Leon,Gen 1,1.9 Tdi,SEAT Leon 1.9 Tdi,2000-2004–,assets/vehicles/seat/car-02319/,assets/vehicles/_quick/car-02319-1.webp,assets/vehicles/_quick/car-02319-2.webp,,,,content/articles/seat/car-02319.md,no
631499a4efd1e034499ed43ee6d5ca1ad4f54aa4,car-02320,excel,car,SEAT,,,Leon,Gen 1,1.9 Tdi,SEAT Leon 1.9 Tdi,2003-2005–,assets/vehicles/seat/car-02320/,assets/vehicles/_quick/car-02320-1.webp,assets/vehicles/_quick/car-02320-2.webp,,,,content/articles/seat/car-02320.md,no
4a4c43df716438d3f0064b0fb4c2a9184355e32f,car-02321,excel,car,SEAT,,,Leon,Gen 1,1.9 Tdi,SEAT Leon 1.9 Tdi,2000-2006–,assets/vehicles/seat/car-02321/,assets/vehicles/_quick/car-02321-1.webp,assets/vehicles/_quick/car-02321-2.webp,,,,content/articles/seat/car-02321.md,no
d1acce029cd8d8fe1df70858fd2ebaa64fd15f64,car-02322,excel,car,SEAT,,,Leon,Gen 1,Cupra 4,SEAT Leon Cupra 4,2000-2003–,assets/vehicles/seat/car-02322/,assets/vehicles/_quick/car-02322-1.webp,assets/vehicles/_quick/car-02322-2.webp,,,,content/articles/seat/car-02322.md,no
dc25bc5c375fde52bbc7787e6daa4b1412f69dd4,car-02323,excel,car,SEAT,,,Leon,Gen 1,Cupra 4 Tdi,SEAT Leon Cupra 4 Tdi,2001-2003–,assets/vehicles/seat/car-02323/,assets/vehicles/_quick/car-02323-1.webp,assets/vehicles/_quick/car-02323-2.webp,,,,content/articles/seat/car-02323.md,no
696df370f8c6108f95f6f42d6ecebfe9c58c428c,car-02324,excel,car,SEAT,,,Leon,II,Cupra R,SEAT Leon Cupra R,2004-2006–,assets/vehicles/seat/car-02324/,assets/vehicles/_quick/car-02324-1.webp,assets/vehicles/_quick/car-02324-2.webp,,,,content/articles/seat/car-02324.md,no
b8ee1a8f5b3d8bef482a5db9c1506f711962897f,car-02325,excel,car,SEAT,,,Leon,Gen 1,Cupra R,SEAT Leon Cupra R,2002-2003–,assets/vehicles/seat/car-02325/,assets/vehicles/_quick/car-02325-1.webp,assets/vehicles/_quick/car-02325-2.webp,,,,content/articles/seat/car-02325.md,no
59845a3a72f16ac2c10e5f9c0f97f30444fa530a,car-02326,excel,car,SEAT,,,Leon,Gen 1,FR 1.8 20VT,SEAT Leon FR 1.8 20VT,2000–2005,assets/vehicles/seat/car-02326/,assets/vehicles/_quick/car-02326-1.webp,assets/vehicles/_quick/car-02326-2.webp,,,,content/articles/seat/car-02326.md,no
85c297107a158f3fbf18ea506c4b38cb29f7c723,car-02327,excel,car,SEAT,,,Leon,II,1.4 TSI,SEAT Leon 1.4 TSI,2007-2008–,assets/vehicles/seat/car-02327/,assets/vehicles/_quick/car-02327-1.webp,assets/vehicles/_quick/car-02327-2.webp,,,,content/articles/seat/car-02327.md,no
49e19fa13da8656574989a9fdde7c5e7eb205913,car-02328,excel,car,SEAT,,,Leon,II,1.8 TSI,SEAT Leon 1.8 TSI,2008-2013–,assets/vehicles/seat/car-02328/,assets/vehicles/_quick/car-02328-1.webp,assets/vehicles/_quick/car-02328-2.webp,,,,content/articles/seat/car-02328.md,no
1c43c146d84c863732294989d41288d7f6ae3970,car-02329,excel,car,SEAT,,,Leon,II,1.8 TSI DSG7,SEAT Leon 1.8 TSI DSG7,2008-2013–,assets/vehicles/seat/car-02329/,assets/vehicles/_quick/car-02329-1.webp,assets/vehicles/_quick/car-02329-2.webp,,,,content/articles/seat/car-02329.md,no
8c53f13bd3d8abfe505845984f75b3cf3f1e397a,car-02330,excel,car,SEAT,,,Leon,II,1.9 TDI,SEAT Leon 1.9 TDI,2005-2008–,assets/vehicles/seat/car-02330/,assets/vehicles/_quick/car-02330-1.webp,assets/vehicles/_quick/car-02330-2.webp,,,,content/articles/seat/car-02330.md,no
8007595bbe93e3dbd1ff93087767ea93bc0459c6,car-02331,excel,car,SEAT,,,Leon,II,2.0 FSI,SEAT Leon 2.0 FSI,2005-2009–,assets/vehicles/seat/car-02331/,assets/vehicles/_quick/car-02331-1.webp,assets/vehicles/_quick/car-02331-2.webp,,,,content/articles/seat/car-02331.md,no
dc25c87b94e2e2cb69402b9f335484c16da51c8d,car-02332,excel,car,SEAT,,,Leon,II,2.0 TDI,SEAT Leon 2.0 TDI,2005-2011–,assets/vehicles/seat/car-02332/,assets/vehicles/_quick/car-02332-1.webp,assets/vehicles/_quick/car-02332-2.webp,,,,content/articles/seat/car-02332.md,no
c49c4fdb870cac5ed6cadb3711bd04d96dd36a7f,car-02333,excel,car,SEAT,,,Leon,II,2.0 TDI FR,SEAT Leon 2.0 TDI FR,2006-2010–,assets/vehicles/seat/car-02333/,assets/vehicles/_quick/car-02333-1.webp,assets/vehicles/_quick/car-02333-2.webp,,,,content/articles/seat/car-02333.md,no
b848557c8242de0dd636ff58f147a8259ce8f537,car-02334,excel,car,SEAT,,,Leon,II,2.0 TFSI,SEAT Leon 2.0 TFSI,2005-2006–,assets/vehicles/seat/car-02334/,assets/vehicles/_quick/car-02334-1.webp,assets/vehicles/_quick/car-02334-2.webp,,,,content/articles/seat/car-02334.md,no
2fc14cfe4824386469025d93bf806cb94460bda5,car-02335,excel,car,SEAT,,,Leon,II,2.0 TFSI,SEAT Leon 2.0 TFSI,2006-2009–,assets/vehicles/seat/car-02335/,assets/vehicles/_quick/car-02335-1.webp,assets/vehicles/_quick/car-02335-2.webp,,,,content/articles/seat/car-02335.md,no
48fe5231da74cc8b1029600e05e104edc47864b0,car-02336,excel,car,SEAT,,,Leon,II,2.0 TSI,SEAT Leon 2.0 TSI,2009-2012–,assets/vehicles/seat/car-02336/,assets/vehicles/_quick/car-02336-1.webp,assets/vehicles/_quick/car-02336-2.webp,,,,content/articles/seat/car-02336.md,no
02b9ed19d7cc7c7ec07f61e0ca0c03910c7955c9,car-02337,excel,car,SEAT,,,Leon,II,Copa Edition,SEAT Leon Copa Edition,2008-2008–,assets/vehicles/seat/car-02337/,assets/vehicles/_quick/car-02337-1.webp,assets/vehicles/_quick/car-02337-2.webp,,,,content/articles/seat/car-02337.md,no
58ffc4d9971ba218592737641db668acb5245132,car-02338,excel,car,SEAT,,,Leon,II,Cupra,SEAT Leon Cupra,2007-2009–,assets/vehicles/seat/car-02338/,assets/vehicles/_quick/car-02338-1.webp,assets/vehicles/_quick/car-02338-2.webp,,,,content/articles/seat/car-02338.md,no
700e56c5794d188622fcd9c12cfc936b9da411ea,car-02339,excel,car,SEAT,,,Leon,II,Cupra R,SEAT Leon Cupra R,2009-2012–,assets/vehicles/seat/car-02339/,assets/vehicles/_quick/car-02339-1.webp,assets/vehicles/_quick/car-02339-2.webp,,,,content/articles/seat/car-02339.md,no
150044dbd1bd7c27c1c7714949eaa23f995badb0,car-02340,excel,car,SEAT,,,Leon,III,1.0 TSi,SEAT Leon 1.0 TSi,2015-2020–,assets/vehicles/seat/car-02340/,assets/vehicles/_quick/car-02340-1.webp,assets/vehicles/_quick/car-02340-2.webp,,,,content/articles/seat/car-02340.md,no
c8c53c2f05ab3fc11ed7c70c60329599cf4a30b1,car-02341,excel,car,SEAT,,,Leon,III,1.2 TSi,SEAT Leon 1.2 TSi,2012-2014–,assets/vehicles/seat/car-02341/,assets/vehicles/_quick/car-02341-1.webp,assets/vehicles/_quick/car-02341-2.webp,,,,content/articles/seat/car-02341.md,no
01d9b177d7168f31fb181348a952662b0a9341aa,car-02342,excel,car,SEAT,,,Leon,III,1.4 TSi,SEAT Leon 1.4 TSi,2012-2014–,assets/vehicles/seat/car-02342/,assets/vehicles/_quick/car-02342-1.webp,assets/vehicles/_quick/car-02342-2.webp,,,,content/articles/seat/car-02342.md,no
01d9b177d7168f31fb181348a952662b0a9341aa,car-02343,excel,car,SEAT,,,Leon,III,1.4 TSi,SEAT Leon 1.4 TSi,2012-2014–,assets/vehicles/seat/car-02343/,assets/vehicles/_quick/car-02343-1.webp,assets/vehicles/_quick/car-02343-2.webp,,,,content/articles/seat/car-02343.md,no
32bc11d7cd18f253b8be859fe5143c5a03478cb0,car-02344,excel,car,SEAT,,,Leon,III,1.5 TSi,SEAT Leon 1.5 TSi,2018-2020–,assets/vehicles/seat/car-02344/,assets/vehicles/_quick/car-02344-1.webp,assets/vehicles/_quick/car-02344-2.webp,,,,content/articles/seat/car-02344.md,no
f56481007b00de697869d83054e061803cb3241f,car-02345,excel,car,SEAT,,,Leon,III,1.5 TSi DSG,SEAT Leon 1.5 TSi DSG,2018-2020–,assets/vehicles/seat/car-02345/,assets/vehicles/_quick/car-02345-1.webp,assets/vehicles/_quick/car-02345-2.webp,,,,content/articles/seat/car-02345.md,no
7c11ce5814e7566d4eb3ad9d75b34b5ddb24fbac,car-02346,excel,car,SEAT,,,Leon,III,1.6 TDI,SEAT Leon 1.6 TDI,2016-–,assets/vehicles/seat/car-02346/,assets/vehicles/_quick/car-02346-1.webp,assets/vehicles/_quick/car-02346-2.webp,,,,content/articles/seat/car-02346.md,no
3d4dc543e15908e0e92c78ddd6b577392b99d7fd,car-02347,excel,car,SEAT,,,Leon,III,1.6 TDI,SEAT Leon 1.6 TDI,2012-2015–,assets/vehicles/seat/car-02347/,assets/vehicles/_quick/car-02347-1.webp,assets/vehicles/_quick/car-02347-2.webp,,,,content/articles/seat/car-02347.md,no
acc417a6cb36f8e20f9c3ccc7b8638f6a4db9440,car-02348,excel,car,SEAT,,,Leon,III,1.6 TDI Ecomotive,SEAT Leon 1.6 TDI Ecomotive,2013-2016–,assets/vehicles/seat/car-02348/,assets/vehicles/_quick/car-02348-1.webp,assets/vehicles/_quick/car-02348-2.webp,,,,content/articles/seat/car-02348.md,no
ea6adbd30ca8d71dc399a1159f1b05d135820ead,car-02349,excel,car,SEAT,,,Leon,III,1.8 TSi,SEAT Leon 1.8 TSi,2013-2018–,assets/vehicles/seat/car-02349/,assets/vehicles/_quick/car-02349-1.webp,assets/vehicles/_quick/car-02349-2.webp,,,,content/articles/seat/car-02349.md,no
c3ecffaaddb56df7ddf890c4a2515e29e97802e3,car-02350,excel,car,SEAT,,,Leon,III,2.0 TDI,SEAT Leon 2.0 TDI,2012-2015–,assets/vehicles/seat/car-02350/,assets/vehicles/_quick/car-02350-1.webp,assets/vehicles/_quick/car-02350-2.webp,,,,content/articles/seat/car-02350.md,no
01a8dce65e77504f1be0b265c33aca76501339d9,car-02351,excel,car,SEAT,,,Leon,III,2.0 TDI,SEAT Leon 2.0 TDI,2013-2019–,assets/vehicles/seat/car-02351/,assets/vehicles/_quick/car-02351-1.webp,assets/vehicles/_quick/car-02351-2.webp,,,,content/articles/seat/car-02351.md,no
369aec006d4980a23f497d43e0d5834a837c1809,car-02352,excel,car,SEAT,,,Leon,III,Cupra,SEAT Leon Cupra,2014-2015–,assets/vehicles/seat/car-02352/,assets/vehicles/_quick/car-02352-1.webp,assets/vehicles/_quick/car-02352-2.webp,,,,content/articles/seat/car-02352.md,no
369aec006d4980a23f497d43e0d5834a837c1809,car-02353,excel,car,SEAT,,,Leon,III,Cupra,SEAT Leon Cupra,2014-2015–,assets/vehicles/seat/car-02353/,assets/vehicles/_quick/car-02353-1.webp,assets/vehicles/_quick/car-02353-2.webp,,,,content/articles/seat/car-02353.md,no
92d3dc41fe8ead574fd7f7d1adff008cfb10580b,car-02354,excel,car,SEAT,,,Leon,III,Cupra,SEAT Leon Cupra,2017-2018–,assets/vehicles/seat/car-02354/,assets/vehicles/_quick/car-02354-1.webp,assets/vehicles/_quick/car-02354-2.webp,,,,content/articles/seat/car-02354.md,no
2e90eabc48fb19a7a093fbf242545ddd343e4eb0,car-02355,excel,car,SEAT,,,Leon,III,Cupra DSG,SEAT Leon Cupra DSG,2017-2018–,assets/vehicles/seat/car-02355/,assets/vehicles/_quick/car-02355-1.webp,assets/vehicles/_quick/car-02355-2.webp,,,,content/articles/seat/car-02355.md,no
0e4bbd6cc385a54a1f4b97befd64d8720eea3801,car-02356,excel,car,SEAT,,,Leon,III,Cupra DSG,SEAT Leon Cupra DSG,2014-2015–,assets/vehicles/seat/car-02356/,assets/vehicles/_quick/car-02356-1.webp,assets/vehicles/_quick/car-02356-2.webp,,,,content/articles/seat/car-02356.md,no
2fcdb0988bc64144754edc393c82fa600256a86a,car-02357,excel,car,SEAT,,,Leon,III,Cupra DSG,SEAT Leon Cupra DSG,2015-2017–,assets/vehicles/seat/car-02357/,assets/vehicles/_quick/car-02357-1.webp,assets/vehicles/_quick/car-02357-2.webp,,,,content/articles/seat/car-02357.md,no
8988403d8d5723f22ea9d2a499ac25ca48bfb13a,car-02358,excel,car,SEAT,,,Leon,III,Cupra R,SEAT Leon Cupra R,2017-2018–,assets/vehicles/seat/car-02358/,assets/vehicles/_quick/car-02358-1.webp,assets/vehicles/_quick/car-02358-2.webp,,,,content/articles/seat/car-02358.md,no
90224d273309e67e775a149dba0cee9f9ccf40af,car-02359,excel,car,SEAT,,,Leon,III,Cupra R DSG,SEAT Leon Cupra R DSG,2017-2018–,assets/vehicles/seat/car-02359/,assets/vehicles/_quick/car-02359-1.webp,assets/vehicles/_quick/car-02359-2.webp,,,,content/articles/seat/car-02359.md,no
5c87908a1d91f5e5ae4d6461bb1b8595656f51f3,car-02360,excel,car,SEAT,,,Leon,III,SC 1.4 TSi,SEAT Leon SC 1.4 TSi,2012-2014–,assets/vehicles/seat/car-02360/,assets/vehicles/_quick/car-02360-1.webp,assets/vehicles/_quick/car-02360-2.webp,,,,content/articles/seat/car-02360.md,no
b81c5aa33f4c251f161f04064a88398bc88ad5ab,car-02361,excel,car,SEAT,,,Leon,III,SC 1.8 TSi,SEAT Leon SC 1.8 TSi,2013-2018–,assets/vehicles/seat/car-02361/,assets/vehicles/_quick/car-02361-1.webp,assets/vehicles/_quick/car-02361-2.webp,,,,content/articles/seat/car-02361.md,no
8862b50445774c73f47e6ca1464ccbbc542881a0,car-02362,excel,car,SEAT,,,Leon,III,SC 1.8 TSi DSG,SEAT Leon SC 1.8 TSi DSG,2013-2018–,assets/vehicles/seat/car-02362/,assets/vehicles/_quick/car-02362-1.webp,assets/vehicles/_quick/car-02362-2.webp,,,,content/articles/seat/car-02362.md,no
14da519e3121f211dd1834c00daad24462765609,car-02363,excel,car,SEAT,,,Leon,III,SC 2.0 TDI,SEAT Leon SC 2.0 TDI,2013-2018–,assets/vehicles/seat/car-02363/,assets/vehicles/_quick/car-02363-1.webp,assets/vehicles/_quick/car-02363-2.webp,,,,content/articles/seat/car-02363.md,no
5f96843e596ff6e01c8c14a966a8113b61377c5d,car-02364,excel,car,SEAT,,,Leon,III,SC 2.0 TDI,SEAT Leon SC 2.0 TDI,2012-2015–,assets/vehicles/seat/car-02364/,assets/vehicles/_quick/car-02364-1.webp,assets/vehicles/_quick/car-02364-2.webp,,,,content/articles/seat/car-02364.md,no
e2de3efc3355da61f4270986f618eae7d41e5486,car-02365,excel,car,SEAT,,,Leon,III,SC 2.0 TDI DSG,SEAT Leon SC 2.0 TDI DSG,2013-2018–,assets/vehicles/seat/car-02365/,assets/vehicles/_quick/car-02365-1.webp,assets/vehicles/_quick/car-02365-2.webp,,,,content/articles/seat/car-02365.md,no
72c120362972dc775a55e3bce01a9b76b3f6ca0e,car-02366,excel,car,SEAT,,,Leon,III,SC Cupra,SEAT Leon SC Cupra,2017-2018–,assets/vehicles/seat/car-02366/,assets/vehicles/_quick/car-02366-1.webp,assets/vehicles/_quick/car-02366-2.webp,,,,content/articles/seat/car-02366.md,no
f6e7278da22e70d9484d1fe6bc89e0513fc6deb7,car-02367,excel,car,SEAT,,,Leon,III,SC Cupra,SEAT Leon SC Cupra,2015-2017–,assets/vehicles/seat/car-02367/,assets/vehicles/_quick/car-02367-1.webp,assets/vehicles/_quick/car-02367-2.webp,,,,content/articles/seat/car-02367.md,no
fcff0f652a975085cd9bbb217dabcc3d569278d9,car-02368,excel,car,SEAT,,,Leon,III,SC Cupra,SEAT Leon SC Cupra,2014-2015–,assets/vehicles/seat/car-02368/,assets/vehicles/_quick/car-02368-1.webp,assets/vehicles/_quick/car-02368-2.webp,,,,content/articles/seat/car-02368.md,no
4ee6002ffd3f21a3020c85bf317712cb588084a4,car-02369,excel,car,SEAT,,,Leon,III,SC Cupra DSG,SEAT Leon SC Cupra DSG,2015-2017–,assets/vehicles/seat/car-02369/,assets/vehicles/_quick/car-02369-1.webp,assets/vehicles/_quick/car-02369-2.webp,,,,content/articles/seat/car-02369.md,no
12a35b56c6053321e8d876ae02c9a04a8f4e1e92,car-02370,excel,car,SEAT,,,Leon,III,SC Cupra DSG,SEAT Leon SC Cupra DSG,2017-2018–,assets/vehicles/seat/car-02370/,assets/vehicles/_quick/car-02370-1.webp,assets/vehicles/_quick/car-02370-2.webp,,,,content/articles/seat/car-02370.md,no
16142caf33089927712bb8f7a0bde6fdbb70b95c,car-02371,excel,car,SEAT,,,Leon,III,SC Cupra DSG,SEAT Leon SC Cupra DSG,2014-2015–,assets/vehicles/seat/car-02371/,assets/vehicles/_quick/car-02371-1.webp,assets/vehicles/_quick/car-02371-2.webp,,,,content/articles/seat/car-02371.md,no
1194ee568c8cb7e9883229c5ca91ef9f7521de3f,car-02372,excel,car,SEAT,,,Leon,III,ST 1.4 TSi,SEAT Leon ST 1.4 TSi,2014-2018–,assets/vehicles/seat/car-02372/,assets/vehicles/_quick/car-02372-1.webp,assets/vehicles/_quick/car-02372-2.webp,,,,content/articles/seat/car-02372.md,no
1327529cf4e16485b0f4c5cc14032558cde0b2ec,car-02373,excel,car,SEAT,,,Leon,III,ST 2.0 TDI,SEAT Leon ST 2.0 TDI,2014-2018–,assets/vehicles/seat/car-02373/,assets/vehicles/_quick/car-02373-1.webp,assets/vehicles/_quick/car-02373-2.webp,,,,content/articles/seat/car-02373.md,no
236f22ba05f80745cf2ae24b3b0aee6208e563e3,car-02374,excel,car,SEAT,,,Leon,III,ST 2.0 TDI,SEAT Leon ST 2.0 TDI,2013-2020–,assets/vehicles/seat/car-02374/,assets/vehicles/_quick/car-02374-1.webp,assets/vehicles/_quick/car-02374-2.webp,,,,content/articles/seat/car-02374.md,no
e8cc207bb5350334daccdcff015a6f9d92f4a62d,car-02375,excel,car,SEAT,,,Leon,III,ST 2.0 TDI DSG,SEAT Leon ST 2.0 TDI DSG,2014-2018–,assets/vehicles/seat/car-02375/,assets/vehicles/_quick/car-02375-1.webp,assets/vehicles/_quick/car-02375-2.webp,,,,content/articles/seat/car-02375.md,no
e8cc207bb5350334daccdcff015a6f9d92f4a62d,car-02376,excel,car,SEAT,,,Leon,III,ST 2.0 TDI DSG,SEAT Leon ST 2.0 TDI DSG,2014-2018–,assets/vehicles/seat/car-02376/,assets/vehicles/_quick/car-02376-1.webp,assets/vehicles/_quick/car-02376-2.webp,,,,content/articles/seat/car-02376.md,no
b0944378664530e87fa7082d98ccb2d0aaa9e2c2,car-02377,excel,car,SEAT,,,Leon,III,ST 2.0 TSi,SEAT Leon ST 2.0 TSi,2018-2019–,assets/vehicles/seat/car-02377/,assets/vehicles/_quick/car-02377-1.webp,assets/vehicles/_quick/car-02377-2.webp,,,,content/articles/seat/car-02377.md,no
d70a8b9cab4e60f1b76b130f35ee56127478040e,car-02378,excel,car,SEAT,,,Leon,III,ST Cupra,SEAT Leon ST Cupra,2015-2015–,assets/vehicles/seat/car-02378/,assets/vehicles/_quick/car-02378-1.webp,assets/vehicles/_quick/car-02378-2.webp,,,,content/articles/seat/car-02378.md,no
d70a8b9cab4e60f1b76b130f35ee56127478040e,car-02379,excel,car,SEAT,,,Leon,III,ST Cupra,SEAT Leon ST Cupra,2015-2015–,assets/vehicles/seat/car-02379/,assets/vehicles/_quick/car-02379-1.webp,assets/vehicles/_quick/car-02379-2.webp,,,,content/articles/seat/car-02379.md,no
aea7aa23db227e2858750fd2c771487981d81ed2,car-02380,excel,car,SEAT,,,Leon,III,ST Cupra 4Drive DSG6,SEAT Leon ST Cupra 4Drive DSG6,2017-2018–,assets/vehicles/seat/car-02380/,assets/vehicles/_quick/car-02380-1.webp,assets/vehicles/_quick/car-02380-2.webp,,,,content/articles/seat/car-02380.md,no
1764fb1ad36aa672f2cf0c4c462fca59696fd8c9,car-02381,excel,car,SEAT,,,Leon,III,ST Cupra DSG,SEAT Leon ST Cupra DSG,2015-2015–,assets/vehicles/seat/car-02381/,assets/vehicles/_quick/car-02381-1.webp,assets/vehicles/_quick/car-02381-2.webp,,,,content/articles/seat/car-02381.md,no
790504eca6f085ce4979d3cada178d82ec697ddc,car-02382,excel,car,SEAT,,,Leon,III,ST Cupra R 4Drive DSG7,SEAT Leon ST Cupra R 4Drive DSG7,2019-2020–,assets/vehicles/seat/car-02382/,assets/vehicles/_quick/car-02382-1.webp,assets/vehicles/_quick/car-02382-2.webp,,,,content/articles/seat/car-02382.md,no
757912d67b3671c3c04c1b75743e1f386fd3a78f,car-02383,excel,car,Škoda,,,Octavia,1U,1.6,Škoda Octavia 1.6,1996-2000–,assets/vehicles/skoda/car-02383/,assets/vehicles/_quick/car-02383-1.webp,assets/vehicles/_quick/car-02383-2.webp,,,,content/articles/skoda/car-02383.md,no
fdc828791063354a648467f275b566e4a95474b7,car-02384,excel,car,Škoda,,,Octavia,1U,1.8,Škoda Octavia 1.8,1996-1999–,assets/vehicles/skoda/car-02384/,assets/vehicles/_quick/car-02384-1.webp,assets/vehicles/_quick/car-02384-2.webp,,,,content/articles/skoda/car-02384.md,no
048c988537151b63e9f086edac66ac868e6aac45,car-02385,excel,car,Škoda,,,Octavia,1U,1.8 T,Škoda Octavia 1.8 T,1998-2003–,assets/vehicles/skoda/car-02385/,assets/vehicles/_quick/car-02385-1.webp,assets/vehicles/_quick/car-02385-2.webp,,,,content/articles/skoda/car-02385.md,no
8d92ce881389f0adf98792bf0a69cf565f664d95,car-02386,excel,car,Škoda,,,Octavia,1U,1.9 TDi,Škoda Octavia 1.9 TDi,2002-2004–,assets/vehicles/skoda/car-02386/,assets/vehicles/_quick/car-02386-1.webp,assets/vehicles/_quick/car-02386-2.webp,,,,content/articles/skoda/car-02386.md,no
1c15ec7eec0ddd03bfd6ee2dee681a756de8812c,car-02387,excel,car,Škoda,,,Octavia,1U,1.9 TDi,Škoda Octavia 1.9 TDi,1997-2006–,assets/vehicles/skoda/car-02387/,assets/vehicles/_quick/car-02387-1.webp,assets/vehicles/_quick/car-02387-2.webp,,,,content/articles/skoda/car-02387.md,no
a7b38f9888e411bfc5745a79f917ef5091e5aea6,car-02388,excel,car,Škoda,,,Octavia,1U,RS,Škoda Octavia RS,2001-2004–,assets/vehicles/skoda/car-02388/,assets/vehicles/_quick/car-02388-1.webp,assets/vehicles/_quick/car-02388-2.webp,,,,content/articles/skoda/car-02388.md,no
e6cf24c1526848e44154ff571770badc9221e0e0,car-02389,excel,car,Škoda,,,Octavia,1Z,1.4 TSi,Škoda Octavia 1.4 TSi,2008-2013–,assets/vehicles/skoda/car-02389/,assets/vehicles/_quick/car-02389-1.webp,assets/vehicles/_quick/car-02389-2.webp,,,,content/articles/skoda/car-02389.md,no
84cbf3a522504136ed695e121e46ad9854415f71,car-02390,excel,car,Škoda,,,Octavia,1Z,1.6 MPi,Škoda Octavia 1.6 MPi,2004-2013–,assets/vehicles/skoda/car-02390/,assets/vehicles/_quick/car-02390-1.webp,assets/vehicles/_quick/car-02390-2.webp,,,,content/articles/skoda/car-02390.md,no
9141871b5db3efe274a564ee60ba14ec48431cde,car-02391,excel,car,Škoda,,,Octavia,1Z,1.8 TSi,Škoda Octavia 1.8 TSi,2007-2013–,assets/vehicles/skoda/car-02391/,assets/vehicles/_quick/car-02391-1.webp,assets/vehicles/_quick/car-02391-2.webp,,,,content/articles/skoda/car-02391.md,no
8efeb4192e2a82f1612e309777fe29c6484d96c9,car-02392,excel,car,Škoda,,,Octavia,1Z,1.9 TDI,Škoda Octavia 1.9 TDI,2004-2009–,assets/vehicles/skoda/car-02392/,assets/vehicles/_quick/car-02392-1.webp,assets/vehicles/_quick/car-02392-2.webp,,,,content/articles/skoda/car-02392.md,no
f7717d1eb1f737f67aa02bd23038b9d01b8f6898,car-02393,excel,car,Škoda,,,Octavia,1Z,2.0 TDI,Škoda Octavia 2.0 TDI,2004-2010–,assets/vehicles/skoda/car-02393/,assets/vehicles/_quick/car-02393-1.webp,assets/vehicles/_quick/car-02393-2.webp,,,,content/articles/skoda/car-02393.md,no
593ee5d5cf0578cfbe023dd24a96ce1401485c2c,car-02394,excel,car,Škoda,,,Octavia,1Z,2.0 TDI,Škoda Octavia 2.0 TDI,2005-2010–,assets/vehicles/skoda/car-02394/,assets/vehicles/_quick/car-02394-1.webp,assets/vehicles/_quick/car-02394-2.webp,,,,content/articles/skoda/car-02394.md,no
686e112599a3aad25034d45bf09a6578341dfdbc,car-02395,excel,car,Škoda,,,Octavia,1Z,Combi RS 2.0 TDI DSG,Škoda Octavia Combi RS 2.0 TDI DSG,2006-2013–,assets/vehicles/skoda/car-02395/,assets/vehicles/_quick/car-02395-1.webp,assets/vehicles/_quick/car-02395-2.webp,,,,content/articles/skoda/car-02395.md,no
564e2f857ea7081be07f21fd407f9289dcee48a6,car-02396,excel,car,Škoda,,,Octavia,1Z,Combi RS 2.0 TFSi,Škoda Octavia Combi RS 2.0 TFSi,2006-2013–,assets/vehicles/skoda/car-02396/,assets/vehicles/_quick/car-02396-1.webp,assets/vehicles/_quick/car-02396-2.webp,,,,content/articles/skoda/car-02396.md,no
fff9f4b4d03793776c04c89c0b99d85655665721,car-02397,excel,car,Škoda,,,Octavia,1Z,Combi RS 2.0 TFSi DSG,Škoda Octavia Combi RS 2.0 TFSi DSG,2008-2013–,assets/vehicles/skoda/car-02397/,assets/vehicles/_quick/car-02397-1.webp,assets/vehicles/_quick/car-02397-2.webp,,,,content/articles/skoda/car-02397.md,no
b67319a9ca96b9a3af545e5888bd470d553c8b1e,car-02398,excel,car,Škoda,,,Octavia,1Z,RS 2.0 TDI,Škoda Octavia RS 2.0 TDI,2006-2013–,assets/vehicles/skoda/car-02398/,assets/vehicles/_quick/car-02398-1.webp,assets/vehicles/_quick/car-02398-2.webp,,,,content/articles/skoda/car-02398.md,no
f3c78fb37787f4f6595039bf8ffc0c615596dde0,car-02399,excel,car,Škoda,,,Octavia,1Z,RS 2.0 TFSi,Škoda Octavia RS 2.0 TFSi,2005-2013–,assets/vehicles/skoda/car-02399/,assets/vehicles/_quick/car-02399-1.webp,assets/vehicles/_quick/car-02399-2.webp,,,,content/articles/skoda/car-02399.md,no
659c7d25ad7ac9e703c5de376030cedbd35e933f,car-02400,excel,car,Škoda,,,Octavia,5E,1.2 TSI,Škoda Octavia 1.2 TSI,2013-2015–,assets/vehicles/skoda/car-02400/,assets/vehicles/_quick/car-02400-1.webp,assets/vehicles/_quick/car-02400-2.webp,,,,content/articles/skoda/car-02400.md,no
46d21c8243b874ad0d5d3384c12fac018530bbd5,car-02401,excel,car,Škoda,,,Octavia,5E,1.4 TSI,Škoda Octavia 1.4 TSI,2013-2017–,assets/vehicles/skoda/car-02401/,assets/vehicles/_quick/car-02401-1.webp,assets/vehicles/_quick/car-02401-2.webp,,,,content/articles/skoda/car-02401.md,no
22914111c340672d50b0ed2d9d2df98239872691,car-02402,excel,car,Škoda,,,Octavia,5E,1.5 TSI DSG,Škoda Octavia 1.5 TSI DSG,2017-2019–,assets/vehicles/skoda/car-02402/,assets/vehicles/_quick/car-02402-1.webp,assets/vehicles/_quick/car-02402-2.webp,,,,content/articles/skoda/car-02402.md,no
30cd2cd98fe096258dca8b98ce98b22c08829c3d,car-02403,excel,car,Škoda,,,Octavia,5E,1.6 TDI,Škoda Octavia 1.6 TDI,2012-2016–,assets/vehicles/skoda/car-02403/,assets/vehicles/_quick/car-02403-1.webp,assets/vehicles/_quick/car-02403-2.webp,,,,content/articles/skoda/car-02403.md,no
fc36b6472b35e8302612d4e59ffbf42b316e533b,car-02404,excel,car,Škoda,,,Octavia,5E,1.8 TSI DSG,Škoda Octavia 1.8 TSI DSG,2013-2018–,assets/vehicles/skoda/car-02404/,assets/vehicles/_quick/car-02404-1.webp,assets/vehicles/_quick/car-02404-2.webp,,,,content/articles/skoda/car-02404.md,no
f593075395b794487f7e45e8831f96595d869ede,car-02405,excel,car,Škoda,,,Octavia,5E,2.0 TDI,Škoda Octavia 2.0 TDI,2013-2019–,assets/vehicles/skoda/car-02405/,assets/vehicles/_quick/car-02405-1.webp,assets/vehicles/_quick/car-02405-2.webp,,,,content/articles/skoda/car-02405.md,no
9ca63331b5bd7d32a9ab6c059809e5bc6950c837,car-02406,excel,car,Škoda,,,Octavia,5E,2.0 TDI DSG,Škoda Octavia 2.0 TDI DSG,2013-2019–,assets/vehicles/skoda/car-02406/,assets/vehicles/_quick/car-02406-1.webp,assets/vehicles/_quick/car-02406-2.webp,,,,content/articles/skoda/car-02406.md,no
81d7949cceae08e15e7358a498eac593b0658def,car-02407,excel,car,Škoda,,,Octavia,5E,2.0 TSI DSG,Škoda Octavia 2.0 TSI DSG,2018-2019–,assets/vehicles/skoda/car-02407/,assets/vehicles/_quick/car-02407-1.webp,assets/vehicles/_quick/car-02407-2.webp,,,,content/articles/skoda/car-02407.md,no
8dfadb838b991852194fa259c07fa03fbbfb10a3,car-02408,excel,car,Škoda,,,Octavia,5E,Combi 1.5 TSI DSG,Škoda Octavia Combi 1.5 TSI DSG,2017-2019–,assets/vehicles/skoda/car-02408/,assets/vehicles/_quick/car-02408-1.webp,assets/vehicles/_quick/car-02408-2.webp,,,,content/articles/skoda/car-02408.md,no
9486a421ee602bb2aa7256a2c94e4c8a886baf95,car-02409,excel,car,Škoda,,,Octavia,5E,Combi 1.6 TDI,Škoda Octavia Combi 1.6 TDI,2013-2015–,assets/vehicles/skoda/car-02409/,assets/vehicles/_quick/car-02409-1.webp,assets/vehicles/_quick/car-02409-2.webp,,,,content/articles/skoda/car-02409.md,no
0bd575aaed67805d2a2b3132c3e8f0ea33978488,car-02410,excel,car,Škoda,,,Octavia,5E,Combi 1.6 TDI DSG,Škoda Octavia Combi 1.6 TDI DSG,2017-2019–,assets/vehicles/skoda/car-02410/,assets/vehicles/_quick/car-02410-1.webp,assets/vehicles/_quick/car-02410-2.webp,,,,content/articles/skoda/car-02410.md,no
3febf920d18157685e698cd013c9f7cad3c34ab0,car-02411,excel,car,Škoda,,,Octavia,5E,Combi 1.8 TSI DSG,Škoda Octavia Combi 1.8 TSI DSG,2013-2018–,assets/vehicles/skoda/car-02411/,assets/vehicles/_quick/car-02411-1.webp,assets/vehicles/_quick/car-02411-2.webp,,,,content/articles/skoda/car-02411.md,no
ba8e5e47a8021eb3677e5a822ef2964efc47d81f,car-02412,excel,car,Škoda,,,Octavia,5E,Combi 1.8 TSI DSG 4x4,Škoda Octavia Combi 1.8 TSI DSG 4x4,2013-2018–,assets/vehicles/skoda/car-02412/,assets/vehicles/_quick/car-02412-1.webp,assets/vehicles/_quick/car-02412-2.webp,,,,content/articles/skoda/car-02412.md,no
ff6b070fd08277375f6bb22c463076bb919e37cd,car-02413,excel,car,Škoda,,,Octavia,5E,Combi 2.0 TDI,Škoda Octavia Combi 2.0 TDI,2013-2019–,assets/vehicles/skoda/car-02413/,assets/vehicles/_quick/car-02413-1.webp,assets/vehicles/_quick/car-02413-2.webp,,,,content/articles/skoda/car-02413.md,no
701ab6826906ccfedeabeef51c8d55945c5ec66c,car-02414,excel,car,Škoda,,,Octavia,5E,Combi RS 2.0 TDI,Škoda Octavia Combi RS 2.0 TDI,2013-2019–,assets/vehicles/skoda/car-02414/,assets/vehicles/_quick/car-02414-1.webp,assets/vehicles/_quick/car-02414-2.webp,,,,content/articles/skoda/car-02414.md,no
a8a83f8a1e7f807d764049d2a3beda611a13840c,car-02415,excel,car,Škoda,,,Octavia,5E,Combi RS 2.0 TDI DSG,Škoda Octavia Combi RS 2.0 TDI DSG,2013-2019–,assets/vehicles/skoda/car-02415/,assets/vehicles/_quick/car-02415-1.webp,assets/vehicles/_quick/car-02415-2.webp,,,,content/articles/skoda/car-02415.md,no
c1bb73cfcf2060b90d95026fadfda14940307468,car-02416,excel,car,Škoda,,,Octavia,5E,Combi RS 2.0 TSI,Škoda Octavia Combi RS 2.0 TSI,2017-2020–,assets/vehicles/skoda/car-02416/,assets/vehicles/_quick/car-02416-1.webp,assets/vehicles/_quick/car-02416-2.webp,,,,content/articles/skoda/car-02416.md,no
476e231bfb644d8dcd4b4fe2cba66a04662c5794,car-02417,excel,car,Škoda,,,Octavia,5E,Combi RS 2.0 TSI,Škoda Octavia Combi RS 2.0 TSI,2013-2017–,assets/vehicles/skoda/car-02417/,assets/vehicles/_quick/car-02417-1.webp,assets/vehicles/_quick/car-02417-2.webp,,,,content/articles/skoda/car-02417.md,no
64f29dfe32543abd5b87f504682f06f177acce88,car-02418,excel,car,Škoda,,,Octavia,5E,Combi RS 2.0 TSI,Škoda Octavia Combi RS 2.0 TSI,2018-2018–,assets/vehicles/skoda/car-02418/,assets/vehicles/_quick/car-02418-1.webp,assets/vehicles/_quick/car-02418-2.webp,,,,content/articles/skoda/car-02418.md,no
180477c3b9b93385715c9bc6bb3da5c7892b3aaf,car-02419,excel,car,Škoda,,,Octavia,5E,Combi RS 2.0 TSI DSG,Škoda Octavia Combi RS 2.0 TSI DSG,2017-2020–,assets/vehicles/skoda/car-02419/,assets/vehicles/_quick/car-02419-1.webp,assets/vehicles/_quick/car-02419-2.webp,,,,content/articles/skoda/car-02419.md,no
daaa9e49c0d9f05c1b776db97476596834865cbf,car-02420,excel,car,Škoda,,,Octavia,5E,Combi RS 2.0 TSI DSG,Škoda Octavia Combi RS 2.0 TSI DSG,2013-2017–,assets/vehicles/skoda/car-02420/,assets/vehicles/_quick/car-02420-1.webp,assets/vehicles/_quick/car-02420-2.webp,,,,content/articles/skoda/car-02420.md,no
15b5d3f531e77abc71458aad609f3804764a96f1,car-02421,excel,car,Škoda,,,Octavia,5E,RS 2.0 TDI,Škoda Octavia RS 2.0 TDI,2013-2019–,assets/vehicles/skoda/car-02421/,assets/vehicles/_quick/car-02421-1.webp,assets/vehicles/_quick/car-02421-2.webp,,,,content/articles/skoda/car-02421.md,no
42626d0201accb30d32d6910a1b062c4df744a27,car-02422,excel,car,Škoda,,,Octavia,5E,RS 2.0 TDI DSG,Škoda Octavia RS 2.0 TDI DSG,2013-2015–,assets/vehicles/skoda/car-02422/,assets/vehicles/_quick/car-02422-1.webp,assets/vehicles/_quick/car-02422-2.webp,,,,content/articles/skoda/car-02422.md,no
6b0e6774ee3c3e39c49544799757a8ce305dc48a,car-02423,excel,car,Škoda,,,Octavia,5E,RS 2.0 TSI,Škoda Octavia RS 2.0 TSI,2015-2018–,assets/vehicles/skoda/car-02423/,assets/vehicles/_quick/car-02423-1.webp,assets/vehicles/_quick/car-02423-2.webp,,,,content/articles/skoda/car-02423.md,no
d6c5496ed8656f564bced057d165f28a883e6ebc,car-02424,excel,car,Škoda,,,Octavia,5E,RS 2.0 TSI DSG,Škoda Octavia RS 2.0 TSI DSG,2017-2019–,assets/vehicles/skoda/car-02424/,assets/vehicles/_quick/car-02424-1.webp,assets/vehicles/_quick/car-02424-2.webp,,,,content/articles/skoda/car-02424.md,no
41d7904864ec887f2a17f515b7482313ce86b06e,car-02425,excel,car,Škoda,,,Octavia,5E,RS 2.0 TSI DSG,Škoda Octavia RS 2.0 TSI DSG,2013-2017–,assets/vehicles/skoda/car-02425/,assets/vehicles/_quick/car-02425-1.webp,assets/vehicles/_quick/car-02425-2.webp,,,,content/articles/skoda/car-02425.md,no
824483f0cebcb51c675ed0035f7eaad5cd4093bf,car-02426,excel,car,Škoda,,,Octavia,5E,Scout 4x4 2.0 TDI,Škoda Octavia Scout 4x4 2.0 TDI,2014-2018–,assets/vehicles/skoda/car-02426/,assets/vehicles/_quick/car-02426-1.webp,assets/vehicles/_quick/car-02426-2.webp,,,,content/articles/skoda/car-02426.md,no
ab53910ed577d433e27170f374ffc2cd55684eed,car-02427,excel,car,Škoda,,,Octavia,5E,Scout 4x4 2.0 TDI DSG,Škoda Octavia Scout 4x4 2.0 TDI DSG,2014-2018–,assets/vehicles/skoda/car-02427/,assets/vehicles/_quick/car-02427-1.webp,assets/vehicles/_quick/car-02427-2.webp,,,,content/articles/skoda/car-02427.md,no
456e51c781043624d963d97ecc34866df8b7f580,car-02428,excel,car,Subaru,,,Impreza,Gen 1,WRX,Subaru Impreza WRX,2006-2007–,assets/vehicles/subaru/car-02428/,assets/vehicles/_quick/car-02428-1.webp,assets/vehicles/_quick/car-02428-2.webp,,,,content/articles/subaru/car-02428.md,no
9a61b103e70c6156e7e75d7cf2d0416cc172759f,car-02429,excel,car,Subaru,,,Impreza,Gen 1,WRX STI,Subaru Impreza WRX STI,2002-2005–,assets/vehicles/subaru/car-02429/,assets/vehicles/_quick/car-02429-1.webp,assets/vehicles/_quick/car-02429-2.webp,,,,content/articles/subaru/car-02429.md,no
dcca5e63c7ad209cf7bdab859b3d6d46055d3241,car-02430,excel,car,Subaru,,,Legacy,IV,2.0 D,Subaru Legacy 2.0 D,2008-2009–,assets/vehicles/subaru/car-02430/,assets/vehicles/_quick/car-02430-1.webp,assets/vehicles/_quick/car-02430-2.webp,,,,content/articles/subaru/car-02430.md,no
7cba6a1c515881b0b16e3f693bdcd15e4ede15a4,car-02431,excel,car,Subaru,,,Legacy,IV,2.5,Subaru Legacy 2.5,2003-2006–,assets/vehicles/subaru/car-02431/,assets/vehicles/_quick/car-02431-1.webp,assets/vehicles/_quick/car-02431-2.webp,,,,content/articles/subaru/car-02431.md,no
b4dc6a7e583006aeb5c1e47adcdfb72568904fd0,car-02432,excel,car,Subaru,,,Legacy,IV,2.5 GT Spec B,Subaru Legacy 2.5 GT Spec B,2006-2007–,assets/vehicles/subaru/car-02432/,assets/vehicles/_quick/car-02432-1.webp,assets/vehicles/_quick/car-02432-2.webp,,,,content/articles/subaru/car-02432.md,no
d0711de45cedc70a60db3bd9e5849acf258de777,car-02433,excel,car,Subaru,,,Legacy,IV,3.0 R,Subaru Legacy 3.0 R,2003-2006–,assets/vehicles/subaru/car-02433/,assets/vehicles/_quick/car-02433-1.webp,assets/vehicles/_quick/car-02433-2.webp,,,,content/articles/subaru/car-02433.md,no
907c22e5979de512f8ad38c4431c03f0bd7d22f4,car-02434,excel,car,Subaru,,,Legacy,IV,3.0 R Spec B,Subaru Legacy 3.0 R Spec B,2005-2009–,assets/vehicles/subaru/car-02434/,assets/vehicles/_quick/car-02434-1.webp,assets/vehicles/_quick/car-02434-2.webp,,,,content/articles/subaru/car-02434.md,no
1c71e2dc409bc94ea1b9c4aa5a687d3c5489ef02,car-02435,excel,car,Subaru,,,Outback,Gen 1,3.6 R,Subaru Outback 3.6 R,2009-2012–,assets/vehicles/subaru/car-02435/,assets/vehicles/_quick/car-02435-1.webp,assets/vehicles/_quick/car-02435-2.webp,,,,content/articles/subaru/car-02435.md,no
85f9d55ce4229645036c30c12bf58701a778d9bd,car-02436,excel,car,Subaru,,,WRX,Gen 1,-,Subaru WRX,2014-2018–,assets/vehicles/subaru/car-02436/,assets/vehicles/_quick/car-02436-1.webp,assets/vehicles/_quick/car-02436-2.webp,,,,content/articles/subaru/car-02436.md,no
401247cf5609ee3e356b5a30ee3867424cf4839d,car-02437,excel,car,Subaru,,,WRX,Gen 1,STI S,Subaru WRX STI S,2014-2018–,assets/vehicles/subaru/car-02437/,assets/vehicles/_quick/car-02437-1.webp,assets/vehicles/_quick/car-02437-2.webp,,,,content/articles/subaru/car-02437.md,no
f32e0c1512c192d82437d4a04ad669b9eb824824,car-02438,excel,car,Suzuki,,,Grand Vitara,JT,3p 1.9 DDiS,Suzuki Grand Vitara 3p 1.9 DDiS,2005–2008,assets/vehicles/suzuki/car-02438/,assets/vehicles/_quick/car-02438-1.webp,assets/vehicles/_quick/car-02438-2.webp,,,,content/articles/suzuki/car-02438.md,no
bc7262300813b58f556242d0eadb621a00c66373,car-02439,excel,car,Suzuki,,,Swift,III,1.6 Sport,Suzuki Swift 1.6 Sport,2007–2010,assets/vehicles/suzuki/car-02439/,assets/vehicles/_quick/car-02439-1.webp,assets/vehicles/_quick/car-02439-2.webp,,,,content/articles/suzuki/car-02439.md,no
d23a99df55b45c6a2c7b7d7a1b3f37fcb22d4dea,car-02440,excel,car,Suzuki,,,Swift,IV,1.6 Sport,Suzuki Swift 1.6 Sport,2011–2017,assets/vehicles/suzuki/car-02440/,assets/vehicles/_quick/car-02440-1.webp,assets/vehicles/_quick/car-02440-2.webp,,,,content/articles/suzuki/car-02440.md,no
7d2f970aa67e78702a81a79262aa0cbd4cc89771,car-02441,excel,car,Tesla,,,Model 3,Gen 1,Propulsion,Tesla Model 3 Propulsion,2023-–,assets/vehicles/tesla/car-02441/,assets/vehicles/_quick/car-02441-1.webp,assets/vehicles/_quick/car-02441-2.webp,,,,content/articles/tesla/car-02441.md,no
3c243419570cc1191cf59aa4b8ac24aea338bd2e,car-02442,excel,car,Toyota,,,Auris,Gen 1,1.6 manual,Toyota Auris 1.6 manual,2007–2012,assets/vehicles/toyota/car-02442/,assets/vehicles/_quick/car-02442-1.webp,assets/vehicles/_quick/car-02442-2.webp,,,,content/articles/toyota/car-02442.md,no
91363ada67b02a7a3649ae56c742f01c452a1831,car-02443,excel,car,Toyota,,,Auris,Gen 1,1.6 VVTi,Toyota Auris 1.6 VVTi,2009-2012–,assets/vehicles/toyota/car-02443/,assets/vehicles/_quick/car-02443-1.webp,assets/vehicles/_quick/car-02443-2.webp,,,,content/articles/toyota/car-02443.md,no
b52f379e1a05cb68b575d52c6ee4e8c150793c0c,car-02444,excel,car,Toyota,,,Auris,Gen 1,1.6 VVTi,Toyota Auris 1.6 VVTi,2007-2009–,assets/vehicles/toyota/car-02444/,assets/vehicles/_quick/car-02444-1.webp,assets/vehicles/_quick/car-02444-2.webp,,,,content/articles/toyota/car-02444.md,no
79337eadf603858ddfe71804498549b8eb3c0c03,car-02445,excel,car,Toyota,,,Auris,Gen 1,2.0 D-4D,Toyota Auris 2.0 D-4D,2007-2009–,assets/vehicles/toyota/car-02445/,assets/vehicles/_quick/car-02445-1.webp,assets/vehicles/_quick/car-02445-2.webp,,,,content/articles/toyota/car-02445.md,no
53ee236301a9bdd0bf6d2ed0170c303ad810cfa1,car-02446,excel,car,Toyota,,,Auris,Gen 1,2.2 D-4D,Toyota Auris 2.2 D-4D,2007-2010–,assets/vehicles/toyota/car-02446/,assets/vehicles/_quick/car-02446-1.webp,assets/vehicles/_quick/car-02446-2.webp,,,,content/articles/toyota/car-02446.md,no
08bc3bdc24cc286eb117f0d587fc7ba7840c6406,car-02447,excel,car,Toyota,,,Auris,Gen 1,HybrDI,Toyota Auris HybrDI,2010-2012–,assets/vehicles/toyota/car-02447/,assets/vehicles/_quick/car-02447-1.webp,assets/vehicles/_quick/car-02447-2.webp,,,,content/articles/toyota/car-02447.md,no
863f6d8433cac9e4f6f786584c1cc9b4958db0c3,car-02448,excel,car,Toyota,,,Auris,Gen 1,Kompressor,Toyota Auris Kompressor,2011-2013–,assets/vehicles/toyota/car-02448/,assets/vehicles/_quick/car-02448-1.webp,assets/vehicles/_quick/car-02448-2.webp,,,,content/articles/toyota/car-02448.md,no
b41602ee7d1ae0c686d2b055b2516efecc6a0992,car-02449,excel,car,Toyota,,,Celica,AT200,1.8 ST,Toyota Celica 1.8 ST,1994-1999–,assets/vehicles/toyota/car-02449/,assets/vehicles/_quick/car-02449-1.webp,assets/vehicles/_quick/car-02449-2.webp,,,,content/articles/toyota/car-02449.md,no
41d6f5d0259fe1275f708a5f4363b0fd2b63b9a4,car-02450,excel,car,Toyota,,,Celica,ST162,2.0 GT,Toyota Celica 2.0 GT,1985-1989–,assets/vehicles/toyota/car-02450/,assets/vehicles/_quick/car-02450-1.webp,assets/vehicles/_quick/car-02450-2.webp,,,,content/articles/toyota/car-02450.md,no
332f7a4b089850d7f972b036a369fc740ef15bbf,car-02451,excel,car,Toyota,,,Celica,ST165,2.0 GT-Four,Toyota Celica 2.0 GT-Four,1987-1989–,assets/vehicles/toyota/car-02451/,assets/vehicles/_quick/car-02451-1.webp,assets/vehicles/_quick/car-02451-2.webp,,,,content/articles/toyota/car-02451.md,no
cc1e4febea1bf90f1240ffad70c60bdf70875f48,car-02452,excel,car,Toyota,,,Celica,ST182,2.0 GT,Toyota Celica 2.0 GT,1989-1994–,assets/vehicles/toyota/car-02452/,assets/vehicles/_quick/car-02452-1.webp,assets/vehicles/_quick/car-02452-2.webp,,,,content/articles/toyota/car-02452.md,no
3aafeb3641c0398ed4680b29d25ea066b7eb9170,car-02453,excel,car,Toyota,,,Celica,ST182,2.0 GT Cab,Toyota Celica 2.0 GT Cab,1991-1994–,assets/vehicles/toyota/car-02453/,assets/vehicles/_quick/car-02453-1.webp,assets/vehicles/_quick/car-02453-2.webp,,,,content/articles/toyota/car-02453.md,no
c4001f18cb99bb9e4dd65b181de967175eec3068,car-02454,excel,car,Toyota,,,Celica,ST182,2.0 GTi 16,Toyota Celica 2.0 GTi 16,1990-1992–,assets/vehicles/toyota/car-02454/,assets/vehicles/_quick/car-02454-1.webp,assets/vehicles/_quick/car-02454-2.webp,,,,content/articles/toyota/car-02454.md,no
d16b32c233c5fdf6d7c5e25163b1ec3f22b9e15e,car-02455,excel,car,Toyota,,,Celica,ST184,2.2 GT-S,Toyota Celica 2.2 GT-S,1991-1994–,assets/vehicles/toyota/car-02455/,assets/vehicles/_quick/car-02455-1.webp,assets/vehicles/_quick/car-02455-2.webp,,,,content/articles/toyota/car-02455.md,no
299b3708be2f1efda28bddddb8c05f0a473031d7,car-02456,excel,car,Toyota,,,Celica,ST185,2.0 GT-Four,Toyota Celica 2.0 GT-Four,1989-1994–,assets/vehicles/toyota/car-02456/,assets/vehicles/_quick/car-02456-1.webp,assets/vehicles/_quick/car-02456-2.webp,,,,content/articles/toyota/car-02456.md,no
4497e027988c3feb29c7bd8c828170bb6e291b5f,car-02457,excel,car,Toyota,,,Celica,ST185,2.0 GT-Four CSainz,Toyota Celica 2.0 GT-Four CSainz,1991-1993–,assets/vehicles/toyota/car-02457/,assets/vehicles/_quick/car-02457-1.webp,assets/vehicles/_quick/car-02457-2.webp,,,,content/articles/toyota/car-02457.md,no
22ac69fb194f0cb3f024d38e90efb75656b98395,car-02458,excel,car,Toyota,,,Celica,ST202,2.0 GT,Toyota Celica 2.0 GT,1994-1996–,assets/vehicles/toyota/car-02458/,assets/vehicles/_quick/car-02458-1.webp,assets/vehicles/_quick/car-02458-2.webp,,,,content/articles/toyota/car-02458.md,no
5ba72bc6b1ae3fffd1ede40e35382dfbd8981e78,car-02459,excel,car,Toyota,,,Celica,ST202,2.0 GT Cab,Toyota Celica 2.0 GT Cab,1994-1999–,assets/vehicles/toyota/car-02459/,assets/vehicles/_quick/car-02459-1.webp,assets/vehicles/_quick/car-02459-2.webp,,,,content/articles/toyota/car-02459.md,no
e9c79060ab0e3dff8ce4388ed1217e55bd012b0d,car-02460,excel,car,Toyota,,,Celica,ST202,SS III,Toyota Celica SS III,1995-1995–,assets/vehicles/toyota/car-02460/,assets/vehicles/_quick/car-02460-1.webp,assets/vehicles/_quick/car-02460-2.webp,,,,content/articles/toyota/car-02460.md,no
c9a8702c9c9cc8cb5600277422d3c7dd27944d57,car-02461,excel,car,Toyota,,,Celica,ST205,2.0 GT-Four,Toyota Celica 2.0 GT-Four,1994–1999,assets/vehicles/toyota/car-02461/,assets/vehicles/_quick/car-02461-1.webp,assets/vehicles/_quick/car-02461-2.webp,,,,content/articles/toyota/car-02461.md,no
ba8e47234ccb824db4d711fdc29fa5befb0fa638,car-02462,excel,car,Toyota,,,Celica,ZZT230,1.8 VVT-i,Toyota Celica 1.8 VVT-i,1999-2006–,assets/vehicles/toyota/car-02462/,assets/vehicles/_quick/car-02462-1.webp,assets/vehicles/_quick/car-02462-2.webp,,,,content/articles/toyota/car-02462.md,no
445231fd2f89c4459687f36e009eb20738161625,car-02463,excel,car,Toyota,,,Celica,ZZT231,1.8i TS,Toyota Celica 1.8i TS,2001-2007–,assets/vehicles/toyota/car-02463/,assets/vehicles/_quick/car-02463-1.webp,assets/vehicles/_quick/car-02463-2.webp,,,,content/articles/toyota/car-02463.md,no
041eb51771c207f17c4fe023d1ed3af1cc8f444d,car-02464,excel,car,Toyota,,,Corolla,E120,1.4 VVT-i,Toyota Corolla 1.4 VVT-i,2000-2007–,assets/vehicles/toyota/car-02464/,assets/vehicles/_quick/car-02464-1.webp,assets/vehicles/_quick/car-02464-2.webp,,,,content/articles/toyota/car-02464.md,no
c22fe6229f5d9522714510d355544c43b693378d,car-02465,excel,car,Toyota,,,Corolla,E120,1.6 VVT-i,Toyota Corolla 1.6 VVT-i,2000-2007–,assets/vehicles/toyota/car-02465/,assets/vehicles/_quick/car-02465-1.webp,assets/vehicles/_quick/car-02465-2.webp,,,,content/articles/toyota/car-02465.md,no
d8b764f3be266d1f9ec5becdd6b400d04ec1751e,car-02466,excel,car,Toyota,,,Corolla,E120,2.0 D-4D,Toyota Corolla 2.0 D-4D,2002-2004–,assets/vehicles/toyota/car-02466/,assets/vehicles/_quick/car-02466-1.webp,assets/vehicles/_quick/car-02466-2.webp,,,,content/articles/toyota/car-02466.md,no
31cd6b2ddf3dc9bbdd257cac50ec46518fc76519,car-02467,excel,car,Toyota,,,Corolla,E120,2.0 D-4D,Toyota Corolla 2.0 D-4D,2003-2007–,assets/vehicles/toyota/car-02467/,assets/vehicles/_quick/car-02467-1.webp,assets/vehicles/_quick/car-02467-2.webp,,,,content/articles/toyota/car-02467.md,no
757f1a358c6226d0acbb04bda5003d9aa7a83cfb,car-02468,excel,car,Toyota,,,Corolla,E120,TS,Toyota Corolla TS,2002-2005–,assets/vehicles/toyota/car-02468/,assets/vehicles/_quick/car-02468-1.webp,assets/vehicles/_quick/car-02468-2.webp,,,,content/articles/toyota/car-02468.md,no
ffc25cff1ba0e343acd0905e81b6e9323f7fbc1a,car-02469,excel,car,Toyota,,,Corolla,E120,TTE Compressor,Toyota Corolla TTE Compressor,2005-2006–,assets/vehicles/toyota/car-02469/,assets/vehicles/_quick/car-02469-1.webp,assets/vehicles/_quick/car-02469-2.webp,,,,content/articles/toyota/car-02469.md,no
58486606906fb1ad3f981b4fab49709b3b5a2d42,car-02470,excel,car,Toyota,,,Yaris,IV,GR,Toyota Yaris GR,2020-–,assets/vehicles/toyota/car-02470/,assets/vehicles/_quick/car-02470-1.webp,assets/vehicles/_quick/car-02470-2.webp,,,,content/articles/toyota/car-02470.md,no
2935ea5bf2fdbef8f7769b2eb134b62bb3407f9a,car-02471,excel,car,Toyota,,,GR86,Gen 1,-,Toyota GR86,2021-–,assets/vehicles/toyota/car-02471/,assets/vehicles/_quick/car-02471-1.webp,assets/vehicles/_quick/car-02471-2.webp,,,,content/articles/toyota/car-02471.md,no
49e093cef304380fd1ee29f314054ee8134502be,car-02472,excel,car,Toyota,,,GT86,Gen 1,-,Toyota GT86,2012-2020–,assets/vehicles/toyota/car-02472/,assets/vehicles/_quick/car-02472-1.webp,assets/vehicles/_quick/car-02472-2.webp,,,,content/articles/toyota/car-02472.md,no
b0d071bb0d75fc7a8eae4dba56094002c9343364,car-02473,excel,car,Toyota,,,Land Cruiser,J15,2.8 D-4D,Toyota Land Cruiser 2.8 D-4D,2020–2023,assets/vehicles/toyota/car-02473/,assets/vehicles/_quick/car-02473-1.webp,assets/vehicles/_quick/car-02473-2.webp,,,,content/articles/toyota/car-02473.md,no
c68cb46fb8e9e241a7d3f2402b2759739e63415f,car-02474,excel,car,Toyota,,,MR2,W1,-,Toyota MR2,1984-1989–,assets/vehicles/toyota/car-02474/,assets/vehicles/_quick/car-02474-1.webp,assets/vehicles/_quick/car-02474-2.webp,,,,content/articles/toyota/car-02474.md,no
9d927488e3303468a6a1761dbabd4f2163861ff1,car-02475,excel,car,Toyota,,,MR2,W1,Supercharged,Toyota MR2 Supercharged,1985-1989–,assets/vehicles/toyota/car-02475/,assets/vehicles/_quick/car-02475-1.webp,assets/vehicles/_quick/car-02475-2.webp,,,,content/articles/toyota/car-02475.md,no
4904fc88b75614435eec2061ad823500cfbb325a,car-02476,excel,car,Toyota,,,MR2,W2,-,Toyota MR2,1989-1993–,assets/vehicles/toyota/car-02476/,assets/vehicles/_quick/car-02476-1.webp,assets/vehicles/_quick/car-02476-2.webp,,,,content/articles/toyota/car-02476.md,no
14cff24d2162605f3c53b8aa485784be48114284,car-02477,excel,car,Toyota,,,MR2,W2,-,Toyota MR2,1993-1996–,assets/vehicles/toyota/car-02477/,assets/vehicles/_quick/car-02477-1.webp,assets/vehicles/_quick/car-02477-2.webp,,,,content/articles/toyota/car-02477.md,no
4904fc88b75614435eec2061ad823500cfbb325a,car-02478,excel,car,Toyota,,,MR2,W2,-,Toyota MR2,1989-1993–,assets/vehicles/toyota/car-02478/,assets/vehicles/_quick/car-02478-1.webp,assets/vehicles/_quick/car-02478-2.webp,,,,content/articles/toyota/car-02478.md,no
d3f9032428b96ccfd7b958ae8e1d020708fe6250,car-02479,excel,car,Toyota,,,MR2,W2,Turbo,Toyota MR2 Turbo,1989-1992–,assets/vehicles/toyota/car-02479/,assets/vehicles/_quick/car-02479-1.webp,assets/vehicles/_quick/car-02479-2.webp,,,,content/articles/toyota/car-02479.md,no
33ed5b44dc1ae2a69a22365ca0745617ed9d17d0,car-02480,excel,car,Toyota,,,MR2,W2,Turbo,Toyota MR2 Turbo,1989-1996–,assets/vehicles/toyota/car-02480/,assets/vehicles/_quick/car-02480-1.webp,assets/vehicles/_quick/car-02480-2.webp,,,,content/articles/toyota/car-02480.md,no
e1a0dc2dcd1b32c76954aa6ae54f802da3ce1bb2,car-02481,excel,car,Toyota,,,MR2,W3,-,Toyota MR2,1999-2007–,assets/vehicles/toyota/car-02481/,assets/vehicles/_quick/car-02481-1.webp,assets/vehicles/_quick/car-02481-2.webp,,,,content/articles/toyota/car-02481.md,no
5236aae60bbaf826bcf5e61e3a884e620655739e,car-02482,excel,car,Toyota,,,Rav4,III,2.2 D-4D,Toyota Rav4 2.2 D-4D,2006–2009,assets/vehicles/toyota/car-02482/,assets/vehicles/_quick/car-02482-1.webp,assets/vehicles/_quick/car-02482-2.webp,,,,content/articles/toyota/car-02482.md,no
94845c636f9bff368de2879d071a7b910189ea6a,car-02483,excel,car,Toyota,,,Supra,Gen 1,GR,Toyota Supra GR,2022-–,assets/vehicles/toyota/car-02483/,assets/vehicles/_quick/car-02483-1.webp,assets/vehicles/_quick/car-02483-2.webp,,,,content/articles/toyota/car-02483.md,no
94845c636f9bff368de2879d071a7b910189ea6a,car-02484,excel,car,Toyota,,,Supra,Gen 1,GR,Toyota Supra GR,2022-–,assets/vehicles/toyota/car-02484/,assets/vehicles/_quick/car-02484-1.webp,assets/vehicles/_quick/car-02484-2.webp,,,,content/articles/toyota/car-02484.md,no
90ec55ffba6af534abca44d1ea4de19e823ddfbb,car-02485,excel,car,Toyota,,,Yaris,XP90,3p 1.3 VVT-i,Toyota Yaris 3p 1.3 VVT-i,2006–2009,assets/vehicles/toyota/car-02485/,assets/vehicles/_quick/car-02485-1.webp,assets/vehicles/_quick/car-02485-2.webp,,,,content/articles/toyota/car-02485.md,no
fa103fcf57c045e152e0646f80f9ada22527176b,car-02486,excel,car,Toyota,,,Yaris,XP90,3p 1.3 VVT-i Dual,Toyota Yaris 3p 1.3 VVT-i Dual,2009–2011,assets/vehicles/toyota/car-02486/,assets/vehicles/_quick/car-02486-1.webp,assets/vehicles/_quick/car-02486-2.webp,,,,content/articles/toyota/car-02486.md,no
f1a97b8dd2505f8108cf8cc7023d5eccd4219ddb,car-02487,excel,car,Toyota,,,Yaris,IV,1.5i VVT,Toyota Yaris 1.5i VVT,2020-–,assets/vehicles/toyota/car-02487/,assets/vehicles/_quick/car-02487-1.webp,assets/vehicles/_quick/car-02487-2.webp,,,,content/articles/toyota/car-02487.md,no
941dff053de2c9aea09c5478fabe832e81addfcd,car-02488,excel,car,Toyota,,,Yaris,Gen 1,TS,Toyota Yaris TS,2001-2006–,assets/vehicles/toyota/car-02488/,assets/vehicles/_quick/car-02488-1.webp,assets/vehicles/_quick/car-02488-2.webp,,,,content/articles/toyota/car-02488.md,no
9ad9fd06e969e449cf87f514e668fa8e015d0a7b,car-02489,excel,car,Volvo,,,850,Gen 1,R,Volvo 850 R,1995-1996–,assets/vehicles/volvo/car-02489/,assets/vehicles/_quick/car-02489-1.webp,assets/vehicles/_quick/car-02489-2.webp,,,,content/articles/volvo/car-02489.md,no
3fafadbeb1a99b8c0d7cc530390d349dad2757cc,car-02490,excel,car,Volvo,,,940,Gen 1,GL,Volvo 940 GL,1990-1993–,assets/vehicles/volvo/car-02490/,assets/vehicles/_quick/car-02490-1.webp,assets/vehicles/_quick/car-02490-2.webp,,,,content/articles/volvo/car-02490.md,no
d0d2a039366d75b1c97d0b548f3e5dd7f2278664,car-02491,excel,car,Volvo,,,C30,Gen 1,1.6,Volvo C30 1.6,2006-2010–,assets/vehicles/volvo/car-02491/,assets/vehicles/_quick/car-02491-1.webp,assets/vehicles/_quick/car-02491-2.webp,,,,content/articles/volvo/car-02491.md,no
69aa016e8eba7db0e8748cd4c41ae085c3ea11cb,car-02492,excel,car,Volvo,,,C30,Gen 1,1.6 D,Volvo C30 1.6 D,2006-2010–,assets/vehicles/volvo/car-02492/,assets/vehicles/_quick/car-02492-1.webp,assets/vehicles/_quick/car-02492-2.webp,,,,content/articles/volvo/car-02492.md,no
81931647ae4456b39951e549cdddeb6abcf9bece,car-02493,excel,car,Volvo,,,C30,Gen 1,2.0 D,Volvo C30 2.0 D,2006-2010–,assets/vehicles/volvo/car-02493/,assets/vehicles/_quick/car-02493-1.webp,assets/vehicles/_quick/car-02493-2.webp,,,,content/articles/volvo/car-02493.md,no
eeb61443d60fe05eb130f0797e45846345a723ad,car-02494,excel,car,Volvo,,,C30,Gen 1,2.4,Volvo C30 2.4,2006-2010–,assets/vehicles/volvo/car-02494/,assets/vehicles/_quick/car-02494-1.webp,assets/vehicles/_quick/car-02494-2.webp,,,,content/articles/volvo/car-02494.md,no
32bf7fc897f19f583fc460a79e59a2511c8d0078,car-02495,excel,car,Volvo,,,C30,Gen 1,D3 Auto,Volvo C30 D3 Auto,2010-2012–,assets/vehicles/volvo/car-02495/,assets/vehicles/_quick/car-02495-1.webp,assets/vehicles/_quick/car-02495-2.webp,,,,content/articles/volvo/car-02495.md,no
23874dfe92bb2283be1b540ce6a231d76a8e5b91,car-02496,excel,car,Volvo,,,C30,Gen 1,D5,Volvo C30 D5,2008-2010–,assets/vehicles/volvo/car-02496/,assets/vehicles/_quick/car-02496-1.webp,assets/vehicles/_quick/car-02496-2.webp,,,,content/articles/volvo/car-02496.md,no
67479345570ebd2e2e24969a09e2eb1310d62c69,car-02497,excel,car,Volvo,,,C30,Gen 1,D5 Auto,Volvo C30 D5 Auto,2006-2010–,assets/vehicles/volvo/car-02497/,assets/vehicles/_quick/car-02497-1.webp,assets/vehicles/_quick/car-02497-2.webp,,,,content/articles/volvo/car-02497.md,no
b9240e28cbcd0eb17d1dd3ae9dd9d06f863a3ec1,car-02498,excel,car,Volvo,,,C30,Gen 1,Electric,Volvo C30 Electric,2011-2012–,assets/vehicles/volvo/car-02498/,assets/vehicles/_quick/car-02498-1.webp,assets/vehicles/_quick/car-02498-2.webp,,,,content/articles/volvo/car-02498.md,no
240ad0981e81a62c1a94f0593e48591ea19c340c,car-02499,excel,car,Volvo,,,C30,Gen 1,T5,Volvo C30 T5,2006–2009,assets/vehicles/volvo/car-02499/,assets/vehicles/_quick/car-02499-1.webp,assets/vehicles/_quick/car-02499-2.webp,,,,content/articles/volvo/car-02499.md,no
fb1ad6275dde757570fb63c2be82809d4f359c13,car-02500,excel,car,Volvo,,,C30,Gen 1,T5,Volvo C30 T5,2009–2012,assets/vehicles/volvo/car-02500/,assets/vehicles/_quick/car-02500-1.webp,assets/vehicles/_quick/car-02500-2.webp,,,,content/articles/volvo/car-02500.md,no
abbac14362ad1e9ec0166e9ac26c79be8135a396,car-02501,excel,car,Volvo,,,C30,Gen 1,T5 Aut.,Volvo C30 T5 Aut.,2006–2009,assets/vehicles/volvo/car-02501/,assets/vehicles/_quick/car-02501-1.webp,assets/vehicles/_quick/car-02501-2.webp,,,,content/articles/volvo/car-02501.md,no
dd49d222938ce812e3146acc8f8ca6763ec59ca7,car-02502,excel,car,Volvo,,,C30,Gen 1,T5 Aut.,Volvo C30 T5 Aut.,2009–2012,assets/vehicles/volvo/car-02502/,assets/vehicles/_quick/car-02502-1.webp,assets/vehicles/_quick/car-02502-2.webp,,,,content/articles/volvo/car-02502.md,no
54e58b804473775955a2702af47122c4da1cfb38,car-02503,excel,car,Volvo,,,S40,Gen 1,1.6,Volvo S40 1.6,1997-2004–,assets/vehicles/volvo/car-02503/,assets/vehicles/_quick/car-02503-1.webp,assets/vehicles/_quick/car-02503-2.webp,,,,content/articles/volvo/car-02503.md,no
d8559e3c1cd86a66be61df53e1abbfa104103cd0,car-02504,excel,car,Volvo,,,S40,Gen 1,1.8,Volvo S40 1.8,1995-1999–,assets/vehicles/volvo/car-02504/,assets/vehicles/_quick/car-02504-1.webp,assets/vehicles/_quick/car-02504-2.webp,,,,content/articles/volvo/car-02504.md,no
b72627427d157178ae83f949602e5407ecf2c2ac,car-02505,excel,car,Volvo,,,S40,Gen 1,1.8i,Volvo S40 1.8i,1998-2000–,assets/vehicles/volvo/car-02505/,assets/vehicles/_quick/car-02505-1.webp,assets/vehicles/_quick/car-02505-2.webp,,,,content/articles/volvo/car-02505.md,no
57d87124a71ed975d9c7801fccb0b1ed5e27d262,car-02506,excel,car,Volvo,,,S40,Gen 1,1.9 D,Volvo S40 1.9 D,2000-2004–,assets/vehicles/volvo/car-02506/,assets/vehicles/_quick/car-02506-1.webp,assets/vehicles/_quick/car-02506-2.webp,,,,content/articles/volvo/car-02506.md,no
81fcb89c575831b99216ee78ae04756f72e19e61,car-02507,excel,car,Volvo,,,S40,Gen 1,2.0 L 16v,Volvo S40 2.0 L 16v,1996-1999–,assets/vehicles/volvo/car-02507/,assets/vehicles/_quick/car-02507-1.webp,assets/vehicles/_quick/car-02507-2.webp,,,,content/articles/volvo/car-02507.md,no
b90ab9a770d6780e6200bfa3f8feee652f87df4d,car-02508,excel,car,Volvo,,,S40,Gen 1,2.0 LT,Volvo S40 2.0 LT,1997-2000–,assets/vehicles/volvo/car-02508/,assets/vehicles/_quick/car-02508-1.webp,assets/vehicles/_quick/car-02508-2.webp,,,,content/articles/volvo/car-02508.md,no
b82459c5cb6f98bd06e51decabb60f8451979dc9,car-02509,excel,car,Volvo,,,S40,Gen 1,2.0 LT Auto,Volvo S40 2.0 LT Auto,1997-2000–,assets/vehicles/volvo/car-02509/,assets/vehicles/_quick/car-02509-1.webp,assets/vehicles/_quick/car-02509-2.webp,,,,content/articles/volvo/car-02509.md,no
e1c934106e25c03f3ff57d82d7b41b3a09d9926e,car-02510,excel,car,Volvo,,,S40,II,2.0 D,Volvo S40 2.0 D,2004-2010–,assets/vehicles/volvo/car-02510/,assets/vehicles/_quick/car-02510-1.webp,assets/vehicles/_quick/car-02510-2.webp,,,,content/articles/volvo/car-02510.md,no
1af0083d5ee0ea40a122aa28207d243b44d79fdb,car-02511,excel,car,Volvo,,,S40,II,2.4i Geartronic,Volvo S40 2.4i Geartronic,2004-2010–,assets/vehicles/volvo/car-02511/,assets/vehicles/_quick/car-02511-1.webp,assets/vehicles/_quick/car-02511-2.webp,,,,content/articles/volvo/car-02511.md,no
e7bbad3ddabe4d282960bbce70ab703ac7c2671e,car-02512,excel,car,Volvo,,,S40,II,T5,Volvo S40 T5,2004-2007–,assets/vehicles/volvo/car-02512/,assets/vehicles/_quick/car-02512-1.webp,assets/vehicles/_quick/car-02512-2.webp,,,,content/articles/volvo/car-02512.md,no
f11bc1b7ce8d994cb8a32c904125d10600729877,car-02513,excel,car,Volvo,,,S40,II,T5 AWD,Volvo S40 T5 AWD,2004-2007–,assets/vehicles/volvo/car-02513/,assets/vehicles/_quick/car-02513-1.webp,assets/vehicles/_quick/car-02513-2.webp,,,,content/articles/volvo/car-02513.md,no
1a0f75b81b280bea3c28c461818ca125bbb406af,car-02514,excel,car,Volvo,,,S40,Gen 1,T4,Volvo S40 T4,1997-2004–,assets/vehicles/volvo/car-02514/,assets/vehicles/_quick/car-02514-1.webp,assets/vehicles/_quick/car-02514-2.webp,,,,content/articles/volvo/car-02514.md,no
4da2d49562377dc68cf8db7c9fc37acac4b31a07,car-02515,excel,car,Volvo,,,S60,Gen 1,2.4,Volvo S60 2.4,2000-2007–,assets/vehicles/volvo/car-02515/,assets/vehicles/_quick/car-02515-1.webp,assets/vehicles/_quick/car-02515-2.webp,,,,content/articles/volvo/car-02515.md,no
159b917357b456c2440d9f40ab776d59ad880c1d,car-02516,excel,car,Volvo,,,S60,Gen 1,2.4 Auto,Volvo S60 2.4 Auto,2000-2007–,assets/vehicles/volvo/car-02516/,assets/vehicles/_quick/car-02516-1.webp,assets/vehicles/_quick/car-02516-2.webp,,,,content/articles/volvo/car-02516.md,no
a01e3e8b00374735128ee6544a2909ff37269525,car-02517,excel,car,Volvo,,,S60,Gen 1,2.4 D,Volvo S60 2.4 D,2002-2005–,assets/vehicles/volvo/car-02517/,assets/vehicles/_quick/car-02517-1.webp,assets/vehicles/_quick/car-02517-2.webp,,,,content/articles/volvo/car-02517.md,no
a5b8ceb3e10d48890f35119e4b583b3a851a0db6,car-02518,excel,car,Volvo,,,S60,Gen 1,2.4 LT,Volvo S60 2.4 LT,2000-2003–,assets/vehicles/volvo/car-02518/,assets/vehicles/_quick/car-02518-1.webp,assets/vehicles/_quick/car-02518-2.webp,,,,content/articles/volvo/car-02518.md,no
6d15e4b081a01eb09343602a32713b50d861d223,car-02519,excel,car,Volvo,,,S60,Gen 1,2.4 LT Auto,Volvo S60 2.4 LT Auto,2000-2003–,assets/vehicles/volvo/car-02519/,assets/vehicles/_quick/car-02519-1.webp,assets/vehicles/_quick/car-02519-2.webp,,,,content/articles/volvo/car-02519.md,no
ad8603ff28c226be85170d6f9ab253dc810ff721,car-02520,excel,car,Volvo,,,S60,Gen 1,2.4 LT AWD Auto,Volvo S60 2.4 LT AWD Auto,2000-2003–,assets/vehicles/volvo/car-02520/,assets/vehicles/_quick/car-02520-1.webp,assets/vehicles/_quick/car-02520-2.webp,,,,content/articles/volvo/car-02520.md,no
e744e9b8e012d1a89e41ead4f86d379115a1904b,car-02521,excel,car,Volvo,,,S60,Gen 1,2.5 T,Volvo S60 2.5 T,2004-2008–,assets/vehicles/volvo/car-02521/,assets/vehicles/_quick/car-02521-1.webp,assets/vehicles/_quick/car-02521-2.webp,,,,content/articles/volvo/car-02521.md,no
53bcf1e6a7d5b1b677e6efc2d51805479beee7b8,car-02522,excel,car,Volvo,,,S60,Gen 1,2.5 T AWD,Volvo S60 2.5 T AWD,2004-2008–,assets/vehicles/volvo/car-02522/,assets/vehicles/_quick/car-02522-1.webp,assets/vehicles/_quick/car-02522-2.webp,,,,content/articles/volvo/car-02522.md,no
573e39f4d175a8a6292410a707f19c16cdd5712e,car-02523,excel,car,Volvo,,,S60,Gen 1,D5,Volvo S60 D5,2005-2009–,assets/vehicles/volvo/car-02523/,assets/vehicles/_quick/car-02523-1.webp,assets/vehicles/_quick/car-02523-2.webp,,,,content/articles/volvo/car-02523.md,no
ace5d0d3c462dda822070aee2b77d575d27c4e00,car-02524,excel,car,Volvo,,,S60,Gen 1,D5,Volvo S60 D5,2001-2005–,assets/vehicles/volvo/car-02524/,assets/vehicles/_quick/car-02524-1.webp,assets/vehicles/_quick/car-02524-2.webp,,,,content/articles/volvo/car-02524.md,no
db9d04a4ee78245114c34905f95c3337097510ac,car-02525,excel,car,Volvo,,,S60,III,T6 AWD,Volvo S60 T6 AWD,2019-–,assets/vehicles/volvo/car-02525/,assets/vehicles/_quick/car-02525-1.webp,assets/vehicles/_quick/car-02525-2.webp,,,,content/articles/volvo/car-02525.md,no
36a91a978a6d4dd6932d306bd1f3527bf7cad0b2,car-02526,excel,car,Volvo,,,S60,Gen 1,R,Volvo S60 R,2003-2007–,assets/vehicles/volvo/car-02526/,assets/vehicles/_quick/car-02526-1.webp,assets/vehicles/_quick/car-02526-2.webp,,,,content/articles/volvo/car-02526.md,no
2ef673d99ba34e0693ab150f3289985b4a1bb6c6,car-02527,excel,car,Volvo,,,S60,Gen 1,T5,Volvo S60 T5,2004-2009–,assets/vehicles/volvo/car-02527/,assets/vehicles/_quick/car-02527-1.webp,assets/vehicles/_quick/car-02527-2.webp,,,,content/articles/volvo/car-02527.md,no
7057f66dd29914da9708752bb6e1089811500400,car-02528,excel,car,Volvo,,,S60,Gen 1,T5,Volvo S60 T5,2000-2004–,assets/vehicles/volvo/car-02528/,assets/vehicles/_quick/car-02528-1.webp,assets/vehicles/_quick/car-02528-2.webp,,,,content/articles/volvo/car-02528.md,no
84c04f1f962686dbdf1a859e0e47e826ad542a78,car-02529,excel,car,Volvo,,,S60,Gen 1,T5 Auto,Volvo S60 T5 Auto,2000-2004–,assets/vehicles/volvo/car-02529/,assets/vehicles/_quick/car-02529-1.webp,assets/vehicles/_quick/car-02529-2.webp,,,,content/articles/volvo/car-02529.md,no
4e2ea73ba79a152daa4efeec360dce3ff919fe7a,car-02530,excel,car,Volvo,,,S70,Gen 1,2.4 20v,Volvo S70 2.4 20v,1997-2000–,assets/vehicles/volvo/car-02530/,assets/vehicles/_quick/car-02530-1.webp,assets/vehicles/_quick/car-02530-2.webp,,,,content/articles/volvo/car-02530.md,no
7915ee86eb9cf810729f2688af973af7f3a98738,car-02531,excel,car,Volvo,,,S70,Gen 1,2.4 LT,Volvo S70 2.4 LT,1997-2000–,assets/vehicles/volvo/car-02531/,assets/vehicles/_quick/car-02531-1.webp,assets/vehicles/_quick/car-02531-2.webp,,,,content/articles/volvo/car-02531.md,no
f63008e612fab0766936e9084b4cad3a96566f11,car-02532,excel,car,Volvo,,,S70,Gen 1,R,Volvo S70 R,1997-2000–,assets/vehicles/volvo/car-02532/,assets/vehicles/_quick/car-02532-1.webp,assets/vehicles/_quick/car-02532-2.webp,,,,content/articles/volvo/car-02532.md,no
0861d8afcd83ac9fd0826183177cd0a888e29424,car-02533,excel,car,Volvo,,,S70,Gen 1,T5,Volvo S70 T5,1997-2000–,assets/vehicles/volvo/car-02533/,assets/vehicles/_quick/car-02533-1.webp,assets/vehicles/_quick/car-02533-2.webp,,,,content/articles/volvo/car-02533.md,no
5d0d499fbe2cff9d79adb0d97d98803f22c4db80,car-02534,excel,car,Volvo,,,S80,TS,2.4,Volvo S80 2.4,1999-2006–,assets/vehicles/volvo/car-02534/,assets/vehicles/_quick/car-02534-1.webp,assets/vehicles/_quick/car-02534-2.webp,,,,content/articles/volvo/car-02534.md,no
0ae0cf332cdfbf36f0c4b6498ab3ed7bcd8a98f6,car-02535,excel,car,Volvo,,,S80,TS,2.5 D,Volvo S80 2.5 D,1999-2000–,assets/vehicles/volvo/car-02535/,assets/vehicles/_quick/car-02535-1.webp,assets/vehicles/_quick/car-02535-2.webp,,,,content/articles/volvo/car-02535.md,no
e682261b309c827ec394f4825d15290a64a20748,car-02536,excel,car,Volvo,,,S80,TS,2.5 T,Volvo S80 2.5 T,2003-2006–,assets/vehicles/volvo/car-02536/,assets/vehicles/_quick/car-02536-1.webp,assets/vehicles/_quick/car-02536-2.webp,,,,content/articles/volvo/car-02536.md,no
c5b688f4cca9a9e1888905161bf101f3adb9e74d,car-02537,excel,car,Volvo,,,S80,TS,2.9,Volvo S80 2.9,1998-2006–,assets/vehicles/volvo/car-02537/,assets/vehicles/_quick/car-02537-1.webp,assets/vehicles/_quick/car-02537-2.webp,,,,content/articles/volvo/car-02537.md,no
19e561f5cd861c669bf1c8525e26872fbfbd1adc,car-02538,excel,car,Volvo,,,S80,TS,2.9 Auto,Volvo S80 2.9 Auto,1998-2006–,assets/vehicles/volvo/car-02538/,assets/vehicles/_quick/car-02538-1.webp,assets/vehicles/_quick/car-02538-2.webp,,,,content/articles/volvo/car-02538.md,no
6bcbfa7bab5f0a738aab29c9b456670a29aab874,car-02539,excel,car,Volvo,,,S80,TS,D5,Volvo S80 D5,2001-2006–,assets/vehicles/volvo/car-02539/,assets/vehicles/_quick/car-02539-1.webp,assets/vehicles/_quick/car-02539-2.webp,,,,content/articles/volvo/car-02539.md,no
8691bdf74849dd773e54db68b2319211690075e1,car-02540,excel,car,Volvo,,,S80,TS,T5,Volvo S80 T5,1998-2000–,assets/vehicles/volvo/car-02540/,assets/vehicles/_quick/car-02540-1.webp,assets/vehicles/_quick/car-02540-2.webp,,,,content/articles/volvo/car-02540.md,no
75989313c03b52eee1ce08188a7e4ca311904ed2,car-02541,excel,car,Volvo,,,S80,TS,T6,Volvo S80 T6,1998-2006–,assets/vehicles/volvo/car-02541/,assets/vehicles/_quick/car-02541-1.webp,assets/vehicles/_quick/car-02541-2.webp,,,,content/articles/volvo/car-02541.md,no
ede2626f2ff3bd94c413060446047d90f9f48f1f,car-02542,excel,car,Volvo,,,V40,Gen 1,1.8i,Volvo V40 1.8i,1998-2000–,assets/vehicles/volvo/car-02542/,assets/vehicles/_quick/car-02542-1.webp,assets/vehicles/_quick/car-02542-2.webp,,,,content/articles/volvo/car-02542.md,no
d1b2f9789515157618a22ae18796b15a74f97d0c,car-02543,excel,car,Volvo,,,V40,Gen 1,1.9 D,Volvo V40 1.9 D,2000-2004–,assets/vehicles/volvo/car-02543/,assets/vehicles/_quick/car-02543-1.webp,assets/vehicles/_quick/car-02543-2.webp,,,,content/articles/volvo/car-02543.md,no
e54ce746c7a642c71e09cfe020cffd45cea88201,car-02544,excel,car,Volvo,,,V40,Gen 1,1.9 D,Volvo V40 1.9 D,1999-2000–,assets/vehicles/volvo/car-02544/,assets/vehicles/_quick/car-02544-1.webp,assets/vehicles/_quick/car-02544-2.webp,,,,content/articles/volvo/car-02544.md,no
704acdd2b6970cb62eea7a3700ea8d95b4b77824,car-02545,excel,car,Volvo,,,V40,Gen 1,2.0,Volvo V40 2.0,1996-1999–,assets/vehicles/volvo/car-02545/,assets/vehicles/_quick/car-02545-1.webp,assets/vehicles/_quick/car-02545-2.webp,,,,content/articles/volvo/car-02545.md,no
dd37686f1d44c3fc8d84ea31a4736dd225c8a1f2,car-02546,excel,car,Volvo,,,V40,Gen 1,2.0 T,Volvo V40 2.0 T,2001-2004–,assets/vehicles/volvo/car-02546/,assets/vehicles/_quick/car-02546-1.webp,assets/vehicles/_quick/car-02546-2.webp,,,,content/articles/volvo/car-02546.md,no
5060480748d0de99edff2cd1066b901b68319792,car-02547,excel,car,Volvo,,,V40,Gen 1,2.0 T,Volvo V40 2.0 T,1997-2000–,assets/vehicles/volvo/car-02547/,assets/vehicles/_quick/car-02547-1.webp,assets/vehicles/_quick/car-02547-2.webp,,,,content/articles/volvo/car-02547.md,no
aded75a8d94c07cc70d53ed9e6cb6c125796d753,car-02548,excel,car,Volvo,,,V40,Gen 1,T4,Volvo V40 T4,1997-2004–,assets/vehicles/volvo/car-02548/,assets/vehicles/_quick/car-02548-1.webp,assets/vehicles/_quick/car-02548-2.webp,,,,content/articles/volvo/car-02548.md,no
8e63e3f4241b47d8167cb83644bdfdb76613013e,car-02549,excel,car,Volvo,,,V50,Gen 1,1.6 D,Volvo V50 1.6 D,2004-2009–,assets/vehicles/volvo/car-02549/,assets/vehicles/_quick/car-02549-1.webp,assets/vehicles/_quick/car-02549-2.webp,,,,content/articles/volvo/car-02549.md,no
57301ad7d58b21f41299460d363a5cdce3ee4cd6,car-02550,excel,car,Volvo,,,V50,Gen 1,2.0 D,Volvo V50 2.0 D,2004-2010–,assets/vehicles/volvo/car-02550/,assets/vehicles/_quick/car-02550-1.webp,assets/vehicles/_quick/car-02550-2.webp,,,,content/articles/volvo/car-02550.md,no
6628cf2e255a07752de726314e03c235bbd57e82,car-02551,excel,car,Volvo,,,V50,Gen 1,2.0 D Powershift,Volvo V50 2.0 D Powershift,2008-2010–,assets/vehicles/volvo/car-02551/,assets/vehicles/_quick/car-02551-1.webp,assets/vehicles/_quick/car-02551-2.webp,,,,content/articles/volvo/car-02551.md,no
bfb6dd22cc5bf0a79c73854e76191a78e84b94f6,car-02552,excel,car,Volvo,,,V50,Gen 1,2.4i Auto,Volvo V50 2.4i Auto,2004-2009–,assets/vehicles/volvo/car-02552/,assets/vehicles/_quick/car-02552-1.webp,assets/vehicles/_quick/car-02552-2.webp,,,,content/articles/volvo/car-02552.md,no
c2229d4935f31e16811bec2c33f17fc35f568938,car-02553,excel,car,Volvo,,,V50,Gen 1,D5 Auto,Volvo V50 D5 Auto,2006-2010–,assets/vehicles/volvo/car-02553/,assets/vehicles/_quick/car-02553-1.webp,assets/vehicles/_quick/car-02553-2.webp,,,,content/articles/volvo/car-02553.md,no
6201a6c1e32f88304cd6156799228b8177687877,car-02554,excel,car,Volvo,,,V50,Gen 1,T5 Auto,Volvo V50 T5 Auto,2004-2007–,assets/vehicles/volvo/car-02554/,assets/vehicles/_quick/car-02554-1.webp,assets/vehicles/_quick/car-02554-2.webp,,,,content/articles/volvo/car-02554.md,no
8766cda8b3cb5c33564e55d4f64ecbe79497bf72,car-02555,excel,car,Volvo,,,V50,Gen 1,T5 AWD,Volvo V50 T5 AWD,2004-2007–,assets/vehicles/volvo/car-02555/,assets/vehicles/_quick/car-02555-1.webp,assets/vehicles/_quick/car-02555-2.webp,,,,content/articles/volvo/car-02555.md,no
f419ecbcd47a5289287fdee57af3356766f18f59,car-02556,excel,car,Volvo,,,V60,Gen 1,T6 AWD,Volvo V60 T6 AWD,2011-2016–,assets/vehicles/volvo/car-02556/,assets/vehicles/_quick/car-02556-1.webp,assets/vehicles/_quick/car-02556-2.webp,,,,content/articles/volvo/car-02556.md,no
c38cc6f7d2ead7d2286ca60536447d951c0ce49d,car-02557,excel,car,Volvo,,,XC60,Gen 1,T6 2.0,Volvo XC60 T6 2.0,2014-2017–,assets/vehicles/volvo/car-02557/,assets/vehicles/_quick/car-02557-1.webp,assets/vehicles/_quick/car-02557-2.webp,,,,content/articles/volvo/car-02557.md,no
4c3b0cd7d0748f0d33fbbf7567e9b65324b7434b,car-02558,excel,car,Volkswagen,,,Golf,III,1.6,Volkswagen Golf 1.6,1994-1997–,assets/vehicles/volkswagen/car-02558/,assets/vehicles/_quick/car-02558-1.webp,assets/vehicles/_quick/car-02558-2.webp,,,,content/articles/volkswagen/car-02558.md,no
30ae51a823c3904f47ad8f5ae3daf7fa07fa01fd,car-02559,excel,car,Volkswagen,,,Golf,III,1.9 TDi,Volkswagen Golf 1.9 TDi,1996-1998–,assets/vehicles/volkswagen/car-02559/,assets/vehicles/_quick/car-02559-1.webp,assets/vehicles/_quick/car-02559-2.webp,,,,content/articles/volkswagen/car-02559.md,no
5796db6e966cea1b1d8a92f89d11afc47b76fdee,car-02560,excel,car,Volkswagen,,,Golf,III,Cabriolet 2.0,Volkswagen Golf Cabriolet 2.0,1993-1998–,assets/vehicles/volkswagen/car-02560/,assets/vehicles/_quick/car-02560-1.webp,assets/vehicles/_quick/car-02560-2.webp,,,,content/articles/volkswagen/car-02560.md,no
3be2303fca0ede7953b742f085d66a8342c125df,car-02561,excel,car,Volkswagen,,,Golf,III,GTI,Volkswagen Golf GTI,1991-1997–,assets/vehicles/volkswagen/car-02561/,assets/vehicles/_quick/car-02561-1.webp,assets/vehicles/_quick/car-02561-2.webp,,,,content/articles/volkswagen/car-02561.md,no
94a7429e549bd2747b4b95ac7c9115affc139664,car-02562,excel,car,Volkswagen,,,Golf,III,GTI 16v,Volkswagen Golf GTI 16v,1992-1997–,assets/vehicles/volkswagen/car-02562/,assets/vehicles/_quick/car-02562-1.webp,assets/vehicles/_quick/car-02562-2.webp,,,,content/articles/volkswagen/car-02562.md,no
46bbb54c11d3e5df7dde2225306bdd3a1752c112,car-02563,excel,car,Volkswagen,,,Golf,III,VR6,Volkswagen Golf VR6,1991-1997–,assets/vehicles/volkswagen/car-02563/,assets/vehicles/_quick/car-02563-1.webp,assets/vehicles/_quick/car-02563-2.webp,,,,content/articles/volkswagen/car-02563.md,no
8c1e99913ea19ac4b6494370fdbbe7690824f5d8,car-02564,excel,car,Volkswagen,,,Golf,III,VR6 Auto,Volkswagen Golf VR6 Auto,1992-1997–,assets/vehicles/volkswagen/car-02564/,assets/vehicles/_quick/car-02564-1.webp,assets/vehicles/_quick/car-02564-2.webp,,,,content/articles/volkswagen/car-02564.md,no
fa9852af1966a3d4a9c9ed8d4d133cf54f27c7e6,car-02565,excel,car,Volkswagen,,,Golf,III,VR6 Syncro,Volkswagen Golf VR6 Syncro,1993-1998–,assets/vehicles/volkswagen/car-02565/,assets/vehicles/_quick/car-02565-1.webp,assets/vehicles/_quick/car-02565-2.webp,,,,content/articles/volkswagen/car-02565.md,no
3234fa0dfc969a21f4f4956c8b51eb34fa899388,car-02566,excel,car,Volkswagen,,,Golf,IV,1.6 16v,Volkswagen Golf 1.6 16v,2000-2003–,assets/vehicles/volkswagen/car-02566/,assets/vehicles/_quick/car-02566-1.webp,assets/vehicles/_quick/car-02566-2.webp,,,,content/articles/volkswagen/car-02566.md,no
99a12379f853d385a5276e616488fe865a31255d,car-02567,excel,car,Volkswagen,,,Golf,IV,1.6 FSI,Volkswagen Golf 1.6 FSI,2001-2003–,assets/vehicles/volkswagen/car-02567/,assets/vehicles/_quick/car-02567-1.webp,assets/vehicles/_quick/car-02567-2.webp,,,,content/articles/volkswagen/car-02567.md,no
c78c1f360af1d38be306d44505f1a86b7b0125dd,car-02568,excel,car,Volkswagen,,,Golf,IV,1.8 20V GTI,Volkswagen Golf 1.8 20V GTI,1998–2000,assets/vehicles/volkswagen/car-02568/,assets/vehicles/_quick/car-02568-1.webp,assets/vehicles/_quick/car-02568-2.webp,,,,content/articles/volkswagen/car-02568.md,no
ac5f02b02e7b1b803b74f9a915285cac59f26dbc,car-02569,excel,car,Volkswagen,,,Golf,IV,1.9 tdi,Volkswagen Golf 1.9 tdi,2001-2003–,assets/vehicles/volkswagen/car-02569/,assets/vehicles/_quick/car-02569-1.webp,assets/vehicles/_quick/car-02569-2.webp,,,,content/articles/volkswagen/car-02569.md,no
ac5f02b02e7b1b803b74f9a915285cac59f26dbc,car-02570,excel,car,Volkswagen,,,Golf,IV,1.9 tdi,Volkswagen Golf 1.9 tdi,2001-2003–,assets/vehicles/volkswagen/car-02570/,assets/vehicles/_quick/car-02570-1.webp,assets/vehicles/_quick/car-02570-2.webp,,,,content/articles/volkswagen/car-02570.md,no
5fb42dde0c1d5560c1db90115ccc7baf94fe6195,car-02571,excel,car,Volkswagen,,,Golf,IV,1.9 tdi,Volkswagen Golf 1.9 tdi,1999-2001–,assets/vehicles/volkswagen/car-02571/,assets/vehicles/_quick/car-02571-1.webp,assets/vehicles/_quick/car-02571-2.webp,,,,content/articles/volkswagen/car-02571.md,no
295113f1beba2a2ed79cf4d8c5452690742bfc51,car-02572,excel,car,Volkswagen,,,Golf,IV,1.9 tdi,Volkswagen Golf 1.9 tdi,1998-2001–,assets/vehicles/volkswagen/car-02572/,assets/vehicles/_quick/car-02572-1.webp,assets/vehicles/_quick/car-02572-2.webp,,,,content/articles/volkswagen/car-02572.md,no
ac5f02b02e7b1b803b74f9a915285cac59f26dbc,car-02573,excel,car,Volkswagen,,,Golf,IV,1.9 tdi,Volkswagen Golf 1.9 tdi,2001-2003–,assets/vehicles/volkswagen/car-02573/,assets/vehicles/_quick/car-02573-1.webp,assets/vehicles/_quick/car-02573-2.webp,,,,content/articles/volkswagen/car-02573.md,no
d9d3b7aba54c0738ad475d2f1a6828630461bf5f,car-02574,excel,car,Volkswagen,,,Golf,IV,1.9 tdi 4Motion,Volkswagen Golf 1.9 tdi 4Motion,2000-2003–,assets/vehicles/volkswagen/car-02574/,assets/vehicles/_quick/car-02574-1.webp,assets/vehicles/_quick/car-02574-2.webp,,,,content/articles/volkswagen/car-02574.md,no
6ef859151e354460e2402f9886a2a0a180a5abf7,car-02575,excel,car,Volkswagen,,,Golf,IV,Cabrio 2.0,Volkswagen Golf Cabrio 2.0,1998-2003–,assets/vehicles/volkswagen/car-02575/,assets/vehicles/_quick/car-02575-1.webp,assets/vehicles/_quick/car-02575-2.webp,,,,content/articles/volkswagen/car-02575.md,no
a13643834f996d84aff92f2ad4c5fc3b85e657ee,car-02576,excel,car,Volkswagen,,,Golf,IV,GTI 150,Volkswagen Golf GTI 150,1999–2004,assets/vehicles/volkswagen/car-02576/,assets/vehicles/_quick/car-02576-1.webp,assets/vehicles/_quick/car-02576-2.webp,,,,content/articles/volkswagen/car-02576.md,no
6ea440b1ff5ac44edf41484fd0f91268d765c423,car-02577,excel,car,Volkswagen,,,Golf,IV,GTI 180,Volkswagen Golf GTI 180,2002–2004,assets/vehicles/volkswagen/car-02577/,assets/vehicles/_quick/car-02577-1.webp,assets/vehicles/_quick/car-02577-2.webp,,,,content/articles/volkswagen/car-02577.md,no
d2ec41b468df4688885cecb4081646ca2fbdc5d4,car-02578,excel,car,Volkswagen,,,Golf,IV,GTI TDI,Volkswagen Golf GTI TDI,2001–2004,assets/vehicles/volkswagen/car-02578/,assets/vehicles/_quick/car-02578-1.webp,assets/vehicles/_quick/car-02578-2.webp,,,,content/articles/volkswagen/car-02578.md,no
11b2ac9e146c92d20e538627e533dfbfa29cbc45,car-02579,excel,car,Volkswagen,,,Golf,IV,R32,Volkswagen Golf R32,2002-2003–,assets/vehicles/volkswagen/car-02579/,assets/vehicles/_quick/car-02579-1.webp,assets/vehicles/_quick/car-02579-2.webp,,,,content/articles/volkswagen/car-02579.md,no
68419e9d7460108c69cafa660b97c4869e107f22,car-02580,excel,car,Volkswagen,,,Golf,IV,VR5,Volkswagen Golf VR5,2001-2003–,assets/vehicles/volkswagen/car-02580/,assets/vehicles/_quick/car-02580-1.webp,assets/vehicles/_quick/car-02580-2.webp,,,,content/articles/volkswagen/car-02580.md,no
0b7452b11a7a9521a5f106e41561cb0e2f4fa1d2,car-02581,excel,car,Volkswagen,,,Golf,IV,VR5,Volkswagen Golf VR5,1997-2001–,assets/vehicles/volkswagen/car-02581/,assets/vehicles/_quick/car-02581-1.webp,assets/vehicles/_quick/car-02581-2.webp,,,,content/articles/volkswagen/car-02581.md,no
09a9f6ba0782fdcac612610a390f35c22a495168,car-02582,excel,car,Volkswagen,,,Golf,IV,VR5 4Motion,Volkswagen Golf VR5 4Motion,1999-2000–,assets/vehicles/volkswagen/car-02582/,assets/vehicles/_quick/car-02582-1.webp,assets/vehicles/_quick/car-02582-2.webp,,,,content/articles/volkswagen/car-02582.md,no
ff4f633a12abee70bf8fedb5035dc32e47265663,car-02583,excel,car,Volkswagen,,,Golf,IV,VR6 4Motion,Volkswagen Golf VR6 4Motion,1999-2003–,assets/vehicles/volkswagen/car-02583/,assets/vehicles/_quick/car-02583-1.webp,assets/vehicles/_quick/car-02583-2.webp,,,,content/articles/volkswagen/car-02583.md,no
6da109ccf392407ac87abdc9a50dc58d1d26ce55,car-02584,excel,car,Volkswagen,,,Golf,V,1.4 TSI,Volkswagen Golf 1.4 TSI,2006-2008–,assets/vehicles/volkswagen/car-02584/,assets/vehicles/_quick/car-02584-1.webp,assets/vehicles/_quick/car-02584-2.webp,,,,content/articles/volkswagen/car-02584.md,no
dd9995d736d1a0694973d3d00d860f300d18179a,car-02585,excel,car,Volkswagen,,,Golf,V,1.4 TSI,Volkswagen Golf 1.4 TSI,2007-2008–,assets/vehicles/volkswagen/car-02585/,assets/vehicles/_quick/car-02585-1.webp,assets/vehicles/_quick/car-02585-2.webp,,,,content/articles/volkswagen/car-02585.md,no
30ad0bbb1932587ca70a86284dacc61acdeafe20,car-02586,excel,car,Volkswagen,,,Golf,V,1.4 TSI GT,Volkswagen Golf 1.4 TSI GT,2006–2008,assets/vehicles/volkswagen/car-02586/,assets/vehicles/_quick/car-02586-1.webp,assets/vehicles/_quick/car-02586-2.webp,,,,content/articles/volkswagen/car-02586.md,no
07470ee5417ef72d48464242182144e8209a4e8c,car-02587,excel,car,Volkswagen,,,Golf,V,1.6,Volkswagen Golf 1.6,2004-2008–,assets/vehicles/volkswagen/car-02587/,assets/vehicles/_quick/car-02587-1.webp,assets/vehicles/_quick/car-02587-2.webp,,,,content/articles/volkswagen/car-02587.md,no
3f5c048ef855ef2964b75c0037d9cbd343fc9433,car-02588,excel,car,Volkswagen,,,Golf,V,1.6 FSI,Volkswagen Golf 1.6 FSI,2003-2007–,assets/vehicles/volkswagen/car-02588/,assets/vehicles/_quick/car-02588-1.webp,assets/vehicles/_quick/car-02588-2.webp,,,,content/articles/volkswagen/car-02588.md,no
c5672eff31a97f176e1c8b2ad2f46f607c55744c,car-02589,excel,car,Volkswagen,,,Golf,V,1.9 TDI,Volkswagen Golf 1.9 TDI,2003-2008–,assets/vehicles/volkswagen/car-02589/,assets/vehicles/_quick/car-02589-1.webp,assets/vehicles/_quick/car-02589-2.webp,,,,content/articles/volkswagen/car-02589.md,no
e78d53c22a2fec4c0bc8b808ffb7749ab45a1c6f,car-02590,excel,car,Volkswagen,,,Golf,V,2.0 FSI,Volkswagen Golf 2.0 FSI,2003-2006–,assets/vehicles/volkswagen/car-02590/,assets/vehicles/_quick/car-02590-1.webp,assets/vehicles/_quick/car-02590-2.webp,,,,content/articles/volkswagen/car-02590.md,no
7b0f4a4d9952825f6decedb05de8e223a0ec3363,car-02591,excel,car,Volkswagen,,,Golf,V,2.0 TDI,Volkswagen Golf 2.0 TDI,2006-2008–,assets/vehicles/volkswagen/car-02591/,assets/vehicles/_quick/car-02591-1.webp,assets/vehicles/_quick/car-02591-2.webp,,,,content/articles/volkswagen/car-02591.md,no
3af373c3cc13c975f6e8c039a6c3759effa1bf06,car-02592,excel,car,Volkswagen,,,Golf,V,2.0 TDI,Volkswagen Golf 2.0 TDI,2003-2008–,assets/vehicles/volkswagen/car-02592/,assets/vehicles/_quick/car-02592-1.webp,assets/vehicles/_quick/car-02592-2.webp,,,,content/articles/volkswagen/car-02592.md,no
58eaf5472eb2ad2712a9cc135f9b4217522ac559,car-02593,excel,car,Volkswagen,,,Golf,V,GTI,Volkswagen Golf GTI,2004–2009,assets/vehicles/volkswagen/car-02593/,assets/vehicles/_quick/car-02593-1.webp,assets/vehicles/_quick/car-02593-2.webp,,,,content/articles/volkswagen/car-02593.md,no
43ac46426caf295f66f6be531380054fc6a5848a,car-02594,excel,car,Volkswagen,,,Golf,V,GTI Edition 30,Volkswagen Golf GTI Edition 30,2006–2008,assets/vehicles/volkswagen/car-02594/,assets/vehicles/_quick/car-02594-1.webp,assets/vehicles/_quick/car-02594-2.webp,,,,content/articles/volkswagen/car-02594.md,no
22486bd05b171476133a3ba160e12ce0aff26ff2,car-02595,excel,car,Volkswagen,,,Golf,VI,1.4 TSI 122,Volkswagen Golf 1.4 TSI 122,2008-2012–,assets/vehicles/volkswagen/car-02595/,assets/vehicles/_quick/car-02595-1.webp,assets/vehicles/_quick/car-02595-2.webp,,,,content/articles/volkswagen/car-02595.md,no
a56263665a310275cf32ae484dafc9b17fec15f1,car-02596,excel,car,Volkswagen,,,Golf,VI,1.4 TSI 122 DSG7,Volkswagen Golf 1.4 TSI 122 DSG7,2008-2012–,assets/vehicles/volkswagen/car-02596/,assets/vehicles/_quick/car-02596-1.webp,assets/vehicles/_quick/car-02596-2.webp,,,,content/articles/volkswagen/car-02596.md,no
8320ab9b8cd1fb964ac94757ce480b6d464ff116,car-02597,excel,car,Volkswagen,,,Golf,VI,1.4 TSI 160,Volkswagen Golf 1.4 TSI 160,2008-2012–,assets/vehicles/volkswagen/car-02597/,assets/vehicles/_quick/car-02597-1.webp,assets/vehicles/_quick/car-02597-2.webp,,,,content/articles/volkswagen/car-02597.md,no
7680323917353969a6f24fac0a1f3d0d5311c81e,car-02598,excel,car,Volkswagen,,,Golf,VI,1.4 TSI 160 DSG7,Volkswagen Golf 1.4 TSI 160 DSG7,2008-2012–,assets/vehicles/volkswagen/car-02598/,assets/vehicles/_quick/car-02598-1.webp,assets/vehicles/_quick/car-02598-2.webp,,,,content/articles/volkswagen/car-02598.md,no
db3b0768f04495c6c4fe11ccf9c78a33510f1081,car-02599,excel,car,Volkswagen,,,Golf,VI,1.6 TDI DSG7,Volkswagen Golf 1.6 TDI DSG7,2009-2012–,assets/vehicles/volkswagen/car-02599/,assets/vehicles/_quick/car-02599-1.webp,assets/vehicles/_quick/car-02599-2.webp,,,,content/articles/volkswagen/car-02599.md,no
3a562f457458317ce8dd56a4bee964fc4ff46f56,car-02600,excel,car,Volkswagen,,,Golf,VI,1.8 TSI,Volkswagen Golf 1.8 TSI,2009-2011–,assets/vehicles/volkswagen/car-02600/,assets/vehicles/_quick/car-02600-1.webp,assets/vehicles/_quick/car-02600-2.webp,,,,content/articles/volkswagen/car-02600.md,no
d8fc257799a68ed0ab39c5b1ecfaa44535328ad8,car-02601,excel,car,Volkswagen,,,Golf,VI,2.0 TDI 110,Volkswagen Golf 2.0 TDI 110,2008-2012–,assets/vehicles/volkswagen/car-02601/,assets/vehicles/_quick/car-02601-1.webp,assets/vehicles/_quick/car-02601-2.webp,,,,content/articles/volkswagen/car-02601.md,no
ae37fb2b6e4c02b4986c0207fe35817f5112457b,car-02602,excel,car,Volkswagen,,,Golf,VI,2.0 TDI 140,Volkswagen Golf 2.0 TDI 140,2008-2012–,assets/vehicles/volkswagen/car-02602/,assets/vehicles/_quick/car-02602-1.webp,assets/vehicles/_quick/car-02602-2.webp,,,,content/articles/volkswagen/car-02602.md,no
67a686d69787d86f9a8a3ef16cfda981bb9ae125,car-02603,excel,car,Volkswagen,,,Golf,VI,2.0 TDI 140 4Motion,Volkswagen Golf 2.0 TDI 140 4Motion,2008-2012–,assets/vehicles/volkswagen/car-02603/,assets/vehicles/_quick/car-02603-1.webp,assets/vehicles/_quick/car-02603-2.webp,,,,content/articles/volkswagen/car-02603.md,no
2afc5ceaccac72639d503bfda79cd6ff38791d8f,car-02604,excel,car,Volkswagen,,,Golf,VI,2.0 TDI 140 DSG6,Volkswagen Golf 2.0 TDI 140 DSG6,2008-2012–,assets/vehicles/volkswagen/car-02604/,assets/vehicles/_quick/car-02604-1.webp,assets/vehicles/_quick/car-02604-2.webp,,,,content/articles/volkswagen/car-02604.md,no
92bd4d260e7e59a53f3d080f86c212e0817f8c0c,car-02605,excel,car,Volkswagen,,,Golf,VI,GTD,Volkswagen Golf GTD,2009–2013,assets/vehicles/volkswagen/car-02605/,assets/vehicles/_quick/car-02605-1.webp,assets/vehicles/_quick/car-02605-2.webp,,,,content/articles/volkswagen/car-02605.md,no
81ab684aa9a84d9ba22bf2bfa34ccdd3b08d1833,car-02606,excel,car,Volkswagen,,,Golf,VI,GTD DSG6,Volkswagen Golf GTD DSG6,2009–2012,assets/vehicles/volkswagen/car-02606/,assets/vehicles/_quick/car-02606-1.webp,assets/vehicles/_quick/car-02606-2.webp,,,,content/articles/volkswagen/car-02606.md,no
2b06e0a656075cdc5413551e3e8cf91892dcfe28,car-02607,excel,car,Volkswagen,,,Golf,VI,GTI,Volkswagen Golf GTI,2009-2013–,assets/vehicles/volkswagen/car-02607/,assets/vehicles/_quick/car-02607-1.webp,assets/vehicles/_quick/car-02607-2.webp,,,,content/articles/volkswagen/car-02607.md,no
72ff3b79f2925b548d7c8ebd2877f8e0be11f065,car-02608,excel,car,Volkswagen,,,Golf,VI,GTI DSG,Volkswagen Golf GTI DSG,2009-2011–,assets/vehicles/volkswagen/car-02608/,assets/vehicles/_quick/car-02608-1.webp,assets/vehicles/_quick/car-02608-2.webp,,,,content/articles/volkswagen/car-02608.md,no
ab82f2dcf14374735754f8712668a914d2680e35,car-02609,excel,car,Volkswagen,,,Golf,VI,GTI DSG Edition 35,Volkswagen Golf GTI DSG Edition 35,2011-2012–,assets/vehicles/volkswagen/car-02609/,assets/vehicles/_quick/car-02609-1.webp,assets/vehicles/_quick/car-02609-2.webp,,,,content/articles/volkswagen/car-02609.md,no
66e3f1a71e8944f59582d02abbf1c202d7177dcc,car-02610,excel,car,Volkswagen,,,Golf,VI,GTI Edition 35,Volkswagen Golf GTI Edition 35,2011-2012–,assets/vehicles/volkswagen/car-02610/,assets/vehicles/_quick/car-02610-1.webp,assets/vehicles/_quick/car-02610-2.webp,,,,content/articles/volkswagen/car-02610.md,no
9d8910cdfe8250bdd5497e10439f845b55a850bd,car-02611,excel,car,Volkswagen,,,Golf,VI,R,Volkswagen Golf R,2009-2012–,assets/vehicles/volkswagen/car-02611/,assets/vehicles/_quick/car-02611-1.webp,assets/vehicles/_quick/car-02611-2.webp,,,,content/articles/volkswagen/car-02611.md,no
c3ddc420d00f7d6147a27d44998c1bd4ed1f00a5,car-02612,excel,car,Volkswagen,,,Golf,VI,R DSG,Volkswagen Golf R DSG,2009-2012–,assets/vehicles/volkswagen/car-02612/,assets/vehicles/_quick/car-02612-1.webp,assets/vehicles/_quick/car-02612-2.webp,,,,content/articles/volkswagen/car-02612.md,no
290c50aadfa4f4e74ecb56fba9ee819fae3c2e78,car-02613,excel,car,Volkswagen,,,Golf,VII,1.0 TSi,Volkswagen Golf 1.0 TSi,2015-2020–,assets/vehicles/volkswagen/car-02613/,assets/vehicles/_quick/car-02613-1.webp,assets/vehicles/_quick/car-02613-2.webp,,,,content/articles/volkswagen/car-02613.md,no
a618ba9deb25566df3206ccb4e902f7866929654,car-02614,excel,car,Volkswagen,,,Golf,VII,1.0 TSi,Volkswagen Golf 1.0 TSi,2016-2018–,assets/vehicles/volkswagen/car-02614/,assets/vehicles/_quick/car-02614-1.webp,assets/vehicles/_quick/car-02614-2.webp,,,,content/articles/volkswagen/car-02614.md,no
20dfcd6b3ea72c2c6cca8c2d636ec99e10b3ed54,car-02615,excel,car,Volkswagen,,,Golf,VII,1.0 TSi DSG,Volkswagen Golf 1.0 TSi DSG,2016-2018–,assets/vehicles/volkswagen/car-02615/,assets/vehicles/_quick/car-02615-1.webp,assets/vehicles/_quick/car-02615-2.webp,,,,content/articles/volkswagen/car-02615.md,no
de411a401ffbd4b7b0acc766ae70458006df3e5d,car-02616,excel,car,Volkswagen,,,Golf,VII,1.0 TSi DSG,Volkswagen Golf 1.0 TSi DSG,2015-2020–,assets/vehicles/volkswagen/car-02616/,assets/vehicles/_quick/car-02616-1.webp,assets/vehicles/_quick/car-02616-2.webp,,,,content/articles/volkswagen/car-02616.md,no
cd1aa9dff975862c56edcae170efd342a9e6cb1c,car-02617,excel,car,Volkswagen,,,Golf,VII,1.2 TSi,Volkswagen Golf 1.2 TSi,2012-2014–,assets/vehicles/volkswagen/car-02617/,assets/vehicles/_quick/car-02617-1.webp,assets/vehicles/_quick/car-02617-2.webp,,,,content/articles/volkswagen/car-02617.md,no
dc9a394cd96a61b7c0fa0c06447c9cda1242a56a,car-02618,excel,car,Volkswagen,,,Golf,VII,1.4 TSi,Volkswagen Golf 1.4 TSi,2014-2017–,assets/vehicles/volkswagen/car-02618/,assets/vehicles/_quick/car-02618-1.webp,assets/vehicles/_quick/car-02618-2.webp,,,,content/articles/volkswagen/car-02618.md,no
c31fd655528823774b3e6e23fd85f27b475aab6c,car-02619,excel,car,Volkswagen,,,Golf,VII,1.4 TSi,Volkswagen Golf 1.4 TSi,2014-2018–,assets/vehicles/volkswagen/car-02619/,assets/vehicles/_quick/car-02619-1.webp,assets/vehicles/_quick/car-02619-2.webp,,,,content/articles/volkswagen/car-02619.md,no
54f81e61417bd887f62d560513130263ac3b274a,car-02620,excel,car,Volkswagen,,,Golf,VII,1.4 TSi DSG,Volkswagen Golf 1.4 TSi DSG,2012-2014–,assets/vehicles/volkswagen/car-02620/,assets/vehicles/_quick/car-02620-1.webp,assets/vehicles/_quick/car-02620-2.webp,,,,content/articles/volkswagen/car-02620.md,no
5909852f63f7bfd87341677fdc97120032a0780a,car-02621,excel,car,Volkswagen,,,Golf,VII,1.5 TSi,Volkswagen Golf 1.5 TSi,2017-2020–,assets/vehicles/volkswagen/car-02621/,assets/vehicles/_quick/car-02621-1.webp,assets/vehicles/_quick/car-02621-2.webp,,,,content/articles/volkswagen/car-02621.md,no
5909852f63f7bfd87341677fdc97120032a0780a,car-02622,excel,car,Volkswagen,,,Golf,VII,1.5 TSi,Volkswagen Golf 1.5 TSi,2017-2020–,assets/vehicles/volkswagen/car-02622/,assets/vehicles/_quick/car-02622-1.webp,assets/vehicles/_quick/car-02622-2.webp,,,,content/articles/volkswagen/car-02622.md,no
68a9da3d3ef61b0f4e8abd323a75bf16d66334b0,car-02623,excel,car,Volkswagen,,,Golf,VII,1.5 TSi DSG,Volkswagen Golf 1.5 TSi DSG,2017-2020–,assets/vehicles/volkswagen/car-02623/,assets/vehicles/_quick/car-02623-1.webp,assets/vehicles/_quick/car-02623-2.webp,,,,content/articles/volkswagen/car-02623.md,no
68a9da3d3ef61b0f4e8abd323a75bf16d66334b0,car-02624,excel,car,Volkswagen,,,Golf,VII,1.5 TSi DSG,Volkswagen Golf 1.5 TSi DSG,2017-2020–,assets/vehicles/volkswagen/car-02624/,assets/vehicles/_quick/car-02624-1.webp,assets/vehicles/_quick/car-02624-2.webp,,,,content/articles/volkswagen/car-02624.md,no
012c75fc4dbbf4645160a19b3b0037771257cd7d,car-02625,excel,car,Volkswagen,,,Golf,VII,1.6 TDi,Volkswagen Golf 1.6 TDi,2017-2020–,assets/vehicles/volkswagen/car-02625/,assets/vehicles/_quick/car-02625-1.webp,assets/vehicles/_quick/car-02625-2.webp,,,,content/articles/volkswagen/car-02625.md,no
d1dbe65a36d72364afbafd44e3cdd4fbf5edd52c,car-02626,excel,car,Volkswagen,,,Golf,VII,1.6 TDi,Volkswagen Golf 1.6 TDi,2012-2014–,assets/vehicles/volkswagen/car-02626/,assets/vehicles/_quick/car-02626-1.webp,assets/vehicles/_quick/car-02626-2.webp,,,,content/articles/volkswagen/car-02626.md,no
26230af5bc8b5a5056ac26acae99e44c0eaf80b0,car-02627,excel,car,Volkswagen,,,Golf,VII,1.6 TDi BlueMotion,Volkswagen Golf 1.6 TDi BlueMotion,2014-2017–,assets/vehicles/volkswagen/car-02627/,assets/vehicles/_quick/car-02627-1.webp,assets/vehicles/_quick/car-02627-2.webp,,,,content/articles/volkswagen/car-02627.md,no
824443534716178f1ce06d5e06e60efa520481c7,car-02628,excel,car,Volkswagen,,,Golf,VII,1.6 TDi BlueMotion SW,Volkswagen Golf 1.6 TDi BlueMotion SW,2014-2017–,assets/vehicles/volkswagen/car-02628/,assets/vehicles/_quick/car-02628-1.webp,assets/vehicles/_quick/car-02628-2.webp,,,,content/articles/volkswagen/car-02628.md,no
49cff49da786c1a441949e50da833bd9ddc04752,car-02629,excel,car,Volkswagen,,,Golf,VII,1.6 TDi bv5,Volkswagen Golf 1.6 TDi bv5,2013-2014–,assets/vehicles/volkswagen/car-02629/,assets/vehicles/_quick/car-02629-1.webp,assets/vehicles/_quick/car-02629-2.webp,,,,content/articles/volkswagen/car-02629.md,no
61ccd3b0c3beab6f6f34faae1ab5d3fec94ac57a,car-02630,excel,car,Volkswagen,,,Golf,VII,1.6 TDi DSG,Volkswagen Golf 1.6 TDi DSG,2017-2020–,assets/vehicles/volkswagen/car-02630/,assets/vehicles/_quick/car-02630-1.webp,assets/vehicles/_quick/car-02630-2.webp,,,,content/articles/volkswagen/car-02630.md,no
5b5b25c262eae9b32c15fa1758d1070ed6752b37,car-02631,excel,car,Volkswagen,,,Golf,VII,1.6 TDi DSG,Volkswagen Golf 1.6 TDi DSG,2013-2017–,assets/vehicles/volkswagen/car-02631/,assets/vehicles/_quick/car-02631-1.webp,assets/vehicles/_quick/car-02631-2.webp,,,,content/articles/volkswagen/car-02631.md,no
14f00839c1d919fbe36149b1325bb7fbe4f65295,car-02632,excel,car,Volkswagen,,,Golf,VII,1.6 TDi DSG,Volkswagen Golf 1.6 TDi DSG,2012-2014–,assets/vehicles/volkswagen/car-02632/,assets/vehicles/_quick/car-02632-1.webp,assets/vehicles/_quick/car-02632-2.webp,,,,content/articles/volkswagen/car-02632.md,no
4c4984f598196e29ce258cae4eff845808a03d3d,car-02633,excel,car,Volkswagen,,,Golf,VII,1.6 TDi SW,Volkswagen Golf 1.6 TDi SW,2013-2016–,assets/vehicles/volkswagen/car-02633/,assets/vehicles/_quick/car-02633-1.webp,assets/vehicles/_quick/car-02633-2.webp,,,,content/articles/volkswagen/car-02633.md,no
62bbad778d6b8be763dbb7b7ba44568ec0822c4a,car-02634,excel,car,Volkswagen,,,Golf,VII,1.8 TSi,Volkswagen Golf 1.8 TSi,2014-2019–,assets/vehicles/volkswagen/car-02634/,assets/vehicles/_quick/car-02634-1.webp,assets/vehicles/_quick/car-02634-2.webp,,,,content/articles/volkswagen/car-02634.md,no
31e1a4231df887010dde78c5f186266564c8cd23,car-02635,excel,car,Volkswagen,,,Golf,VII,1.8 TSi DSG,Volkswagen Golf 1.8 TSi DSG,2014-2019–,assets/vehicles/volkswagen/car-02635/,assets/vehicles/_quick/car-02635-1.webp,assets/vehicles/_quick/car-02635-2.webp,,,,content/articles/volkswagen/car-02635.md,no
2d284200de5abfa700a28c8cb946d9f1d63274ec,car-02636,excel,car,Volkswagen,,,Golf,VII,2.0 TDi,Volkswagen Golf 2.0 TDi,2012-2014–,assets/vehicles/volkswagen/car-02636/,assets/vehicles/_quick/car-02636-1.webp,assets/vehicles/_quick/car-02636-2.webp,,,,content/articles/volkswagen/car-02636.md,no
52dc12e8bf7fc40c7a90fd97604edadd8ad74c64,car-02637,excel,car,Volkswagen,,,Golf,VII,2.0 TDi DSG,Volkswagen Golf 2.0 TDi DSG,2012-2014–,assets/vehicles/volkswagen/car-02637/,assets/vehicles/_quick/car-02637-1.webp,assets/vehicles/_quick/car-02637-2.webp,,,,content/articles/volkswagen/car-02637.md,no
7579f4d76b11d9942ff2c18d854f5bc75c1474f7,car-02638,excel,car,Volkswagen,,,Golf,VII,2.0 TDi DSG7,Volkswagen Golf 2.0 TDi DSG7,2016-2020–,assets/vehicles/volkswagen/car-02638/,assets/vehicles/_quick/car-02638-1.webp,assets/vehicles/_quick/car-02638-2.webp,,,,content/articles/volkswagen/car-02638.md,no
c12b1cd5f52ab1c7da36ecb2de42887bbd7435b6,car-02639,excel,car,Volkswagen,,,Golf,VII,2.0 TDi SW,Volkswagen Golf 2.0 TDi SW,2013-2020–,assets/vehicles/volkswagen/car-02639/,assets/vehicles/_quick/car-02639-1.webp,assets/vehicles/_quick/car-02639-2.webp,,,,content/articles/volkswagen/car-02639.md,no
acdd44f48f75e933dd825763c41eaba6c60066ce,car-02640,excel,car,Volkswagen,,,Golf,VII,Alltrack 1.8 TSi DSG,Volkswagen Golf Alltrack 1.8 TSi DSG,2015-2019–,assets/vehicles/volkswagen/car-02640/,assets/vehicles/_quick/car-02640-1.webp,assets/vehicles/_quick/car-02640-2.webp,,,,content/articles/volkswagen/car-02640.md,no
0752d20fbe82f95e55dcb7658c520ee5d45eed56,car-02641,excel,car,Volkswagen,,,Golf,VII,e-Golf,Volkswagen Golf e-Golf,2017-2020–,assets/vehicles/volkswagen/car-02641/,assets/vehicles/_quick/car-02641-1.webp,assets/vehicles/_quick/car-02641-2.webp,,,,content/articles/volkswagen/car-02641.md,no
3b5ced75d0c39a494add1542a886c90a4e0bb053,car-02642,excel,car,Volkswagen,,,Golf,VII,e-Golf,Volkswagen Golf e-Golf,2014-2017–,assets/vehicles/volkswagen/car-02642/,assets/vehicles/_quick/car-02642-1.webp,assets/vehicles/_quick/car-02642-2.webp,,,,content/articles/volkswagen/car-02642.md,no
48769ffdd45d9e3aa958aae40694c55b2743bd23,car-02643,excel,car,Volkswagen,,,Golf,VII,GTD,Volkswagen Golf GTD,2013-2019–,assets/vehicles/volkswagen/car-02643/,assets/vehicles/_quick/car-02643-1.webp,assets/vehicles/_quick/car-02643-2.webp,,,,content/articles/volkswagen/car-02643.md,no
d70ebef1b11960a78a17fb107e0057e5afef2fb6,car-02644,excel,car,Volkswagen,,,Golf,VII,GTD DSG6,Volkswagen Golf GTD DSG6,2013-2016–,assets/vehicles/volkswagen/car-02644/,assets/vehicles/_quick/car-02644-1.webp,assets/vehicles/_quick/car-02644-2.webp,,,,content/articles/volkswagen/car-02644.md,no
45a3bf12b3088f41b4aa1cde7ba25924b92314ca,car-02645,excel,car,Volkswagen,,,Golf,VII,GTD DSG7,Volkswagen Golf GTD DSG7,2016-2019–,assets/vehicles/volkswagen/car-02645/,assets/vehicles/_quick/car-02645-1.webp,assets/vehicles/_quick/car-02645-2.webp,,,,content/articles/volkswagen/car-02645.md,no
71314f657903a43b48d0435771bf79cc184e650c,car-02646,excel,car,Volkswagen,,,Golf,VII,GTD SW,Volkswagen Golf GTD SW,2014-2019–,assets/vehicles/volkswagen/car-02646/,assets/vehicles/_quick/car-02646-1.webp,assets/vehicles/_quick/car-02646-2.webp,,,,content/articles/volkswagen/car-02646.md,no
9d462cf080fae5da3bff4f1342253aab35c07a5b,car-02647,excel,car,Volkswagen,,,Golf,VII,GTE,Volkswagen Golf GTE,2014-2018–,assets/vehicles/volkswagen/car-02647/,assets/vehicles/_quick/car-02647-1.webp,assets/vehicles/_quick/car-02647-2.webp,,,,content/articles/volkswagen/car-02647.md,no
2d7b5e9989e6aa438b24a35c56a2225faa057780,car-02648,excel,car,Volkswagen,,,Golf,VII,GTI,Volkswagen Golf GTI,2017-2018–,assets/vehicles/volkswagen/car-02648/,assets/vehicles/_quick/car-02648-1.webp,assets/vehicles/_quick/car-02648-2.webp,,,,content/articles/volkswagen/car-02648.md,no
5e1835ba6aeea3f5bcb7ebfb5867737300085b52,car-02649,excel,car,Volkswagen,,,Golf,VII,GTI,Volkswagen Golf GTI,2013-2017–,assets/vehicles/volkswagen/car-02649/,assets/vehicles/_quick/car-02649-1.webp,assets/vehicles/_quick/car-02649-2.webp,,,,content/articles/volkswagen/car-02649.md,no
a8fba3f8b99ad66f56eba570a43afda7a73c3a42,car-02650,excel,car,Volkswagen,,,Golf,VII,GTI Clubsport,Volkswagen Golf GTI Clubsport,2016-2017–,assets/vehicles/volkswagen/car-02650/,assets/vehicles/_quick/car-02650-1.webp,assets/vehicles/_quick/car-02650-2.webp,,,,content/articles/volkswagen/car-02650.md,no
c4b984688ed082bde607032607938f72939ec794,car-02651,excel,car,Volkswagen,,,Golf,VII,GTI Clubsport DSG,Volkswagen Golf GTI Clubsport DSG,2016-2017–,assets/vehicles/volkswagen/car-02651/,assets/vehicles/_quick/car-02651-1.webp,assets/vehicles/_quick/car-02651-2.webp,,,,content/articles/volkswagen/car-02651.md,no
f9851a5e529f34f1efb153db189fa61171b45af4,car-02652,excel,car,Volkswagen,,,Golf,VII,GTI Clubsport S,Volkswagen Golf GTI Clubsport S,2016-2017–,assets/vehicles/volkswagen/car-02652/,assets/vehicles/_quick/car-02652-1.webp,assets/vehicles/_quick/car-02652-2.webp,,,,content/articles/volkswagen/car-02652.md,no
301b8c04435cb2b86dcba9822c237685b56f9c03,car-02653,excel,car,Volkswagen,,,Golf,VII,GTI DSG,Volkswagen Golf GTI DSG,2013-2017–,assets/vehicles/volkswagen/car-02653/,assets/vehicles/_quick/car-02653-1.webp,assets/vehicles/_quick/car-02653-2.webp,,,,content/articles/volkswagen/car-02653.md,no
d89bcec0fe7d8bd12f72ab0d576d6e27b06a3aa7,car-02654,excel,car,Volkswagen,,,Golf,VII,GTI DSG,Volkswagen Golf GTI DSG,2017-2018–,assets/vehicles/volkswagen/car-02654/,assets/vehicles/_quick/car-02654-1.webp,assets/vehicles/_quick/car-02654-2.webp,,,,content/articles/volkswagen/car-02654.md,no
4124bce350804659db04d75b72fe43e372ca26ea,car-02655,excel,car,Volkswagen,,,Golf,VII,GTI Performance,Volkswagen Golf GTI Performance,2013-2017–,assets/vehicles/volkswagen/car-02655/,assets/vehicles/_quick/car-02655-1.webp,assets/vehicles/_quick/car-02655-2.webp,,,,content/articles/volkswagen/car-02655.md,no
7d24a63f7f73975af71122fcac6598ae0b865226,car-02656,excel,car,Volkswagen,,,Golf,VII,GTI Performance,Volkswagen Golf GTI Performance,2017-2019–,assets/vehicles/volkswagen/car-02656/,assets/vehicles/_quick/car-02656-1.webp,assets/vehicles/_quick/car-02656-2.webp,,,,content/articles/volkswagen/car-02656.md,no
5bdec405656a21a2d15c683e185ab3a837ca2fbb,car-02657,excel,car,Volkswagen,,,Golf,VII,GTI Performance DSG,Volkswagen Golf GTI Performance DSG,2016-2017–,assets/vehicles/volkswagen/car-02657/,assets/vehicles/_quick/car-02657-1.webp,assets/vehicles/_quick/car-02657-2.webp,,,,content/articles/volkswagen/car-02657.md,no
f81c31753416014f7b645eb0dbc1f4d9ebb43a1a,car-02658,excel,car,Volkswagen,,,Golf,VII,GTI TCR,Volkswagen Golf GTI TCR,2019-2020–,assets/vehicles/volkswagen/car-02658/,assets/vehicles/_quick/car-02658-1.webp,assets/vehicles/_quick/car-02658-2.webp,,,,content/articles/volkswagen/car-02658.md,no
ab94c227936fc606a4376ada3aa0032ae2448691,car-02659,excel,car,Volkswagen,,,Golf,VII,R,Volkswagen Golf R,2017-2018–,assets/vehicles/volkswagen/car-02659/,assets/vehicles/_quick/car-02659-1.webp,assets/vehicles/_quick/car-02659-2.webp,,,,content/articles/volkswagen/car-02659.md,no
9ca8daa78c2b4eeffd191360adcf813bf4e68b14,car-02660,excel,car,Volkswagen,,,Golf,VII,R,Volkswagen Golf R,2013-2017–,assets/vehicles/volkswagen/car-02660/,assets/vehicles/_quick/car-02660-1.webp,assets/vehicles/_quick/car-02660-2.webp,,,,content/articles/volkswagen/car-02660.md,no
b75085ba04953ccbb89405a313eaffe2c82f2c1d,car-02661,excel,car,Volkswagen,,,Golf,VII,R DSG6,Volkswagen Golf R DSG6,2013-2017–,assets/vehicles/volkswagen/car-02661/,assets/vehicles/_quick/car-02661-1.webp,assets/vehicles/_quick/car-02661-2.webp,,,,content/articles/volkswagen/car-02661.md,no
a9d09087826db3fe5bdc3e604c8b119276e27287,car-02662,excel,car,Volkswagen,,,Golf,VII,R DSG7,Volkswagen Golf R DSG7,2019-2020–,assets/vehicles/volkswagen/car-02662/,assets/vehicles/_quick/car-02662-1.webp,assets/vehicles/_quick/car-02662-2.webp,,,,content/articles/volkswagen/car-02662.md,no
59f12d4a69ad56b9b1bb9d1ccd33e49393efdf49,car-02663,excel,car,Volkswagen,,,Golf,VII,R DSG7,Volkswagen Golf R DSG7,2017-2018–,assets/vehicles/volkswagen/car-02663/,assets/vehicles/_quick/car-02663-1.webp,assets/vehicles/_quick/car-02663-2.webp,,,,content/articles/volkswagen/car-02663.md,no
849327497731a0f3c5735e7e803df900f6b4e5d0,car-02664,excel,car,Volkswagen,,,Golf,VII,R SW DSG6,Volkswagen Golf R SW DSG6,2015-2017–,assets/vehicles/volkswagen/car-02664/,assets/vehicles/_quick/car-02664-1.webp,assets/vehicles/_quick/car-02664-2.webp,,,,content/articles/volkswagen/car-02664.md,no
7b4ff8f88982c7883561e114d15059c4f951f703,car-02665,excel,car,Volkswagen,,,Golf,VII,R SW DSG7,Volkswagen Golf R SW DSG7,2017-2018–,assets/vehicles/volkswagen/car-02665/,assets/vehicles/_quick/car-02665-1.webp,assets/vehicles/_quick/car-02665-2.webp,,,,content/articles/volkswagen/car-02665.md,no
e3e7a6d53a6e650f41eb505cc1d559cd398101bd,car-02666,excel,car,Volkswagen,,,Golf,VII,R SW DSG7,Volkswagen Golf R SW DSG7,2019-2019–,assets/vehicles/volkswagen/car-02666/,assets/vehicles/_quick/car-02666-1.webp,assets/vehicles/_quick/car-02666-2.webp,,,,content/articles/volkswagen/car-02666.md,no
7fd199771298974d3426554d9b21585eff4dea32,car-02667,excel,car,Volkswagen,,,Golf,VIII,1.0 eTSi DSG,Volkswagen Golf 1.0 eTSi DSG,2020-–,assets/vehicles/volkswagen/car-02667/,assets/vehicles/_quick/car-02667-1.webp,assets/vehicles/_quick/car-02667-2.webp,,,,content/articles/volkswagen/car-02667.md,no
839c8158518ba8f29160da939452d3bdfd9f0e63,car-02668,excel,car,Volkswagen,,,Golf,VIII,1.0 TSi,Volkswagen Golf 1.0 TSi,2020-–,assets/vehicles/volkswagen/car-02668/,assets/vehicles/_quick/car-02668-1.webp,assets/vehicles/_quick/car-02668-2.webp,,,,content/articles/volkswagen/car-02668.md,no
d58c0fd99eeeb8908342901456aeca79276ab73b,car-02669,excel,car,Volkswagen,,,Golf,VIII,1.4 eHybrDI,Volkswagen Golf 1.4 eHybrDI,2020-–,assets/vehicles/volkswagen/car-02669/,assets/vehicles/_quick/car-02669-1.webp,assets/vehicles/_quick/car-02669-2.webp,,,,content/articles/volkswagen/car-02669.md,no
9c944bab668964f076ba2484d20d50d0d7f8ac43,car-02670,excel,car,Volkswagen,,,Golf,VIII,1.5 eTSi,Volkswagen Golf 1.5 eTSi,2020-–,assets/vehicles/volkswagen/car-02670/,assets/vehicles/_quick/car-02670-1.webp,assets/vehicles/_quick/car-02670-2.webp,,,,content/articles/volkswagen/car-02670.md,no
9c944bab668964f076ba2484d20d50d0d7f8ac43,car-02671,excel,car,Volkswagen,,,Golf,VIII,1.5 eTSi,Volkswagen Golf 1.5 eTSi,2020-–,assets/vehicles/volkswagen/car-02671/,assets/vehicles/_quick/car-02671-1.webp,assets/vehicles/_quick/car-02671-2.webp,,,,content/articles/volkswagen/car-02671.md,no
55128eae061a3b53a7075f362b21c5f0891e21d0,car-02672,excel,car,Volkswagen,,,Golf,VIII,1.5 eTSi SW,Volkswagen Golf 1.5 eTSi SW,2020-–,assets/vehicles/volkswagen/car-02672/,assets/vehicles/_quick/car-02672-1.webp,assets/vehicles/_quick/car-02672-2.webp,,,,content/articles/volkswagen/car-02672.md,no
7f97438b15a058977d701f7c4d83ce6ff93ee92a,car-02673,excel,car,Volkswagen,,,Golf,VIII,1.5 TSi,Volkswagen Golf 1.5 TSi,2020-–,assets/vehicles/volkswagen/car-02673/,assets/vehicles/_quick/car-02673-1.webp,assets/vehicles/_quick/car-02673-2.webp,,,,content/articles/volkswagen/car-02673.md,no
7f97438b15a058977d701f7c4d83ce6ff93ee92a,car-02674,excel,car,Volkswagen,,,Golf,VIII,1.5 TSi,Volkswagen Golf 1.5 TSi,2020-–,assets/vehicles/volkswagen/car-02674/,assets/vehicles/_quick/car-02674-1.webp,assets/vehicles/_quick/car-02674-2.webp,,,,content/articles/volkswagen/car-02674.md,no
53794822b2fc01d4c8290cdd85d3ed48e34383ee,car-02675,excel,car,Volkswagen,,,Golf,VIII,1.5 TSi SW,Volkswagen Golf 1.5 TSi SW,2020-–,assets/vehicles/volkswagen/car-02675/,assets/vehicles/_quick/car-02675-1.webp,assets/vehicles/_quick/car-02675-2.webp,,,,content/articles/volkswagen/car-02675.md,no
4371540bfb40b36a32dcd119fb788a5dd2f05d21,car-02676,excel,car,Volkswagen,,,Golf,VIII,2.0 TDi,Volkswagen Golf 2.0 TDi,2020-–,assets/vehicles/volkswagen/car-02676/,assets/vehicles/_quick/car-02676-1.webp,assets/vehicles/_quick/car-02676-2.webp,,,,content/articles/volkswagen/car-02676.md,no
4371540bfb40b36a32dcd119fb788a5dd2f05d21,car-02677,excel,car,Volkswagen,,,Golf,VIII,2.0 TDi,Volkswagen Golf 2.0 TDi,2020-–,assets/vehicles/volkswagen/car-02677/,assets/vehicles/_quick/car-02677-1.webp,assets/vehicles/_quick/car-02677-2.webp,,,,content/articles/volkswagen/car-02677.md,no
05790a375ceeddb87dd3c353d1558685aa626863,car-02678,excel,car,Volkswagen,,,Golf,VIII,Alltrack 2.0 TDi,Volkswagen Golf Alltrack 2.0 TDi,2021-–,assets/vehicles/volkswagen/car-02678/,assets/vehicles/_quick/car-02678-1.webp,assets/vehicles/_quick/car-02678-2.webp,,,,content/articles/volkswagen/car-02678.md,no
a48e1b8ad9bf3f31c241e11aaf98ab02e9534bdc,car-02679,excel,car,Volkswagen,,,Golf,VIII,GTD,Volkswagen Golf GTD,2020-–,assets/vehicles/volkswagen/car-02679/,assets/vehicles/_quick/car-02679-1.webp,assets/vehicles/_quick/car-02679-2.webp,,,,content/articles/volkswagen/car-02679.md,no
4bc541327715e62d10b154938a0dae0d333c7bd9,car-02680,excel,car,Volkswagen,,,Golf,VIII,GTE,Volkswagen Golf GTE,2020-–,assets/vehicles/volkswagen/car-02680/,assets/vehicles/_quick/car-02680-1.webp,assets/vehicles/_quick/car-02680-2.webp,,,,content/articles/volkswagen/car-02680.md,no
9b2e65201ba42c0caee41128dccf085eeadf84df,car-02681,excel,car,Volkswagen,,,Golf,VIII,GTI,Volkswagen Golf GTI,2020-–,assets/vehicles/volkswagen/car-02681/,assets/vehicles/_quick/car-02681-1.webp,assets/vehicles/_quick/car-02681-2.webp,,,,content/articles/volkswagen/car-02681.md,no
df6f7c5c3df64ff6f1dda2f2d6a3f6a060ed7994,car-02682,excel,car,Volkswagen,,,Golf,VIII,GTI Clubsport DSG,Volkswagen Golf GTI Clubsport DSG,2021-–,assets/vehicles/volkswagen/car-02682/,assets/vehicles/_quick/car-02682-1.webp,assets/vehicles/_quick/car-02682-2.webp,,,,content/articles/volkswagen/car-02682.md,no
1cf5719fe6473d229cd6536b576b7faf0cba2752,car-02683,excel,car,Volkswagen,,,Golf,VIII,GTI DSG,Volkswagen Golf GTI DSG,2020-–,assets/vehicles/volkswagen/car-02683/,assets/vehicles/_quick/car-02683-1.webp,assets/vehicles/_quick/car-02683-2.webp,,,,content/articles/volkswagen/car-02683.md,no
1338e1528c746bb17d6eafba5ce1dc00e4446e89,car-02684,excel,car,Volkswagen,,,Golf,VIII,R,Volkswagen Golf R,2021-–,assets/vehicles/volkswagen/car-02684/,assets/vehicles/_quick/car-02684-1.webp,assets/vehicles/_quick/car-02684-2.webp,,,,content/articles/volkswagen/car-02684.md,no
51b981cc467b350efe2aecf75478e417a379e50d,car-02685,excel,car,Volkswagen,,,Golf,VIII,R DSG,Volkswagen Golf R DSG,2021-–,assets/vehicles/volkswagen/car-02685/,assets/vehicles/_quick/car-02685-1.webp,assets/vehicles/_quick/car-02685-2.webp,,,,content/articles/volkswagen/car-02685.md,no
e9f94def5b4c03b2fd2008deedb1f963b8a3e0d2,car-02686,excel,car,Volkswagen,,,Golf,VIII,R DSG 20 Years,Volkswagen Golf R DSG 20 Years,2021-–,assets/vehicles/volkswagen/car-02686/,assets/vehicles/_quick/car-02686-1.webp,assets/vehicles/_quick/car-02686-2.webp,,,,content/articles/volkswagen/car-02686.md,no
493f66eae7f28690eab79f39050fa2df850b6800,car-02687,excel,car,Volkswagen,,,New Beetle,Gen 1,Rsi,Volkswagen New Beetle Rsi,2000-2003–,assets/vehicles/volkswagen/car-02687/,assets/vehicles/_quick/car-02687-1.webp,assets/vehicles/_quick/car-02687-2.webp,,,,content/articles/volkswagen/car-02687.md,no
16e5ff5bcfef16280d78adc1635f5eed5056c9a1,car-02688,excel,car,Volkswagen,,,Passat,B5,1.8 T,Volkswagen Passat 1.8 T,1996-2005–,assets/vehicles/volkswagen/car-02688/,assets/vehicles/_quick/car-02688-1.webp,assets/vehicles/_quick/car-02688-2.webp,,,,content/articles/volkswagen/car-02688.md,no
c118ffe81e8f33a45f9be6770578a17ac1cff16f,car-02689,excel,car,Volkswagen,,,Passat,B5,1.8 T Break,Volkswagen Passat 1.8 T Break,1996-2005–,assets/vehicles/volkswagen/car-02689/,assets/vehicles/_quick/car-02689-1.webp,assets/vehicles/_quick/car-02689-2.webp,,,,content/articles/volkswagen/car-02689.md,no
cd024617b73c88cd2d99bb3f2814183b8dd67cfe,car-02690,excel,car,Volkswagen,,,Passat,B5,1.9 TDi,Volkswagen Passat 1.9 TDi,2000-2005–,assets/vehicles/volkswagen/car-02690/,assets/vehicles/_quick/car-02690-1.webp,assets/vehicles/_quick/car-02690-2.webp,,,,content/articles/volkswagen/car-02690.md,no
16b639f9698b0a6871c9efc9b297ddfa81705aba,car-02691,excel,car,Volkswagen,,,Passat,B5,1.9 TDi,Volkswagen Passat 1.9 TDi,1999-2000–,assets/vehicles/volkswagen/car-02691/,assets/vehicles/_quick/car-02691-1.webp,assets/vehicles/_quick/car-02691-2.webp,,,,content/articles/volkswagen/car-02691.md,no
e8387cc0fb46e4c7433c8d5b6c6e993e06156db0,car-02692,excel,car,Volkswagen,,,Passat,B5,1.9 TDi,Volkswagen Passat 1.9 TDi,1996-2000–,assets/vehicles/volkswagen/car-02692/,assets/vehicles/_quick/car-02692-1.webp,assets/vehicles/_quick/car-02692-2.webp,,,,content/articles/volkswagen/car-02692.md,no
7cd49064e2043266ffcc668586cbf53ede910247,car-02693,excel,car,Volkswagen,,,Passat,B5,2.0,Volkswagen Passat 2.0,2000-2005–,assets/vehicles/volkswagen/car-02693/,assets/vehicles/_quick/car-02693-1.webp,assets/vehicles/_quick/car-02693-2.webp,,,,content/articles/volkswagen/car-02693.md,no
b21658f778a04bdc3d897c94954c1785a036abd4,car-02694,excel,car,Volkswagen,,,Passat,B5,V6 Auto Break,Volkswagen Passat V6 Auto Break,1996-2005–,assets/vehicles/volkswagen/car-02694/,assets/vehicles/_quick/car-02694-1.webp,assets/vehicles/_quick/car-02694-2.webp,,,,content/articles/volkswagen/car-02694.md,no
d1502400c102139c7346f5f81c5834bd1959dff5,car-02695,excel,car,Volkswagen,,,Passat,B5,V6 Syncro,Volkswagen Passat V6 Syncro,1996-2005–,assets/vehicles/volkswagen/car-02695/,assets/vehicles/_quick/car-02695-1.webp,assets/vehicles/_quick/car-02695-2.webp,,,,content/articles/volkswagen/car-02695.md,no
0158364064f792cd31c715161005049f4fdfc39e,car-02696,excel,car,Volkswagen,,,Passat,B5,V6 Syncro Auto,Volkswagen Passat V6 Syncro Auto,1996-2005–,assets/vehicles/volkswagen/car-02696/,assets/vehicles/_quick/car-02696-1.webp,assets/vehicles/_quick/car-02696-2.webp,,,,content/articles/volkswagen/car-02696.md,no
7b3536e8ea1e8aaaea77572717833d96e2d3e8c0,car-02697,excel,car,Volkswagen,,,Passat,B5,V6 Syncro Break,Volkswagen Passat V6 Syncro Break,1996-2005–,assets/vehicles/volkswagen/car-02697/,assets/vehicles/_quick/car-02697-1.webp,assets/vehicles/_quick/car-02697-2.webp,,,,content/articles/volkswagen/car-02697.md,no
54440e942d43135cf26d2758f800eb278a285ecd,car-02698,excel,car,Volkswagen,,,Passat,B5,V6 TDi,Volkswagen Passat V6 TDi,1998-2003–,assets/vehicles/volkswagen/car-02698/,assets/vehicles/_quick/car-02698-1.webp,assets/vehicles/_quick/car-02698-2.webp,,,,content/articles/volkswagen/car-02698.md,no
225eeb34a33d71001379ab692f140c6fbef12e17,car-02699,excel,car,Volkswagen,,,Passat,B5,V6 TDi 4M,Volkswagen Passat V6 TDi 4M,2003-2005–,assets/vehicles/volkswagen/car-02699/,assets/vehicles/_quick/car-02699-1.webp,assets/vehicles/_quick/car-02699-2.webp,,,,content/articles/volkswagen/car-02699.md,no
c1d22548f79501729274be3c850ec7b04692274b,car-02700,excel,car,Volkswagen,,,Passat,B5,V6 TDi 4M Auto,Volkswagen Passat V6 TDi 4M Auto,2003-2005–,assets/vehicles/volkswagen/car-02700/,assets/vehicles/_quick/car-02700-1.webp,assets/vehicles/_quick/car-02700-2.webp,,,,content/articles/volkswagen/car-02700.md,no
48613ce73b63c7714efbd0124c4b956618b45491,car-02701,excel,car,Volkswagen,,,Passat,B5,V6 TDi Auto,Volkswagen Passat V6 TDi Auto,2003-2005–,assets/vehicles/volkswagen/car-02701/,assets/vehicles/_quick/car-02701-1.webp,assets/vehicles/_quick/car-02701-2.webp,,,,content/articles/volkswagen/car-02701.md,no
08cba6e9d801ffafba9de0ebd6905b1230687aec,car-02702,excel,car,Volkswagen,,,Passat,B5,V6 TDi Auto,Volkswagen Passat V6 TDi Auto,1998-2003–,assets/vehicles/volkswagen/car-02702/,assets/vehicles/_quick/car-02702-1.webp,assets/vehicles/_quick/car-02702-2.webp,,,,content/articles/volkswagen/car-02702.md,no
87f58afac767413b1e9135e8e6f47171119b469a,car-02703,excel,car,Volkswagen,,,Passat,B5,VR5,Volkswagen Passat VR5,1996-2000–,assets/vehicles/volkswagen/car-02703/,assets/vehicles/_quick/car-02703-1.webp,assets/vehicles/_quick/car-02703-2.webp,,,,content/articles/volkswagen/car-02703.md,no
3393a48f01aa0401deac4687aabdb3ea01ee4a5e,car-02704,excel,car,Volkswagen,,,Passat,B5,VR5,Volkswagen Passat VR5,2001-2005–,assets/vehicles/volkswagen/car-02704/,assets/vehicles/_quick/car-02704-1.webp,assets/vehicles/_quick/car-02704-2.webp,,,,content/articles/volkswagen/car-02704.md,no
fd3367c817f1a06b548aa92e144029b95803e50f,car-02705,excel,car,Volkswagen,,,Passat,B5,W8,Volkswagen Passat W8,2001-2004–,assets/vehicles/volkswagen/car-02705/,assets/vehicles/_quick/car-02705-1.webp,assets/vehicles/_quick/car-02705-2.webp,,,,content/articles/volkswagen/car-02705.md,no
7156fc099b833df0b9bf3198b1855fba1c6292fa,car-02706,excel,car,Volkswagen,,,Passat,B5,W8 Tiptronic,Volkswagen Passat W8 Tiptronic,2001-2004–,assets/vehicles/volkswagen/car-02706/,assets/vehicles/_quick/car-02706-1.webp,assets/vehicles/_quick/car-02706-2.webp,,,,content/articles/volkswagen/car-02706.md,no
fda28ac73579b50cd1cd115680f38e5518a36719,car-02707,excel,car,Volkswagen,,,Passat,B5,W8 Variant Tiptronic,Volkswagen Passat W8 Variant Tiptronic,2001-2004–,assets/vehicles/volkswagen/car-02707/,assets/vehicles/_quick/car-02707-1.webp,assets/vehicles/_quick/car-02707-2.webp,,,,content/articles/volkswagen/car-02707.md,no
53cfe41aff6cd4ee96c4b97ceaff499e10b13d7c,car-02708,excel,car,Volkswagen,,,Passat,B6,1.8 TSi,Volkswagen Passat 1.8 TSi,2007-2010–,assets/vehicles/volkswagen/car-02708/,assets/vehicles/_quick/car-02708-1.webp,assets/vehicles/_quick/car-02708-2.webp,,,,content/articles/volkswagen/car-02708.md,no
2c9da00c64ba922ff8c7c78449fd1d3ca4eccb69,car-02709,excel,car,Volkswagen,,,Passat,B6,1.8 TSi DSG,Volkswagen Passat 1.8 TSi DSG,2007-2010–,assets/vehicles/volkswagen/car-02709/,assets/vehicles/_quick/car-02709-1.webp,assets/vehicles/_quick/car-02709-2.webp,,,,content/articles/volkswagen/car-02709.md,no
5b368d4144e22abe54a6b243cca055a2d25cc013,car-02710,excel,car,Volkswagen,,,Passat,B6,2.0 FSi,Volkswagen Passat 2.0 FSi,2005-2010–,assets/vehicles/volkswagen/car-02710/,assets/vehicles/_quick/car-02710-1.webp,assets/vehicles/_quick/car-02710-2.webp,,,,content/articles/volkswagen/car-02710.md,no
b154a1ade126d8a202f06eb3970470f8e9f35b3e,car-02711,excel,car,Volkswagen,,,Passat,B6,2.0 TDi,Volkswagen Passat 2.0 TDi,2008-2010–,assets/vehicles/volkswagen/car-02711/,assets/vehicles/_quick/car-02711-1.webp,assets/vehicles/_quick/car-02711-2.webp,,,,content/articles/volkswagen/car-02711.md,no
962298b7690778d049e913802ea276ee9fbb3180,car-02712,excel,car,Volkswagen,,,Passat,B6,2.0 TDi,Volkswagen Passat 2.0 TDi,2005-2010–,assets/vehicles/volkswagen/car-02712/,assets/vehicles/_quick/car-02712-1.webp,assets/vehicles/_quick/car-02712-2.webp,,,,content/articles/volkswagen/car-02712.md,no
1402fb20fdd085e08dc2e9621df2bf26cca3f128,car-02713,excel,car,Volkswagen,,,Passat,B6,2.0 TDi SW,Volkswagen Passat 2.0 TDi SW,2005-2010–,assets/vehicles/volkswagen/car-02713/,assets/vehicles/_quick/car-02713-1.webp,assets/vehicles/_quick/car-02713-2.webp,,,,content/articles/volkswagen/car-02713.md,no
b363d3b4cf0a124f04b57a278207ac409b08a773,car-02714,excel,car,Volkswagen,,,Passat,B6,R36,Volkswagen Passat R36,2008–2010,assets/vehicles/volkswagen/car-02714/,assets/vehicles/_quick/car-02714-1.webp,assets/vehicles/_quick/car-02714-2.webp,,,,content/articles/volkswagen/car-02714.md,no
0087239054d0237176dd99272db251cdce097bc3,car-02715,excel,car,Volkswagen,,,Passat,B6,R36 Variant,Volkswagen Passat R36 Variant,2008–2010,assets/vehicles/volkswagen/car-02715/,assets/vehicles/_quick/car-02715-1.webp,assets/vehicles/_quick/car-02715-2.webp,,,,content/articles/volkswagen/car-02715.md,no
49f601ee4f6dc57c4621e576c2ca82f465453052,car-02716,excel,car,Volkswagen,,,Passat,B6,VR6,Volkswagen Passat VR6,2006–2010,assets/vehicles/volkswagen/car-02716/,assets/vehicles/_quick/car-02716-1.webp,assets/vehicles/_quick/car-02716-2.webp,,,,content/articles/volkswagen/car-02716.md,no
9ace2970f3f945e2915b42f6e1e0db1a8815f18e,car-02717,excel,car,Volkswagen,,,Passat,B6,VR6 Variant,Volkswagen Passat VR6 Variant,2006–2010,assets/vehicles/volkswagen/car-02717/,assets/vehicles/_quick/car-02717-1.webp,assets/vehicles/_quick/car-02717-2.webp,,,,content/articles/volkswagen/car-02717.md,no
934af1fbcc95b824242b0a5928e122ac1d6aacab,car-02718,excel,car,Volkswagen,,,Polo,6N2,GTI,Volkswagen Polo GTI,1999–2002,assets/vehicles/volkswagen/car-02718/,assets/vehicles/_quick/car-02718-1.webp,assets/vehicles/_quick/car-02718-2.webp,,,,content/articles/volkswagen/car-02718.md,no
57c9ee5bfa30bc796bac863988c71737182a1ac0,car-02719,excel,car,Volkswagen,,,Polo,II,G40,Volkswagen Polo G40,1991-1994–,assets/vehicles/volkswagen/car-02719/,assets/vehicles/_quick/car-02719-1.webp,assets/vehicles/_quick/car-02719-2.webp,,,,content/articles/volkswagen/car-02719.md,no
d5ad692ad1bfec94f93d5df0c2020b58a28cc5ae,car-02720,excel,car,Volkswagen,,,Polo,IV,1.9 TDi,Volkswagen Polo 1.9 TDi,2002-2005–,assets/vehicles/volkswagen/car-02720/,assets/vehicles/_quick/car-02720-1.webp,assets/vehicles/_quick/car-02720-2.webp,,,,content/articles/volkswagen/car-02720.md,no
0c5268c5efc0a594554fc5881b235d555cd29028,car-02721,excel,car,Volkswagen,,,Polo,IV,GTI,Volkswagen Polo GTI,2006-2009–,assets/vehicles/volkswagen/car-02721/,assets/vehicles/_quick/car-02721-1.webp,assets/vehicles/_quick/car-02721-2.webp,,,,content/articles/volkswagen/car-02721.md,no
158c4402c2b4f402853a75602256a0e7e65a8189,car-02722,excel,car,Volkswagen,,,Polo,IV,GTI Cup,Volkswagen Polo GTI Cup,2006-2008–,assets/vehicles/volkswagen/car-02722/,assets/vehicles/_quick/car-02722-1.webp,assets/vehicles/_quick/car-02722-2.webp,,,,content/articles/volkswagen/car-02722.md,no
a56a8443bc80a823183477cefa47791c7e54a242,car-02723,excel,car,Volkswagen,,,Polo,V,1.0 TSi,Volkswagen Polo 1.0 TSi,2014-2017–,assets/vehicles/volkswagen/car-02723/,assets/vehicles/_quick/car-02723-1.webp,assets/vehicles/_quick/car-02723-2.webp,,,,content/articles/volkswagen/car-02723.md,no
6a901448646c23c88642343662e90700a8bad253,car-02724,excel,car,Volkswagen,,,Polo,V,1.2 TSi,Volkswagen Polo 1.2 TSi,2014-2017–,assets/vehicles/volkswagen/car-02724/,assets/vehicles/_quick/car-02724-1.webp,assets/vehicles/_quick/car-02724-2.webp,,,,content/articles/volkswagen/car-02724.md,no
09889ba702691879e5eeb0b554254340db915d04,car-02725,excel,car,Volkswagen,,,Polo,V,1.2 TSi,Volkswagen Polo 1.2 TSi,2009-2014–,assets/vehicles/volkswagen/car-02725/,assets/vehicles/_quick/car-02725-1.webp,assets/vehicles/_quick/car-02725-2.webp,,,,content/articles/volkswagen/car-02725.md,no
6ff720e7cb57b9b0b76aa028f867aab4dc69e36f,car-02726,excel,car,Volkswagen,,,Polo,V,1.4 TSi BlueGT,Volkswagen Polo 1.4 TSi BlueGT,2013-2014–,assets/vehicles/volkswagen/car-02726/,assets/vehicles/_quick/car-02726-1.webp,assets/vehicles/_quick/car-02726-2.webp,,,,content/articles/volkswagen/car-02726.md,no
616160bf45593c9cda2a96dfcebeca346a06265d,car-02727,excel,car,Volkswagen,,,Polo,V,1.6 TDI,Volkswagen Polo 1.6 TDI,2009-2014–,assets/vehicles/volkswagen/car-02727/,assets/vehicles/_quick/car-02727-1.webp,assets/vehicles/_quick/car-02727-2.webp,,,,content/articles/volkswagen/car-02727.md,no
d32f6881a9679bd50fa0c75d251c2ee4f7f702e8,car-02728,excel,car,Volkswagen,,,Polo,V,BlueGT,Volkswagen Polo BlueGT,2014–2017,assets/vehicles/volkswagen/car-02728/,assets/vehicles/_quick/car-02728-1.webp,assets/vehicles/_quick/car-02728-2.webp,,,,content/articles/volkswagen/car-02728.md,no
a58b149051c8b45d70c10a3baf14fa28bd39b83c,car-02729,excel,car,Volkswagen,,,Polo,V,GTI,Volkswagen Polo GTI,2014–2017,assets/vehicles/volkswagen/car-02729/,assets/vehicles/_quick/car-02729-1.webp,assets/vehicles/_quick/car-02729-2.webp,,,,content/articles/volkswagen/car-02729.md,no
8f003b62fd3bf11f1b8b8418b4108b979fb9ec8b,car-02730,excel,car,Volkswagen,,,Polo,V,GTI DSG,Volkswagen Polo GTI DSG,2014-2017–,assets/vehicles/volkswagen/car-02730/,assets/vehicles/_quick/car-02730-1.webp,assets/vehicles/_quick/car-02730-2.webp,,,,content/articles/volkswagen/car-02730.md,no
a4f2e278c682e9cc2bfe6c003e8f688251caa9ec,car-02731,excel,car,Volkswagen,,,Polo,V,GTI DSG,Volkswagen Polo GTI DSG,2010-2014–,assets/vehicles/volkswagen/car-02731/,assets/vehicles/_quick/car-02731-1.webp,assets/vehicles/_quick/car-02731-2.webp,,,,content/articles/volkswagen/car-02731.md,no
547e879a6f61a2f3716a20eab5807568114d0aba,car-02732,excel,car,Volkswagen,,,Polo,V,R,Volkswagen Polo R,2013-2014–,assets/vehicles/volkswagen/car-02732/,assets/vehicles/_quick/car-02732-1.webp,assets/vehicles/_quick/car-02732-2.webp,,,,content/articles/volkswagen/car-02732.md,no
dc0145394d7b6add0779edecd7bc5f225cdac8b3,car-02733,excel,car,Volkswagen,,,Scirocco,Mk3,1.4 TSI,Volkswagen Scirocco 1.4 TSI,2009–2014,assets/vehicles/volkswagen/car-02733/,assets/vehicles/_quick/car-02733-1.webp,assets/vehicles/_quick/car-02733-2.webp,,,,content/articles/volkswagen/car-02733.md,no
c5903768b6505b478159dae0aceaebade90f7540,car-02734,excel,car,Volkswagen,,,Scirocco,Mk3,1.4 TSI,Volkswagen Scirocco 1.4 TSI,2008-2011–,assets/vehicles/volkswagen/car-02734/,assets/vehicles/_quick/car-02734-1.webp,assets/vehicles/_quick/car-02734-2.webp,,,,content/articles/volkswagen/car-02734.md,no
b47d9ac268ccc93e0ececf536179918aa98e312c,car-02735,excel,car,Volkswagen,,,Scirocco,Mk3,1.4 TSI DSG7,Volkswagen Scirocco 1.4 TSI DSG7,2008-2014–,assets/vehicles/volkswagen/car-02735/,assets/vehicles/_quick/car-02735-1.webp,assets/vehicles/_quick/car-02735-2.webp,,,,content/articles/volkswagen/car-02735.md,no
eb0e0f1fdb099fa07125e4235cd704764f9f2b57,car-02736,excel,car,Volkswagen,,,Scirocco,Mk3,2.0 TDI,Volkswagen Scirocco 2.0 TDI,2014-2017–,assets/vehicles/volkswagen/car-02736/,assets/vehicles/_quick/car-02736-1.webp,assets/vehicles/_quick/car-02736-2.webp,,,,content/articles/volkswagen/car-02736.md,no
78854a4644e1ac5b97f5ad6b20c60d4aeeda1cc0,car-02737,excel,car,Volkswagen,,,Scirocco,Mk3,2.0 TDI,Volkswagen Scirocco 2.0 TDI,2008-2014–,assets/vehicles/volkswagen/car-02737/,assets/vehicles/_quick/car-02737-1.webp,assets/vehicles/_quick/car-02737-2.webp,,,,content/articles/volkswagen/car-02737.md,no
59eaf5726add3726d403e5289b60506090c1dbf0,car-02738,excel,car,Volkswagen,,,Scirocco,Mk3,2.0 TDI,Volkswagen Scirocco 2.0 TDI,2009-2012–,assets/vehicles/volkswagen/car-02738/,assets/vehicles/_quick/car-02738-1.webp,assets/vehicles/_quick/car-02738-2.webp,,,,content/articles/volkswagen/car-02738.md,no
1d3d6c2cd84954dfceba9af1c0287c3037102e15,car-02739,excel,car,Volkswagen,,,Scirocco,Mk3,2.0 TDI DSG,Volkswagen Scirocco 2.0 TDI DSG,2014-2017–,assets/vehicles/volkswagen/car-02739/,assets/vehicles/_quick/car-02739-1.webp,assets/vehicles/_quick/car-02739-2.webp,,,,content/articles/volkswagen/car-02739.md,no
a6d678539ac7ecaf3c804f1bc9918479100b0f98,car-02740,excel,car,Volkswagen,,,Scirocco,Mk3,2.0 TDI DSG,Volkswagen Scirocco 2.0 TDI DSG,2008-2014–,assets/vehicles/volkswagen/car-02740/,assets/vehicles/_quick/car-02740-1.webp,assets/vehicles/_quick/car-02740-2.webp,,,,content/articles/volkswagen/car-02740.md,no
425648142f8829cf5fc42d2db4be81b853955800,car-02741,excel,car,Volkswagen,,,Scirocco,Mk3,2.0 TSI,Volkswagen Scirocco 2.0 TSI,2014–2017,assets/vehicles/volkswagen/car-02741/,assets/vehicles/_quick/car-02741-1.webp,assets/vehicles/_quick/car-02741-2.webp,,,,content/articles/volkswagen/car-02741.md,no
871b4dca39a04efdc2faf0e877e181f7c9b63b3e,car-02742,excel,car,Volkswagen,,,Scirocco,Mk3,2.0 TSI,Volkswagen Scirocco 2.0 TSI,2009-2014–,assets/vehicles/volkswagen/car-02742/,assets/vehicles/_quick/car-02742-1.webp,assets/vehicles/_quick/car-02742-2.webp,,,,content/articles/volkswagen/car-02742.md,no
9de0d8be823baf601619ac184847c59eca55fc16,car-02743,excel,car,Volkswagen,,,Scirocco,Mk3,2.0 TSI,Volkswagen Scirocco 2.0 TSI,2008-2009–,assets/vehicles/volkswagen/car-02743/,assets/vehicles/_quick/car-02743-1.webp,assets/vehicles/_quick/car-02743-2.webp,,,,content/articles/volkswagen/car-02743.md,no
ba296fdd3f62ac76508a835def2c93252480bc91,car-02744,excel,car,Volkswagen,,,Scirocco,Mk3,2.0 TSI DSG,Volkswagen Scirocco 2.0 TSI DSG,2014-2017–,assets/vehicles/volkswagen/car-02744/,assets/vehicles/_quick/car-02744-1.webp,assets/vehicles/_quick/car-02744-2.webp,,,,content/articles/volkswagen/car-02744.md,no
b539bc8ec7e1852611f7734a03eb2a605c22a4e1,car-02745,excel,car,Volkswagen,,,Scirocco,Mk3,2.0 TSI DSG,Volkswagen Scirocco 2.0 TSI DSG,2009-2014–,assets/vehicles/volkswagen/car-02745/,assets/vehicles/_quick/car-02745-1.webp,assets/vehicles/_quick/car-02745-2.webp,,,,content/articles/volkswagen/car-02745.md,no
3befa6bf9660abc107eb40e57e04ea67ae1ac466,car-02746,excel,car,Volkswagen,,,Scirocco,Mk3,2.0 TSI DSG,Volkswagen Scirocco 2.0 TSI DSG,2008-2009–,assets/vehicles/volkswagen/car-02746/,assets/vehicles/_quick/car-02746-1.webp,assets/vehicles/_quick/car-02746-2.webp,,,,content/articles/volkswagen/car-02746.md,no
0b653e7e90b04983a4587e2e8f257035ed8f45f1,car-02747,excel,car,Volkswagen,,,Scirocco,Mk3,R,Volkswagen Scirocco R,2009-2014–,assets/vehicles/volkswagen/car-02747/,assets/vehicles/_quick/car-02747-1.webp,assets/vehicles/_quick/car-02747-2.webp,,,,content/articles/volkswagen/car-02747.md,no
06edfef92b00ae0feca78e0889c1499e16463e3d,car-02748,excel,car,Volkswagen,,,Scirocco,Mk3,R,Volkswagen Scirocco R,2014-2017–,assets/vehicles/volkswagen/car-02748/,assets/vehicles/_quick/car-02748-1.webp,assets/vehicles/_quick/car-02748-2.webp,,,,content/articles/volkswagen/car-02748.md,no
f4b8a1c202c08aeffd2198407b9d2739c8bd6a00,car-02749,excel,car,Volkswagen,,,Scirocco,Mk3,R DSG,Volkswagen Scirocco R DSG,2009-2014–,assets/vehicles/volkswagen/car-02749/,assets/vehicles/_quick/car-02749-1.webp,assets/vehicles/_quick/car-02749-2.webp,,,,content/articles/volkswagen/car-02749.md,no
569db1015a9be138bfda5e10b02e814bfd4420e4,car-02750,excel,car,Volkswagen,,,Scirocco,Mk3,R DSG,Volkswagen Scirocco R DSG,2014-2017–,assets/vehicles/volkswagen/car-02750/,assets/vehicles/_quick/car-02750-1.webp,assets/vehicles/_quick/car-02750-2.webp,,,,content/articles/volkswagen/car-02750.md,no
b334d6206b51aa031929fe57c47279eff4567759,car-02751,excel,car,Volkswagen,,,Tiguan,II,R 2.0 TSI 4Motion,Volkswagen Tiguan R 2.0 TSI 4Motion,2020–2024,assets/vehicles/volkswagen/car-02751/,assets/vehicles/_quick/car-02751-1.webp,assets/vehicles/_quick/car-02751-2.webp,,,,content/articles/volkswagen/car-02751.md,no
d4658ec409f3aadfe96f33723a267c88bb104260,car-02752,excel,car,Volkswagen,,,Touareg,II,3.0 TDI CR 262 R-Line Tiptronic BMT,Volkswagen Touareg 3.0 TDI CR 262 R-Line Tiptronic BMT,2014–2018,assets/vehicles/volkswagen/car-02752/,assets/vehicles/_quick/car-02752-1.webp,assets/vehicles/_quick/car-02752-2.webp,,,,content/articles/volkswagen/car-02752.md,no
803966327d7e852399547a5d38d6608bbf1500e5,car-02753,excel,car,Honda,,,Accord,CL7,2.0 i-Vtec,Honda Accord 2.0 i-Vtec,2003–2006,assets/vehicles/honda/car-02753/,assets/vehicles/_quick/car-02753-1.webp,assets/vehicles/_quick/car-02753-2.webp,,,,content/articles/honda/car-02753.md,no
d577011a96e85cd8acceb9cd23b5dbc2f4a722dd,car-02754,excel,car,Honda,,,Accord,CM1,Tourer 2.0 i-Vtec,Honda Accord Tourer 2.0 i-Vtec,,assets/vehicles/honda/car-02754/,assets/vehicles/_quick/car-02754-1.webp,assets/vehicles/_quick/car-02754-2.webp,,,,content/articles/honda/car-02754.md,no
c8e83ac51945628d82735ce9ec688e2dd99c9f9f,car-02755,excel,car,Honda,,,Accord,CL9,2.4 i-Vtec,Honda Accord 2.4 i-Vtec,,assets/vehicles/honda/car-02755/,assets/vehicles/_quick/car-02755-1.webp,assets/vehicles/_quick/car-02755-2.webp,,,,content/articles/honda/car-02755.md,no
35009838d83745dbae6215f31cfdb802f478a7bc,car-02756,excel,car,Honda,,,Accord,CM2,Tourer 2.4 i-Vtec Automatico,Honda Accord Tourer 2.4 i-Vtec Automatico,,assets/vehicles/honda/car-02756/,assets/vehicles/_quick/car-02756-1.webp,assets/vehicles/_quick/car-02756-2.webp,,,,content/articles/honda/car-02756.md,no
309d17d0ef3b71fca0168f2695fff4bf2ed698d5,car-02757,excel,car,SEAT,,,600,Gen 1,-,SEAT 600,,assets/vehicles/seat/car-02757/,assets/vehicles/_quick/car-02757-1.webp,assets/vehicles/_quick/car-02757-2.webp,,,,content/articles/seat/car-02757.md,no
e1d91e14ab4e8de557d2aa9969d52f05de8ed221,car-02758,excel,car,SEAT,,,127,Gen 1,-,SEAT 127,,assets/vehicles/seat/car-02758/,assets/vehicles/_quick/car-02758-1.webp,assets/vehicles/_quick/car-02758-2.webp,,,,content/articles/seat/car-02758.md,no
d2b2f43c2512bfff9477964abdd35a6d83bf4cda,car-02759,excel,car,SEAT,,,1430,FU,Especial 1600,SEAT 1430 Especial 1600,1973–1975,assets/vehicles/seat/car-02759/,assets/vehicles/_quick/car-02759-1.webp,assets/vehicles/_quick/car-02759-2.webp,,,,content/articles/seat/car-02759.md,no
1f0d8b6e032e1c76768d6cf468db087fd772ee66,car-02760,excel,car,SEAT,,,1430,Gen 1,-,SEAT 1430,,assets/vehicles/seat/car-02760/,assets/vehicles/_quick/car-02760-1.webp,assets/vehicles/_quick/car-02760-2.webp,,,,content/articles/seat/car-02760.md,no
5027ee2deb97a32f38899c5a6e0c41c9431da2da,car-02761,excel,car,SEAT,,,1430,Gen 1,Especial 1800,SEAT 1430 Especial 1800,,assets/vehicles/seat/car-02761/,assets/vehicles/_quick/car-02761-1.webp,assets/vehicles/_quick/car-02761-2.webp,,,,content/articles/seat/car-02761.md,no
51aa00ade2c94b7445020854383ef85e1e2b2afe,car-02762,excel,car,Mercedes-Benz,,,Clase E,W213,450 4MATIC Berlina,Mercedes-Benz Clase E 450 4MATIC Berlina,2018–2020,assets/vehicles/mercedes-benz/car-02762/,assets/vehicles/_quick/car-02762-1.webp,assets/vehicles/_quick/car-02762-2.webp,,,,content/articles/mercedes-benz/car-02762.md,no
553c92e5648b4371d046bf9c69347b3efe727086,car-02763,excel,car,Mercedes-Benz,,,Clase E,W213,450 4MATIC Berlina,Mercedes-Benz Clase E 450 4MATIC Berlina,2020–2023,assets/vehicles/mercedes-benz/car-02763/,assets/vehicles/_quick/car-02763-1.webp,assets/vehicles/_quick/car-02763-2.webp,,,,content/articles/mercedes-benz/car-02763.md,no
1a1eed6c0d22fa7744ea3a7eb165ec60827765ba,car-02764,excel,car,Chrysler,,,Sebring,JS,Convertible 2.7 v6 auto,Chrysler Sebring Convertible 2.7 v6 auto,2007–2010,assets/vehicles/chrysler/car-02764/,assets/vehicles/_quick/car-02764-1.webp,assets/vehicles/_quick/car-02764-2.webp,,,,content/articles/chrysler/car-02764.md,no
ff7a5e42f83e1e7686e6ef31d1275eaae40dfd0c,car-02765,excel,car,Chevrolet,,,Cruze,Gen 1,J300 1.6 124cv,Chevrolet Cruze J300 1.6 124cv,2009–2014,assets/vehicles/chevrolet/car-02765/,assets/vehicles/_quick/car-02765-1.webp,assets/vehicles/_quick/car-02765-2.webp,,,,content/articles/chevrolet/car-02765.md,no
00e6f5d776f9b3c3a9a1ae8d098f12879829c054,car-02766,excel,car,BYD,,,Seal 6,Gen 1,Touring DM-i Boost,BYD Seal 6 Touring DM-i Boost,2025–,assets/vehicles/byd/car-02766/,assets/vehicles/_quick/car-02766-1.webp,assets/vehicles/_quick/car-02766-2.webp,,,,content/articles/byd/car-02766.md,no
def20c0d0b9f6cd3dd78f7ab8debc3eac4085598,moto-aprilia-caponord-1200-1200-2013-2016,excel,moto,Aprilia,ADVENTURE,Gran Adventure,Caponord,1200,1200,Aprilia Caponord 1200,2013 - 2016,assets/vehicles/aprilia/moto-aprilia-caponord-1200-1200-2013-2016/,assets/vehicles/_quick/moto-aprilia-caponord-1200-1200-2013-2016-1.webp,assets/vehicles/_quick/moto-aprilia-caponord-1200-1200-2013-2016-2.webp,,,,content/articles/aprilia/moto-aprilia-caponord-1200-1200-2013-2016.md,no
a1371829b82bf660dde19613e940a1f63226491e,moto-aprilia-caponord-1200-1200-travel-pack-2014-2017,excel,moto,Aprilia,ADVENTURE,Gran Adventure,Caponord,1200,1200 Travel Pack,Aprilia Caponord 1200 Travel Pack,2014 - 2017,assets/vehicles/aprilia/moto-aprilia-caponord-1200-1200-travel-pack-2014-2017/,assets/vehicles/_quick/moto-aprilia-caponord-1200-1200-travel-pack-2014-2017-1.webp,assets/vehicles/_quick/moto-aprilia-caponord-1200-1200-travel-pack-2014-2017-2.webp,,,,content/articles/aprilia/moto-aprilia-caponord-1200-1200-travel-pack-2014-2017.md,no
fd44f72ec98dce16498b3f9e48ae68539485d222,moto-aprilia-caponord-1200-1200-rally-2015-2017,excel,moto,Aprilia,ADVENTURE,Gran Adventure,Caponord,1200,1200 Rally,Aprilia Caponord 1200 Rally,2015 - 2017,assets/vehicles/aprilia/moto-aprilia-caponord-1200-1200-rally-2015-2017/,assets/vehicles/_quick/moto-aprilia-caponord-1200-1200-rally-2015-2017-1.webp,assets/vehicles/_quick/moto-aprilia-caponord-1200-1200-rally-2015-2017-2.webp,,,,content/articles/aprilia/moto-aprilia-caponord-1200-1200-rally-2015-2017.md,no
6dc7389ae740b84386a55b85ce1f4ba5840c23aa,moto-aprilia-caponord-1000-gen1-etv-1000-2001-2004,excel,moto,Aprilia,ADVENTURE,Gran Adventure,Caponord,1000 Gen1,ETV 1000,Aprilia Caponord ETV 1000,2001 - 2004,assets/vehicles/aprilia/moto-aprilia-caponord-1000-gen1-etv-1000-2001-2004/,assets/vehicles/_quick/moto-aprilia-caponord-1000-gen1-etv-1000-2001-2004-1.webp,assets/vehicles/_quick/moto-aprilia-caponord-1000-gen1-etv-1000-2001-2004-2.webp,,,,content/articles/aprilia/moto-aprilia-caponord-1000-gen1-etv-1000-2001-2004.md,no
765779e748e462dad8eb26e53f248bdf7dfb9940,moto-aprilia-caponord-1000-gen1-etv-1000-rally-raid-2003-2004,excel,moto,Aprilia,ADVENTURE,Rally-Raid,Caponord,1000 Gen1,ETV 1000 Rally Raid,Aprilia Caponord ETV 1000 Rally Raid,2003 - 2004,assets/vehicles/aprilia/moto-aprilia-caponord-1000-gen1-etv-1000-rally-raid-2003-2004/,assets/vehicles/_quick/moto-aprilia-caponord-1000-gen1-etv-1000-rally-raid-2003-2004-1.webp,assets/vehicles/_quick/moto-aprilia-caponord-1000-gen1-etv-1000-rally-raid-2003-2004-2.webp,,,,content/articles/aprilia/moto-aprilia-caponord-1000-gen1-etv-1000-rally-raid-2003-2004.md,no
bfec84456f7ea783e54cc9e916c8edbdd497701c,moto-aprilia-caponord-1000-gen1-2-etv-1000-abs-2004-2012,excel,moto,Aprilia,ADVENTURE,Gran Adventure,Caponord,1000 Gen1.2,ETV 1000 ABS,Aprilia Caponord ETV 1000 ABS,2004 - 2012,assets/vehicles/aprilia/moto-aprilia-caponord-1000-gen1-2-etv-1000-abs-2004-2012/,assets/vehicles/_quick/moto-aprilia-caponord-1000-gen1-2-etv-1000-abs-2004-2012-1.webp,assets/vehicles/_quick/moto-aprilia-caponord-1000-gen1-2-etv-1000-abs-2004-2012-2.webp,,,,content/articles/aprilia/moto-aprilia-caponord-1000-gen1-2-etv-1000-abs-2004-2012.md,no
8a8fd992c0719445ae6e47df576b936a2b3a285e,moto-aprilia-dorsoduro-1200-gen1-smv-1200-2010-2011,excel,moto,Aprilia,NAKED,Supermotard,Dorsoduro,1200 Gen1,SMV 1200,Aprilia Dorsoduro SMV 1200,2010 - 2011,assets/vehicles/aprilia/moto-aprilia-dorsoduro-1200-gen1-smv-1200-2010-2011/,assets/vehicles/_quick/moto-aprilia-dorsoduro-1200-gen1-smv-1200-2010-2011-1.webp,assets/vehicles/_quick/moto-aprilia-dorsoduro-1200-gen1-smv-1200-2010-2011-2.webp,,,,content/articles/aprilia/moto-aprilia-dorsoduro-1200-gen1-smv-1200-2010-2011.md,no
9f3585bd7a06486e766f172f022a4dc4b39dcc57,moto-aprilia-dorsoduro-1200-gen1-2-smv-1200-2011-2016,excel,moto,Aprilia,NAKED,Supermotard,Dorsoduro,1200 Gen1.2,SMV 1200,Aprilia Dorsoduro SMV 1200,2011 - 2016,assets/vehicles/aprilia/moto-aprilia-dorsoduro-1200-gen1-2-smv-1200-2011-2016/,assets/vehicles/_quick/moto-aprilia-dorsoduro-1200-gen1-2-smv-1200-2011-2016-1.webp,assets/vehicles/_quick/moto-aprilia-dorsoduro-1200-gen1-2-smv-1200-2011-2016-2.webp,,,,content/articles/aprilia/moto-aprilia-dorsoduro-1200-gen1-2-smv-1200-2011-2016.md,no
6918e6bf6525d62a0576f6cafb85c92f9deba823,moto-aprilia-dorsoduro-750-smv-750-2008-2016,excel,moto,Aprilia,NAKED,Supermotard,Dorsoduro,750,SMV 750,Aprilia Dorsoduro SMV 750,2008 - 2016,assets/vehicles/aprilia/moto-aprilia-dorsoduro-750-smv-750-2008-2016/,assets/vehicles/_quick/moto-aprilia-dorsoduro-750-smv-750-2008-2016-1.webp,assets/vehicles/_quick/moto-aprilia-dorsoduro-750-smv-750-2008-2016-2.webp,,,,content/articles/aprilia/moto-aprilia-dorsoduro-750-smv-750-2008-2016.md,no
9fb36e9072bea8d5407d2dcecd4118639fd095ab,moto-aprilia-dorsoduro-750-smv-750-factory-2010-2012,excel,moto,Aprilia,NAKED,Supermotard,Dorsoduro,750,SMV 750 Factory,Aprilia Dorsoduro SMV 750 Factory,2010 - 2012,assets/vehicles/aprilia/moto-aprilia-dorsoduro-750-smv-750-factory-2010-2012/,assets/vehicles/_quick/moto-aprilia-dorsoduro-750-smv-750-factory-2010-2012-1.webp,assets/vehicles/_quick/moto-aprilia-dorsoduro-750-smv-750-factory-2010-2012-2.webp,,,,content/articles/aprilia/moto-aprilia-dorsoduro-750-smv-750-factory-2010-2012.md,no
86971df7f0fb5ecdf8c1f745fb87c87b56848660,moto-aprilia-dorsoduro-900-smv-900-2017-2020,excel,moto,Aprilia,NAKED,Supermotard,Dorsoduro,900,SMV 900,Aprilia Dorsoduro SMV 900,2017 - 2020,assets/vehicles/aprilia/moto-aprilia-dorsoduro-900-smv-900-2017-2020/,assets/vehicles/_quick/moto-aprilia-dorsoduro-900-smv-900-2017-2020-1.webp,assets/vehicles/_quick/moto-aprilia-dorsoduro-900-smv-900-2017-2020-2.webp,,,,content/articles/aprilia/moto-aprilia-dorsoduro-900-smv-900-2017-2020.md,no
6cd4fe3ca94fe7e60b01a980360bf3629cfcbbfe,moto-aprilia-mana-gen-1-850-2007-2016,excel,moto,Aprilia,NAKED,Naked media,Mana,Gen 1,850,Aprilia Mana 850,2007 - 2016,assets/vehicles/aprilia/moto-aprilia-mana-gen-1-850-2007-2016/,assets/vehicles/_quick/moto-aprilia-mana-gen-1-850-2007-2016-1.webp,assets/vehicles/_quick/moto-aprilia-mana-gen-1-850-2007-2016-2.webp,,,,content/articles/aprilia/moto-aprilia-mana-gen-1-850-2007-2016.md,no
28f603647d20c18599f496ad55b6cc447467e3b8,moto-aprilia-mana-gen-1-850-gt-2007-2016,excel,moto,Aprilia,TOURING,Sport Touring media,Mana,Gen 1,850 GT,Aprilia Mana 850 GT,2007 - 2016,assets/vehicles/aprilia/moto-aprilia-mana-gen-1-850-gt-2007-2016/,assets/vehicles/_quick/moto-aprilia-mana-gen-1-850-gt-2007-2016-1.webp,assets/vehicles/_quick/moto-aprilia-mana-gen-1-850-gt-2007-2016-2.webp,,,,content/articles/aprilia/moto-aprilia-mana-gen-1-850-gt-2007-2016.md,no
a9ef1bcc1b97a9c170f00fa8e49e1b0b8532a86a,moto-aprilia-mx-125-gen-1-2003-2008,excel,moto,Aprilia,NAKED,Supermotard,MX 125,Gen 1,-,Aprilia MX 125,2003 - 2008,assets/vehicles/aprilia/moto-aprilia-mx-125-gen-1-2003-2008/,assets/vehicles/_quick/moto-aprilia-mx-125-gen-1-2003-2008-1.webp,assets/vehicles/_quick/moto-aprilia-mx-125-gen-1-2003-2008-2.webp,,,,content/articles/aprilia/moto-aprilia-mx-125-gen-1-2003-2008.md,no
c20058f1ce98317bd453b12a6166994df0d4494c,moto-aprilia-mxv-450-gen-1-2007-2014,excel,moto,Aprilia,OFF-ROAD COMPETICIÓN,Motocross,MXV 450,Gen 1,-,Aprilia MXV 450,2007 - 2014,assets/vehicles/aprilia/moto-aprilia-mxv-450-gen-1-2007-2014/,assets/vehicles/_quick/moto-aprilia-mxv-450-gen-1-2007-2014-1.webp,assets/vehicles/_quick/moto-aprilia-mxv-450-gen-1-2007-2014-2.webp,,,,content/articles/aprilia/moto-aprilia-mxv-450-gen-1-2007-2014.md,no
597f4d4d71ffa596eb6d34fa1a2c0ffe967aee93,moto-aprilia-pegaso-600-1990-1994,excel,moto,Aprilia,ADVENTURE,Trail media,Pegaso,600,-,Aprilia Pegaso,1990 - 1994,assets/vehicles/aprilia/moto-aprilia-pegaso-600-1990-1994/,assets/vehicles/_quick/moto-aprilia-pegaso-600-1990-1994-1.webp,assets/vehicles/_quick/moto-aprilia-pegaso-600-1990-1994-2.webp,,,,content/articles/aprilia/moto-aprilia-pegaso-600-1990-1994.md,no
8f7582c26626ef282561fe430b623f641cdd3669,moto-aprilia-pegaso-650-gen-1-1994-1999,excel,moto,Aprilia,ADVENTURE,Trail media,Pegaso,650 Gen 1,-,Aprilia Pegaso,1994 - 1999,assets/vehicles/aprilia/moto-aprilia-pegaso-650-gen-1-1994-1999/,assets/vehicles/_quick/moto-aprilia-pegaso-650-gen-1-1994-1999-1.webp,assets/vehicles/_quick/moto-aprilia-pegaso-650-gen-1-1994-1999-2.webp,,,,content/articles/aprilia/moto-aprilia-pegaso-650-gen-1-1994-1999.md,no
5fd80effdfa970a79471d03fa72fa0dbfd0f95b8,moto-aprilia-pegaso-650-gen-2-2000-2004,excel,moto,Aprilia,ADVENTURE,Trail media,Pegaso,650 Gen 2,-,Aprilia Pegaso,2000 - 2004,assets/vehicles/aprilia/moto-aprilia-pegaso-650-gen-2-2000-2004/,assets/vehicles/_quick/moto-aprilia-pegaso-650-gen-2-2000-2004-1.webp,assets/vehicles/_quick/moto-aprilia-pegaso-650-gen-2-2000-2004-2.webp,,,,content/articles/aprilia/moto-aprilia-pegaso-650-gen-2-2000-2004.md,no
714d8438d8d224697c2fa5e5e5094f7c4dbbbc08,moto-aprilia-pegaso-650-gen-3-2005-2011,excel,moto,Aprilia,ADVENTURE,Trail media,Pegaso,650 Gen 3,-,Aprilia Pegaso,2005 - 2011,assets/vehicles/aprilia/moto-aprilia-pegaso-650-gen-3-2005-2011/,assets/vehicles/_quick/moto-aprilia-pegaso-650-gen-3-2005-2011-1.webp,assets/vehicles/_quick/moto-aprilia-pegaso-650-gen-3-2005-2011-2.webp,,,,content/articles/aprilia/moto-aprilia-pegaso-650-gen-3-2005-2011.md,no
929f4931bef701f3035110990ee02b2e52fc1a2f,moto-aprilia-rs-125-125-gen-1-2-rs-125-1998-2002,excel,moto,Aprilia,SPORT,Sport 125,RS 125,125 Gen 1.2,RS 125,Aprilia RS 125,1998 - 2002,assets/vehicles/aprilia/moto-aprilia-rs-125-125-gen-1-2-rs-125-1998-2002/,assets/vehicles/_quick/moto-aprilia-rs-125-125-gen-1-2-rs-125-1998-2002-1.webp,assets/vehicles/_quick/moto-aprilia-rs-125-125-gen-1-2-rs-125-1998-2002-2.webp,,,,content/articles/aprilia/moto-aprilia-rs-125-125-gen-1-2-rs-125-1998-2002.md,no
a99442ab2c7fd5760693eff89370e9560d071615,moto-aprilia-rs-125-125-gen-3-euro-3-rs-125-2006-2010,excel,moto,Aprilia,SPORT,Sport 125,RS 125,125 Gen 3 (Euro 3),RS 125,Aprilia RS 125,2006 - 2010,assets/vehicles/aprilia/moto-aprilia-rs-125-125-gen-3-euro-3-rs-125-2006-2010/,assets/vehicles/_quick/moto-aprilia-rs-125-125-gen-3-euro-3-rs-125-2006-2010-1.webp,assets/vehicles/_quick/moto-aprilia-rs-125-125-gen-3-euro-3-rs-125-2006-2010-2.webp,,,,content/articles/aprilia/moto-aprilia-rs-125-125-gen-3-euro-3-rs-125-2006-2010.md,no
8fd69b33d6a7aabb2029a17a9294d7bd3220f7dd,moto-aprilia-rs-125-125-gen-5-euro-4-rs-125-2018-2020,excel,moto,Aprilia,SPORT,Sport 125,RS 125,125 Gen 5 (Euro 4),RS 125,Aprilia RS 125,2018 - 2020,assets/vehicles/aprilia/moto-aprilia-rs-125-125-gen-5-euro-4-rs-125-2018-2020/,assets/vehicles/_quick/moto-aprilia-rs-125-125-gen-5-euro-4-rs-125-2018-2020-1.webp,assets/vehicles/_quick/moto-aprilia-rs-125-125-gen-5-euro-4-rs-125-2018-2020-2.webp,,,,content/articles/aprilia/moto-aprilia-rs-125-125-gen-5-euro-4-rs-125-2018-2020.md,no
7b8124f6cc223fbaa7cd816e31b2b8db6cdd6c98,moto-aprilia-rs-125-125-gen-6-euro-5-rs-125-2021-2024,excel,moto,Aprilia,SPORT,Sport 125,RS 125,125 Gen 6 (Euro 5),RS 125,Aprilia RS 125,2021 - 2024,assets/vehicles/aprilia/moto-aprilia-rs-125-125-gen-6-euro-5-rs-125-2021-2024/,assets/vehicles/_quick/moto-aprilia-rs-125-125-gen-6-euro-5-rs-125-2021-2024-1.webp,assets/vehicles/_quick/moto-aprilia-rs-125-125-gen-6-euro-5-rs-125-2021-2024-2.webp,,,,content/articles/aprilia/moto-aprilia-rs-125-125-gen-6-euro-5-rs-125-2021-2024.md,no
1c20ead2620b67709f57107d7f43eb418eae810c,moto-aprilia-rs-125-125-gen-6-1-euro-5-rs-125-2025,excel,moto,Aprilia,SPORT,Sport 125,RS 125,125 Gen 6.1 (Euro 5+),RS 125,Aprilia RS 125,2025 -,assets/vehicles/aprilia/moto-aprilia-rs-125-125-gen-6-1-euro-5-rs-125-2025/,assets/vehicles/_quick/moto-aprilia-rs-125-125-gen-6-1-euro-5-rs-125-2025-1.webp,assets/vehicles/_quick/moto-aprilia-rs-125-125-gen-6-1-euro-5-rs-125-2025-2.webp,,,,content/articles/aprilia/moto-aprilia-rs-125-125-gen-6-1-euro-5-rs-125-2025.md,no
3c88fb4c545fdbe034fbb44ce34eeb2aab99a828,moto-aprilia-rs-125-125-gen-1-rs-125-extrema-1991-1998,excel,moto,Aprilia,SPORT,Sport 125,RS 125,125 Gen 1,RS 125 Extrema,Aprilia RS 125 RS 125 Extrema,1991 - 1998,assets/vehicles/aprilia/moto-aprilia-rs-125-125-gen-1-rs-125-extrema-1991-1998/,assets/vehicles/_quick/moto-aprilia-rs-125-125-gen-1-rs-125-extrema-1991-1998-1.webp,assets/vehicles/_quick/moto-aprilia-rs-125-125-gen-1-rs-125-extrema-1991-1998-2.webp,,,,content/articles/aprilia/moto-aprilia-rs-125-125-gen-1-rs-125-extrema-1991-1998.md,no
04eb6d5f865db3301fd75e827e9b0682c011c1af,moto-aprilia-rs-125-125-gen-2-rs-125-2003-2005,excel,moto,Aprilia,SPORT,Sport 125,RS 125,125 Gen 2,RS 125,Aprilia RS 125,2003 - 2005,assets/vehicles/aprilia/moto-aprilia-rs-125-125-gen-2-rs-125-2003-2005/,assets/vehicles/_quick/moto-aprilia-rs-125-125-gen-2-rs-125-2003-2005-1.webp,assets/vehicles/_quick/moto-aprilia-rs-125-125-gen-2-rs-125-2003-2005-2.webp,,,,content/articles/aprilia/moto-aprilia-rs-125-125-gen-2-rs-125-2003-2005.md,no
89b5bd0c3d9266b880539b47df4ac97c288499d2,moto-aprilia-rs-125-125-gen-4-rs4-125-2011-2017,excel,moto,Aprilia,SPORT,Sport 125,RS 125,125 Gen 4,RS4 125,Aprilia RS 125 RS4 125,2011 - 2017,assets/vehicles/aprilia/moto-aprilia-rs-125-125-gen-4-rs4-125-2011-2017/,assets/vehicles/_quick/moto-aprilia-rs-125-125-gen-4-rs4-125-2011-2017-1.webp,assets/vehicles/_quick/moto-aprilia-rs-125-125-gen-4-rs4-125-2011-2017-2.webp,,,,content/articles/aprilia/moto-aprilia-rs-125-125-gen-4-rs4-125-2011-2017.md,no
bffd899f3bc7b46ed115c7d0367e5e71fcbfb892,moto-aprilia-rs-250-250-gen-1-rs-250-1994-1997,excel,moto,Aprilia,SPORT,Supersport,RS 250,250 Gen 1,RS 250,Aprilia RS 250,1994 - 1997,assets/vehicles/aprilia/moto-aprilia-rs-250-250-gen-1-rs-250-1994-1997/,assets/vehicles/_quick/moto-aprilia-rs-250-250-gen-1-rs-250-1994-1997-1.webp,assets/vehicles/_quick/moto-aprilia-rs-250-250-gen-1-rs-250-1994-1997-2.webp,,,,content/articles/aprilia/moto-aprilia-rs-250-250-gen-1-rs-250-1994-1997.md,no
70e53c8f921b09756e04e2b6c7b4babb38d5a996,moto-aprilia-rs-250-250-gen-2-rs-250-1998-2002,excel,moto,Aprilia,SPORT,Supersport,RS 250,250 Gen 2,RS 250,Aprilia RS 250,1998 - 2002,assets/vehicles/aprilia/moto-aprilia-rs-250-250-gen-2-rs-250-1998-2002/,assets/vehicles/_quick/moto-aprilia-rs-250-250-gen-2-rs-250-1998-2002-1.webp,assets/vehicles/_quick/moto-aprilia-rs-250-250-gen-2-rs-250-1998-2002-2.webp,,,,content/articles/aprilia/moto-aprilia-rs-250-250-gen-2-rs-250-1998-2002.md,no
f455c3741b8e72d761fdfd20f960063408080e74,moto-aprilia-rs-457-457-gen-1-rs-457-2024,excel,moto,Aprilia,SPORT,Sport A2,RS 457,457 Gen 1,RS 457,Aprilia RS 457,2024-,assets/vehicles/aprilia/moto-aprilia-rs-457-457-gen-1-rs-457-2024/,assets/vehicles/_quick/moto-aprilia-rs-457-457-gen-1-rs-457-2024-1.webp,assets/vehicles/_quick/moto-aprilia-rs-457-457-gen-1-rs-457-2024-2.webp,,,,content/articles/aprilia/moto-aprilia-rs-457-457-gen-1-rs-457-2024.md,no
b7c5e59635dd21c02f35f1d0f7567eccec2e1d0c,moto-aprilia-rs-660-660-gen-1-rs-660-2021-2024,excel,moto,Aprilia,SPORT,Sport F,RS 660,660 Gen 1,RS 660,Aprilia RS 660,2021 - 2024,assets/vehicles/aprilia/moto-aprilia-rs-660-660-gen-1-rs-660-2021-2024/,assets/vehicles/_quick/moto-aprilia-rs-660-660-gen-1-rs-660-2021-2024-1.webp,assets/vehicles/_quick/moto-aprilia-rs-660-660-gen-1-rs-660-2021-2024-2.webp,,,,content/articles/aprilia/moto-aprilia-rs-660-660-gen-1-rs-660-2021-2024.md,no
15736898be915b62bebe7524a778358d4e63da62,moto-aprilia-rs-660-660-gen-2-rs-660-2024,excel,moto,Aprilia,SPORT,Sport F,RS 660,660 Gen 2,RS 660,Aprilia RS 660,2024 -,assets/vehicles/aprilia/moto-aprilia-rs-660-660-gen-2-rs-660-2024/,assets/vehicles/_quick/moto-aprilia-rs-660-660-gen-2-rs-660-2024-1.webp,assets/vehicles/_quick/moto-aprilia-rs-660-660-gen-2-rs-660-2024-2.webp,,,,content/articles/aprilia/moto-aprilia-rs-660-660-gen-2-rs-660-2024.md,no
93168359f26e830e4630bb961d5fb0e9545fe8cd,moto-aprilia-rst-gen-1-1000-futura-2001-2004,excel,moto,Aprilia,TOURING,Sport Touring grande,RST,Gen 1,1000 Futura,Aprilia RST 1000 Futura,2001 - 2004,assets/vehicles/aprilia/moto-aprilia-rst-gen-1-1000-futura-2001-2004/,assets/vehicles/_quick/moto-aprilia-rst-gen-1-1000-futura-2001-2004-1.webp,assets/vehicles/_quick/moto-aprilia-rst-gen-1-1000-futura-2001-2004-2.webp,,,,content/articles/aprilia/moto-aprilia-rst-gen-1-1000-futura-2001-2004.md,no
1aac527dc751e18bb3cab73d2b72654c48791629,moto-aprilia-rsv-gen-1-2-rsv-1000-r-2004-2009,excel,moto,Aprilia,SPORT,Superbike,RSV,Gen 1.2,RSV 1000 R,Aprilia RSV RSV 1000 R,2004 - 2009,assets/vehicles/aprilia/moto-aprilia-rsv-gen-1-2-rsv-1000-r-2004-2009/,assets/vehicles/_quick/moto-aprilia-rsv-gen-1-2-rsv-1000-r-2004-2009-1.webp,assets/vehicles/_quick/moto-aprilia-rsv-gen-1-2-rsv-1000-r-2004-2009-2.webp,,,,content/articles/aprilia/moto-aprilia-rsv-gen-1-2-rsv-1000-r-2004-2009.md,no
97dc8bf612296fd43029e4668e1e7180fe6393bf,moto-aprilia-rsv-gen-1-rsv-mille-1998-2004,excel,moto,Aprilia,SPORT,Superbike,RSV,Gen 1,RSV Mille,Aprilia RSV RSV Mille,1998 - 2004,assets/vehicles/aprilia/moto-aprilia-rsv-gen-1-rsv-mille-1998-2004/,assets/vehicles/_quick/moto-aprilia-rsv-gen-1-rsv-mille-1998-2004-1.webp,assets/vehicles/_quick/moto-aprilia-rsv-gen-1-rsv-mille-1998-2004-2.webp,,,,content/articles/aprilia/moto-aprilia-rsv-gen-1-rsv-mille-1998-2004.md,no
8cd2fd6cfc38a555577416b8adee14f8c1034592,moto-aprilia-rsv-gen-2-v4-gen-1-rsv4-2009-2015,excel,moto,Aprilia,SPORT,Superbike,RSV,Gen 2 (V4 Gen 1),RSV4,Aprilia RSV RSV4,2009 - 2015,assets/vehicles/aprilia/moto-aprilia-rsv-gen-2-v4-gen-1-rsv4-2009-2015/,assets/vehicles/_quick/moto-aprilia-rsv-gen-2-v4-gen-1-rsv4-2009-2015-1.webp,assets/vehicles/_quick/moto-aprilia-rsv-gen-2-v4-gen-1-rsv4-2009-2015-2.webp,,,,content/articles/aprilia/moto-aprilia-rsv-gen-2-v4-gen-1-rsv4-2009-2015.md,no
a99bd3386a4123995d19d9b3b8f65c5c64e6600c,moto-aprilia-rsv-gen-3-2-v4-gen-2-2-rsv4-1100-factory-2019-2020,excel,moto,Aprilia,SPORT,Superbike,RSV,Gen 3.2 (V4 Gen 2.2),RSV4 1100 Factory,Aprilia RSV RSV4 1100 Factory,2019 - 2020,assets/vehicles/aprilia/moto-aprilia-rsv-gen-3-2-v4-gen-2-2-rsv4-1100-factory-2019-2020/,assets/vehicles/_quick/moto-aprilia-rsv-gen-3-2-v4-gen-2-2-rsv4-1100-factory-2019-2020-1.webp,assets/vehicles/_quick/moto-aprilia-rsv-gen-3-2-v4-gen-2-2-rsv4-1100-factory-2019-2020-2.webp,,,,content/articles/aprilia/moto-aprilia-rsv-gen-3-2-v4-gen-2-2-rsv4-1100-factory-2019-2020.md,no
b7b1be46b1752fb587f620560718c9f045111674,moto-aprilia-rsv-gen-3-v4-gen-2-rsv4-rr-2015-2020,excel,moto,Aprilia,SPORT,Superbike,RSV,Gen 3 (V4 Gen 2),RSV4 RR,Aprilia RSV RSV4 RR,2015 - 2020,assets/vehicles/aprilia/moto-aprilia-rsv-gen-3-v4-gen-2-rsv4-rr-2015-2020/,assets/vehicles/_quick/moto-aprilia-rsv-gen-3-v4-gen-2-rsv4-rr-2015-2020-1.webp,assets/vehicles/_quick/moto-aprilia-rsv-gen-3-v4-gen-2-rsv4-rr-2015-2020-2.webp,,,,content/articles/aprilia/moto-aprilia-rsv-gen-3-v4-gen-2-rsv4-rr-2015-2020.md,no
329d05eb4ad855e6a285eb421789465d81d7c6c4,moto-aprilia-rsv-gen-4-v4-gen-3-rsv4-2021-2024,excel,moto,Aprilia,SPORT,Superbike,RSV,Gen 4 (V4 Gen 3),RSV4,Aprilia RSV RSV4,2021 - 2024,assets/vehicles/aprilia/moto-aprilia-rsv-gen-4-v4-gen-3-rsv4-2021-2024/,assets/vehicles/_quick/moto-aprilia-rsv-gen-4-v4-gen-3-rsv4-2021-2024-1.webp,assets/vehicles/_quick/moto-aprilia-rsv-gen-4-v4-gen-3-rsv4-2021-2024-2.webp,,,,content/articles/aprilia/moto-aprilia-rsv-gen-4-v4-gen-3-rsv4-2021-2024.md,no
61a3feb5f7b3e481f2f660c87ba394e324e55f5a,moto-aprilia-rsv-gen-4-2-v4-gen-3-2-rsv4-1100-2025,excel,moto,Aprilia,SPORT,Superbike,RSV,Gen 4.2 (V4 Gen 3.2),RSV4 1100,Aprilia RSV RSV4 1100,2025 -,assets/vehicles/aprilia/moto-aprilia-rsv-gen-4-2-v4-gen-3-2-rsv4-1100-2025/,assets/vehicles/_quick/moto-aprilia-rsv-gen-4-2-v4-gen-3-2-rsv4-1100-2025-1.webp,assets/vehicles/_quick/moto-aprilia-rsv-gen-4-2-v4-gen-3-2-rsv4-1100-2025-2.webp,,,,content/articles/aprilia/moto-aprilia-rsv-gen-4-2-v4-gen-3-2-rsv4-1100-2025.md,no
8470471b0d680c5078e140d8768577ec9aa10a5b,moto-aprilia-rx-125-125-125,excel,moto,Aprilia,ADVENTURE,Trail 125,RX 125,125,125,Aprilia RX 125 125,,assets/vehicles/aprilia/moto-aprilia-rx-125-125-125/,assets/vehicles/_quick/moto-aprilia-rx-125-125-125-1.webp,assets/vehicles/_quick/moto-aprilia-rx-125-125-125-2.webp,,,,content/articles/aprilia/moto-aprilia-rx-125-125-125.md,no
e2ea85f59718bac956e0b126a08a02ad13d19035,moto-aprilia-rxv-450-450-2006-2008,excel,moto,Aprilia,OFF-ROAD COMPETICIÓN,Enduro,RXV,450,450,Aprilia RXV 450,2006 - 2008,assets/vehicles/aprilia/moto-aprilia-rxv-450-450-2006-2008/,assets/vehicles/_quick/moto-aprilia-rxv-450-450-2006-2008-1.webp,assets/vehicles/_quick/moto-aprilia-rxv-450-450-2006-2008-2.webp,,,,content/articles/aprilia/moto-aprilia-rxv-450-450-2006-2008.md,no
7e0c5a59ba2000f69806da71d6bf46a12b253ba4,moto-aprilia-rxv-550-550-2009-2014,excel,moto,Aprilia,OFF-ROAD COMPETICIÓN,Enduro,RXV,550,550,Aprilia RXV 550,2009 - 2014,assets/vehicles/aprilia/moto-aprilia-rxv-550-550-2009-2014/,assets/vehicles/_quick/moto-aprilia-rxv-550-550-2009-2014-1.webp,assets/vehicles/_quick/moto-aprilia-rxv-550-550-2009-2014-2.webp,,,,content/articles/aprilia/moto-aprilia-rxv-550-550-2009-2014.md,no
25b30f5a185ac1871faf61d44c6d79d4a79d4cff,moto-aprilia-shiver-750-gen-1-750-2007-2009,excel,moto,Aprilia,NAKED,Naked media,Shiver,750 Gen 1,750,Aprilia Shiver 750,2007 - 2009,assets/vehicles/aprilia/moto-aprilia-shiver-750-gen-1-750-2007-2009/,assets/vehicles/_quick/moto-aprilia-shiver-750-gen-1-750-2007-2009-1.webp,assets/vehicles/_quick/moto-aprilia-shiver-750-gen-1-750-2007-2009-2.webp,,,,content/articles/aprilia/moto-aprilia-shiver-750-gen-1-750-2007-2009.md,no
2ad7e10db1db503035851eeabc988537e96f1712,moto-aprilia-shiver-750-gen-1-2-750-2010-2016,excel,moto,Aprilia,NAKED,Naked media,Shiver,750 Gen 1.2,750,Aprilia Shiver 750,2010 - 2016,assets/vehicles/aprilia/moto-aprilia-shiver-750-gen-1-2-750-2010-2016/,assets/vehicles/_quick/moto-aprilia-shiver-750-gen-1-2-750-2010-2016-1.webp,assets/vehicles/_quick/moto-aprilia-shiver-750-gen-1-2-750-2010-2016-2.webp,,,,content/articles/aprilia/moto-aprilia-shiver-750-gen-1-2-750-2010-2016.md,no
7cd0c594d51d0aa3ed00ddd5c4b373a2691f8ae5,moto-aprilia-shiver-750-gen-1-2-750-abs-2012-2016,excel,moto,Aprilia,NAKED,Naked media,Shiver,750 Gen 1.2,750 ABS,Aprilia Shiver 750 ABS,2012 - 2016,assets/vehicles/aprilia/moto-aprilia-shiver-750-gen-1-2-750-abs-2012-2016/,assets/vehicles/_quick/moto-aprilia-shiver-750-gen-1-2-750-abs-2012-2016-1.webp,assets/vehicles/_quick/moto-aprilia-shiver-750-gen-1-2-750-abs-2012-2016-2.webp,,,,content/articles/aprilia/moto-aprilia-shiver-750-gen-1-2-750-abs-2012-2016.md,no
54e910fc4ad37db8ef009507c4ff6b63fd5bdd24,moto-aprilia-shiver-750-gen-1-2-750-gt-abs-2009-2013,excel,moto,Aprilia,TOURING,Sport Touring media,Shiver,750 Gen 1.2,750 GT ABS,Aprilia Shiver 750 GT ABS,2009 - 2013,assets/vehicles/aprilia/moto-aprilia-shiver-750-gen-1-2-750-gt-abs-2009-2013/,assets/vehicles/_quick/moto-aprilia-shiver-750-gen-1-2-750-gt-abs-2009-2013-1.webp,assets/vehicles/_quick/moto-aprilia-shiver-750-gen-1-2-750-gt-abs-2009-2013-2.webp,,,,content/articles/aprilia/moto-aprilia-shiver-750-gen-1-2-750-gt-abs-2009-2013.md,no
939f100750be156c50b7bd85e952ef99165f4d82,moto-aprilia-shiver-900-900-2017-2020,excel,moto,Aprilia,NAKED,Naked media,Shiver,900,900,Aprilia Shiver 900,2017 - 2020,assets/vehicles/aprilia/moto-aprilia-shiver-900-900-2017-2020/,assets/vehicles/_quick/moto-aprilia-shiver-900-900-2017-2020-1.webp,assets/vehicles/_quick/moto-aprilia-shiver-900-900-2017-2020-2.webp,,,,content/articles/aprilia/moto-aprilia-shiver-900-900-2017-2020.md,no
0998fcf0e30b738002a6d21bc2a821431f902937,moto-aprilia-sl-gen-1-1000-falco-1999-2005,excel,moto,Aprilia,SPORT,Sport F,SL,Gen 1,1000 Falco,Aprilia SL 1000 Falco,1999 - 2005,assets/vehicles/aprilia/moto-aprilia-sl-gen-1-1000-falco-1999-2005/,assets/vehicles/_quick/moto-aprilia-sl-gen-1-1000-falco-1999-2005-1.webp,assets/vehicles/_quick/moto-aprilia-sl-gen-1-1000-falco-1999-2005-2.webp,,,,content/articles/aprilia/moto-aprilia-sl-gen-1-1000-falco-1999-2005.md,no
54e25630525d4243626d5a6b8f91d67ea1d3f38e,moto-aprilia-sx-125-gen-1,excel,moto,Aprilia,NAKED,Supermotard,SX 125,Gen 1,-,Aprilia SX 125,,assets/vehicles/aprilia/moto-aprilia-sx-125-gen-1/,assets/vehicles/_quick/moto-aprilia-sx-125-gen-1-1.webp,assets/vehicles/_quick/moto-aprilia-sx-125-gen-1-2.webp,,,,content/articles/aprilia/moto-aprilia-sx-125-gen-1.md,no
d032e25c4ba73ba9a65d245f7985dba53ff80b6e,moto-aprilia-sxv-gen-1-450-2006-2007,excel,moto,Aprilia,NAKED,Supermotard,SXV,Gen 1,450,Aprilia SXV 450,2006 - 2007,assets/vehicles/aprilia/moto-aprilia-sxv-gen-1-450-2006-2007/,assets/vehicles/_quick/moto-aprilia-sxv-gen-1-450-2006-2007-1.webp,assets/vehicles/_quick/moto-aprilia-sxv-gen-1-450-2006-2007-2.webp,,,,content/articles/aprilia/moto-aprilia-sxv-gen-1-450-2006-2007.md,no
5d2f9a0c04322e8c5b1233588ad4fcb968278eb9,moto-aprilia-sxv-gen-1-550-2007-2014,excel,moto,Aprilia,NAKED,Supermotard,SXV,Gen 1,550,Aprilia SXV 550,2007 - 2014,assets/vehicles/aprilia/moto-aprilia-sxv-gen-1-550-2007-2014/,assets/vehicles/_quick/moto-aprilia-sxv-gen-1-550-2007-2014-1.webp,assets/vehicles/_quick/moto-aprilia-sxv-gen-1-550-2007-2014-2.webp,,,,content/articles/aprilia/moto-aprilia-sxv-gen-1-550-2007-2014.md,no
c9af67332e11575eb673eda9f5e3230cda66c3a3,moto-aprilia-tuareg-660-gen-1-2022-2024,excel,moto,Aprilia,ADVENTURE,Trail media,Tuareg 660,Gen 1,-,Aprilia Tuareg 660,2022 - 2024,assets/vehicles/aprilia/moto-aprilia-tuareg-660-gen-1-2022-2024/,assets/vehicles/_quick/moto-aprilia-tuareg-660-gen-1-2022-2024-1.webp,assets/vehicles/_quick/moto-aprilia-tuareg-660-gen-1-2022-2024-2.webp,,,,content/articles/aprilia/moto-aprilia-tuareg-660-gen-1-2022-2024.md,no
23f598d33dc0f2654ad73bac77ac053ea122307c,moto-aprilia-tuareg-660-gen-2-2025,excel,moto,Aprilia,ADVENTURE,Trail media,Tuareg 660,Gen 2,-,Aprilia Tuareg 660,2025 -,assets/vehicles/aprilia/moto-aprilia-tuareg-660-gen-2-2025/,assets/vehicles/_quick/moto-aprilia-tuareg-660-gen-2-2025-1.webp,assets/vehicles/_quick/moto-aprilia-tuareg-660-gen-2-2025-2.webp,,,,content/articles/aprilia/moto-aprilia-tuareg-660-gen-2-2025.md,no
58d12c762bed1f70e4e35cb148d57d60675ba26f,moto-aprilia-tuono-125-gen-1,excel,moto,Aprilia,NAKED,Naked 125,Tuono 125,Gen 1,-,Aprilia Tuono 125,,assets/vehicles/aprilia/moto-aprilia-tuono-125-gen-1/,assets/vehicles/_quick/moto-aprilia-tuono-125-gen-1-1.webp,assets/vehicles/_quick/moto-aprilia-tuono-125-gen-1-2.webp,,,,content/articles/aprilia/moto-aprilia-tuono-125-gen-1.md,no
4a6adeedec17865a21681a6cedbf30269236a740,moto-aprilia-tuono-457-gen-1-2025,excel,moto,Aprilia,NAKED,Naked A2,Tuono 457,Gen 1,-,Aprilia Tuono 457,2025 -,assets/vehicles/aprilia/moto-aprilia-tuono-457-gen-1-2025/,assets/vehicles/_quick/moto-aprilia-tuono-457-gen-1-2025-1.webp,assets/vehicles/_quick/moto-aprilia-tuono-457-gen-1-2025-2.webp,,,,content/articles/aprilia/moto-aprilia-tuono-457-gen-1-2025.md,no
a2589ba40b8ffdd9a278f8bd648c568fed92b741,moto-aprilia-tuono-660-gen-1-2021-2024,excel,moto,Aprilia,NAKED,Sport-Naked,Tuono 660,Gen 1,-,Aprilia Tuono 660,2021 - 2024,assets/vehicles/aprilia/moto-aprilia-tuono-660-gen-1-2021-2024/,assets/vehicles/_quick/moto-aprilia-tuono-660-gen-1-2021-2024-1.webp,assets/vehicles/_quick/moto-aprilia-tuono-660-gen-1-2021-2024-2.webp,,,,content/articles/aprilia/moto-aprilia-tuono-660-gen-1-2021-2024.md,no
681a898f4ad6ed827c69251240564a8a6365b665,moto-aprilia-tuono-660-gen-1-factory-2022-2024,excel,moto,Aprilia,NAKED,Sport-Naked,Tuono 660,Gen 1,Factory,Aprilia Tuono 660 Factory,2022 - 2024,assets/vehicles/aprilia/moto-aprilia-tuono-660-gen-1-factory-2022-2024/,assets/vehicles/_quick/moto-aprilia-tuono-660-gen-1-factory-2022-2024-1.webp,assets/vehicles/_quick/moto-aprilia-tuono-660-gen-1-factory-2022-2024-2.webp,,,,content/articles/aprilia/moto-aprilia-tuono-660-gen-1-factory-2022-2024.md,no
bfebe4b2977b144d114c2c074dd70187fbe87f6a,moto-aprilia-tuono-660-gen-2-2025,excel,moto,Aprilia,NAKED,Sport-Naked,Tuono 660,Gen 2,-,Aprilia Tuono 660,2025 -,assets/vehicles/aprilia/moto-aprilia-tuono-660-gen-2-2025/,assets/vehicles/_quick/moto-aprilia-tuono-660-gen-2-2025-1.webp,assets/vehicles/_quick/moto-aprilia-tuono-660-gen-2-2025-2.webp,,,,content/articles/aprilia/moto-aprilia-tuono-660-gen-2-2025.md,no
27e0d652629a51a0c19afaf96ec31464d746ec47,moto-aprilia-tuono-v2-v4-tuono-1000-2004-2011,excel,moto,Aprilia,NAKED,Hyper Naked,Tuono V2/V4,Tuono 1000,-,Aprilia Tuono V2/V4,2004 - 2011,assets/vehicles/aprilia/moto-aprilia-tuono-v2-v4-tuono-1000-2004-2011/,assets/vehicles/_quick/moto-aprilia-tuono-v2-v4-tuono-1000-2004-2011-1.webp,assets/vehicles/_quick/moto-aprilia-tuono-v2-v4-tuono-1000-2004-2011-2.webp,,,,content/articles/aprilia/moto-aprilia-tuono-v2-v4-tuono-1000-2004-2011.md,no
7c81ce4924355caf154d39989cb6ddc4f6e0777c,moto-aprilia-tuono-v2-v4-tuono-v4-2011,excel,moto,Aprilia,NAKED,Hyper Naked,Tuono V2/V4,Tuono V4,-,Aprilia Tuono V2/V4,2011 -,assets/vehicles/aprilia/moto-aprilia-tuono-v2-v4-tuono-v4-2011/,assets/vehicles/_quick/moto-aprilia-tuono-v2-v4-tuono-v4-2011-1.webp,assets/vehicles/_quick/moto-aprilia-tuono-v2-v4-tuono-v4-2011-2.webp,,,,content/articles/aprilia/moto-aprilia-tuono-v2-v4-tuono-v4-2011.md,no
d13083e46669a1fae23ab0a1666fab0a8301eea0,moto-benelli-502c-gen-1-2019-2025-dec,excel,moto,Benelli,CUSTOM,Custom A2,502C,Gen 1,-,Benelli 502C,2019 - 2025 dec,assets/vehicles/benelli/moto-benelli-502c-gen-1-2019-2025-dec/,assets/vehicles/_quick/moto-benelli-502c-gen-1-2019-2025-dec-1.webp,assets/vehicles/_quick/moto-benelli-502c-gen-1-2019-2025-dec-2.webp,,,,content/articles/benelli/moto-benelli-502c-gen-1-2019-2025-dec.md,no
fdff5cf8f526477672bd3c8e817274835a95b8fd,moto-benelli-752s-gen-1-2019-2024,excel,moto,Benelli,NAKED,Naked media,752S,Gen 1,-,Benelli 752S,2019 - 2024,assets/vehicles/benelli/moto-benelli-752s-gen-1-2019-2024/,assets/vehicles/_quick/moto-benelli-752s-gen-1-2019-2024-1.webp,assets/vehicles/_quick/moto-benelli-752s-gen-1-2019-2024-2.webp,,,,content/articles/benelli/moto-benelli-752s-gen-1-2019-2024.md,no
9dc1d01d85101cdd4c2ab703bf4bafb26148d7b4,moto-benelli-bn-302-302s-302s-2019-2020,excel,moto,Benelli,NAKED,Naked A2,BN 302 / 302S,302S,-,Benelli BN 302 / 302S,2019 - 2020,assets/vehicles/benelli/moto-benelli-bn-302-302s-302s-2019-2020/,assets/vehicles/_quick/moto-benelli-bn-302-302s-302s-2019-2020-1.webp,assets/vehicles/_quick/moto-benelli-bn-302-302s-302s-2019-2020-2.webp,,,,content/articles/benelli/moto-benelli-bn-302-302s-302s-2019-2020.md,no
59dddf426ce2394f5f475156e6c8fbfaa3687eaf,moto-benelli-bn-302-302s-bn-302-2016-2018,excel,moto,Benelli,NAKED,Naked A2,BN 302 / 302S,BN 302,-,Benelli BN 302 / 302S,2016 - 2018,assets/vehicles/benelli/moto-benelli-bn-302-302s-bn-302-2016-2018/,assets/vehicles/_quick/moto-benelli-bn-302-302s-bn-302-2016-2018-1.webp,assets/vehicles/_quick/moto-benelli-bn-302-302s-bn-302-2016-2018-2.webp,,,,content/articles/benelli/moto-benelli-bn-302-302s-bn-302-2016-2018.md,no
7e20d7a367b1ea20158cefdacaf21008ca47519f,moto-benelli-bn-600-gen-1-i-2016-2019,excel,moto,Benelli,NAKED,Naked media,BN 600,Gen 1,i,Benelli BN 600 i,2016 - 2019,assets/vehicles/benelli/moto-benelli-bn-600-gen-1-i-2016-2019/,assets/vehicles/_quick/moto-benelli-bn-600-gen-1-i-2016-2019-1.webp,assets/vehicles/_quick/moto-benelli-bn-600-gen-1-i-2016-2019-2.webp,,,,content/articles/benelli/moto-benelli-bn-600-gen-1-i-2016-2019.md,no
eda8bffdb008e55ed010e1653e6f009e3a1d24f9,moto-benelli-bn-600-gen-1-r-2014-2019,excel,moto,Benelli,NAKED,Naked media,BN 600,Gen 1,R,Benelli BN 600 R,2014 - 2019,assets/vehicles/benelli/moto-benelli-bn-600-gen-1-r-2014-2019/,assets/vehicles/_quick/moto-benelli-bn-600-gen-1-r-2014-2019-1.webp,assets/vehicles/_quick/moto-benelli-bn-600-gen-1-r-2014-2019-2.webp,,,,content/articles/benelli/moto-benelli-bn-600-gen-1-r-2014-2019.md,no
9c4a26df40e3daea8aad6c6f2ecdaa3d98ab893a,moto-benelli-leoncino-500-gen-1-2017-2020,excel,moto,Benelli,NAKED,Retro-naked,Leoncino 500,Gen 1,-,Benelli Leoncino 500,2017 - 2020,assets/vehicles/benelli/moto-benelli-leoncino-500-gen-1-2017-2020/,assets/vehicles/_quick/moto-benelli-leoncino-500-gen-1-2017-2020-1.webp,assets/vehicles/_quick/moto-benelli-leoncino-500-gen-1-2017-2020-2.webp,,,,content/articles/benelli/moto-benelli-leoncino-500-gen-1-2017-2020.md,no
356406f12aa952155d17d7880aef793c11d12399,moto-benelli-leoncino-500-gen-2-2021,excel,moto,Benelli,NAKED,Retro-naked,Leoncino 500,Gen 2,-,Benelli Leoncino 500,2021 -,assets/vehicles/benelli/moto-benelli-leoncino-500-gen-2-2021/,assets/vehicles/_quick/moto-benelli-leoncino-500-gen-2-2021-1.webp,assets/vehicles/_quick/moto-benelli-leoncino-500-gen-2-2021-2.webp,,,,content/articles/benelli/moto-benelli-leoncino-500-gen-2-2021.md,no
b6f908bd5ab9b8bd11f3cdd59a62b4c372173d8e,moto-benelli-leoncino-800-gen-1-2022,excel,moto,Benelli,NAKED,Retro-naked,Leoncino 800,Gen 1,-,Benelli Leoncino 800,2022 -,assets/vehicles/benelli/moto-benelli-leoncino-800-gen-1-2022/,assets/vehicles/_quick/moto-benelli-leoncino-800-gen-1-2022-1.webp,assets/vehicles/_quick/moto-benelli-leoncino-800-gen-1-2022-2.webp,,,,content/articles/benelli/moto-benelli-leoncino-800-gen-1-2022.md,no
45bdbc6ed9d27de7aa0fa3736adcec691b0c60b0,moto-benelli-tornado-naked-twin-500-gen-1-2023-2025,excel,moto,Benelli,NAKED,Naked A2,Tornado Naked Twin 500,Gen 1,-,Benelli Tornado Naked Twin 500,2023 - 2025,assets/vehicles/benelli/moto-benelli-tornado-naked-twin-500-gen-1-2023-2025/,assets/vehicles/_quick/moto-benelli-tornado-naked-twin-500-gen-1-2023-2025-1.webp,assets/vehicles/_quick/moto-benelli-tornado-naked-twin-500-gen-1-2023-2025-2.webp,,,,content/articles/benelli/moto-benelli-tornado-naked-twin-500-gen-1-2023-2025.md,no
5d6c7a6515f560d6322a0f5e1c2f6c03f882c4c4,moto-bmw-f-800-r-gen-1-2009-2014,excel,moto,BMW,NAKED,Naked media,F 800 R,Gen 1,-,BMW F 800 R,2009 - 2014,assets/vehicles/bmw/moto-bmw-f-800-r-gen-1-2009-2014/,assets/vehicles/_quick/moto-bmw-f-800-r-gen-1-2009-2014-1.webp,assets/vehicles/_quick/moto-bmw-f-800-r-gen-1-2009-2014-2.webp,,,,content/articles/bmw/moto-bmw-f-800-r-gen-1-2009-2014.md,no
f8fa6d7aa08c9c63be7d621df88e3bbf45db4b98,moto-bmw-f-800-r-gen-2-2015-2019,excel,moto,BMW,NAKED,Naked media,F 800 R,Gen 2,-,BMW F 800 R,2015 - 2019,assets/vehicles/bmw/moto-bmw-f-800-r-gen-2-2015-2019/,assets/vehicles/_quick/moto-bmw-f-800-r-gen-2-2015-2019-1.webp,assets/vehicles/_quick/moto-bmw-f-800-r-gen-2-2015-2019-2.webp,,,,content/articles/bmw/moto-bmw-f-800-r-gen-2-2015-2019.md,no
d39c901d489b7879ad8363e6e71461f67abe53cb,moto-bmw-f-900-r-gen-1-2020,excel,moto,BMW,NAKED,Sport-Naked,F 900 R,Gen 1,-,BMW F 900 R,2020 -,assets/vehicles/bmw/moto-bmw-f-900-r-gen-1-2020/,assets/vehicles/_quick/moto-bmw-f-900-r-gen-1-2020-1.webp,assets/vehicles/_quick/moto-bmw-f-900-r-gen-1-2020-2.webp,,,,content/articles/bmw/moto-bmw-f-900-r-gen-1-2020.md,no
c0c01da62c8596c0c1b4d0a3fd7f0bc709aa8c9f,moto-bmw-f-900-r-gen-1-a2-2020,excel,moto,BMW,NAKED,Naked A2,F 900 R,Gen 1,A2,BMW F 900 R A2,2020 -,assets/vehicles/bmw/moto-bmw-f-900-r-gen-1-a2-2020/,assets/vehicles/_quick/moto-bmw-f-900-r-gen-1-a2-2020-1.webp,assets/vehicles/_quick/moto-bmw-f-900-r-gen-1-a2-2020-2.webp,,,,content/articles/bmw/moto-bmw-f-900-r-gen-1-a2-2020.md,no
d1c1538af73d120f7a215babb5a9d6fc3a73137a,moto-bmw-f-900-r-gen-2-2025,excel,moto,BMW,NAKED,Sport-Naked,F 900 R,Gen 2,-,BMW F 900 R,2025 -,assets/vehicles/bmw/moto-bmw-f-900-r-gen-2-2025/,assets/vehicles/_quick/moto-bmw-f-900-r-gen-2-2025-1.webp,assets/vehicles/_quick/moto-bmw-f-900-r-gen-2-2025-2.webp,,,,content/articles/bmw/moto-bmw-f-900-r-gen-2-2025.md,no
d83fd3384241890504b86336e0cf7ceb63d4ea8a,moto-bmw-f-900-xr-gen-1,excel,moto,BMW,TOURING,Sport Touring media,F 900 XR,Gen 1,-,BMW F 900 XR,,assets/vehicles/bmw/moto-bmw-f-900-xr-gen-1/,assets/vehicles/_quick/moto-bmw-f-900-xr-gen-1-1.webp,assets/vehicles/_quick/moto-bmw-f-900-xr-gen-1-2.webp,,,,content/articles/bmw/moto-bmw-f-900-xr-gen-1.md,no
a90d17f5aa0617d7f210ed2fcdb22f3785d57415,moto-bmw-g-310-r-gen-1-2017-2020,excel,moto,BMW,NAKED,Naked A2,G 310 R,Gen 1,-,BMW G 310 R,2017 - 2020,assets/vehicles/bmw/moto-bmw-g-310-r-gen-1-2017-2020/,assets/vehicles/_quick/moto-bmw-g-310-r-gen-1-2017-2020-1.webp,assets/vehicles/_quick/moto-bmw-g-310-r-gen-1-2017-2020-2.webp,,,,content/articles/bmw/moto-bmw-g-310-r-gen-1-2017-2020.md,no
36392acbed0cebf78394d2e9360da1496341f1a9,moto-bmw-g-310-r-gen-2-2021,excel,moto,BMW,NAKED,Naked A2,G 310 R,Gen 2,-,BMW G 310 R,2021 -,assets/vehicles/bmw/moto-bmw-g-310-r-gen-2-2021/,assets/vehicles/_quick/moto-bmw-g-310-r-gen-2-2021-1.webp,assets/vehicles/_quick/moto-bmw-g-310-r-gen-2-2021-2.webp,,,,content/articles/bmw/moto-bmw-g-310-r-gen-2-2021.md,no
5c606d35d77c228fb051d1a0c7515f7b620ecee0,moto-bmw-k-1600-gen-1-b,excel,moto,BMW,CUSTOM,Bagger,K 1600,Gen 1,B,BMW K 1600 B,,assets/vehicles/bmw/moto-bmw-k-1600-gen-1-b/,assets/vehicles/_quick/moto-bmw-k-1600-gen-1-b-1.webp,assets/vehicles/_quick/moto-bmw-k-1600-gen-1-b-2.webp,,,,content/articles/bmw/moto-bmw-k-1600-gen-1-b.md,no
b03ac033422f45aa35b1e918b2313a67bb528646,moto-bmw-k-1600-gen-1-gt,excel,moto,BMW,TOURING,Gran Turismo,K 1600,Gen 1,GT,BMW K 1600 GT,,assets/vehicles/bmw/moto-bmw-k-1600-gen-1-gt/,assets/vehicles/_quick/moto-bmw-k-1600-gen-1-gt-1.webp,assets/vehicles/_quick/moto-bmw-k-1600-gen-1-gt-2.webp,,,,content/articles/bmw/moto-bmw-k-1600-gen-1-gt.md,no
ef74f3b47d0c8ed7c3c5e31250d8ac68e35e1c06,moto-bmw-k-1600-gen-1-gtl,excel,moto,BMW,TOURING,Gran Turismo,K 1600,Gen 1,GTL,BMW K 1600 GTL,,assets/vehicles/bmw/moto-bmw-k-1600-gen-1-gtl/,assets/vehicles/_quick/moto-bmw-k-1600-gen-1-gtl-1.webp,assets/vehicles/_quick/moto-bmw-k-1600-gen-1-gtl-2.webp,,,,content/articles/bmw/moto-bmw-k-1600-gen-1-gtl.md,no
d5963f38f8a4b95c13c98c892370a5f4cb08b8ad,moto-bmw-m-1000-r-gen-1-2025,excel,moto,BMW,NAKED,Hyper Naked,M 1000 R,Gen 1,-,BMW M 1000 R,2025 -,assets/vehicles/bmw/moto-bmw-m-1000-r-gen-1-2025/,assets/vehicles/_quick/moto-bmw-m-1000-r-gen-1-2025-1.webp,assets/vehicles/_quick/moto-bmw-m-1000-r-gen-1-2025-2.webp,,,,content/articles/bmw/moto-bmw-m-1000-r-gen-1-2025.md,no
0f5d71e478877c64d8f1c68027379fc40aff286d,moto-bmw-m-1000-rr-gen-1,excel,moto,BMW,SPORT,Superbike,M 1000 RR,Gen 1,-,BMW M 1000 RR,,assets/vehicles/bmw/moto-bmw-m-1000-rr-gen-1/,assets/vehicles/_quick/moto-bmw-m-1000-rr-gen-1-1.webp,assets/vehicles/_quick/moto-bmw-m-1000-rr-gen-1-2.webp,,,,content/articles/bmw/moto-bmw-m-1000-rr-gen-1.md,no
4793bfb5073bbcae9b5e3431efca8e2862b6a6cc,moto-bmw-m-1000-xr-gen-1-2024,excel,moto,BMW,TOURING,Sport Touring grande,M 1000 XR,Gen 1,-,BMW M 1000 XR,2024 -,assets/vehicles/bmw/moto-bmw-m-1000-xr-gen-1-2024/,assets/vehicles/_quick/moto-bmw-m-1000-xr-gen-1-2024-1.webp,assets/vehicles/_quick/moto-bmw-m-1000-xr-gen-1-2024-2.webp,,,,content/articles/bmw/moto-bmw-m-1000-xr-gen-1-2024.md,no
a635b48da87d3af0f2e8e2058d175d9d11a536d0,moto-bmw-r-1250-gs-adventure-gen-1-2019-2020,excel,moto,BMW,ADVENTURE,Gran Adventure,R 1250 GS Adventure,Gen 1,-,BMW R 1250 GS Adventure,2019 - 2020,assets/vehicles/bmw/moto-bmw-r-1250-gs-adventure-gen-1-2019-2020/,assets/vehicles/_quick/moto-bmw-r-1250-gs-adventure-gen-1-2019-2020-1.webp,assets/vehicles/_quick/moto-bmw-r-1250-gs-adventure-gen-1-2019-2020-2.webp,,,,content/articles/bmw/moto-bmw-r-1250-gs-adventure-gen-1-2019-2020.md,no
db815cef89bfdc9854f0cb06abb862920140786c,moto-bmw-r-1300-r-gen-1-2025,excel,moto,BMW,NAKED,Hyper Naked,R 1300 R,Gen 1,-,BMW R 1300 R,2025 -,assets/vehicles/bmw/moto-bmw-r-1300-r-gen-1-2025/,assets/vehicles/_quick/moto-bmw-r-1300-r-gen-1-2025-1.webp,assets/vehicles/_quick/moto-bmw-r-1300-r-gen-1-2025-2.webp,,,,content/articles/bmw/moto-bmw-r-1300-r-gen-1-2025.md,no
8e54d086c9bdd850457487044f9a24c51ad4a17b,moto-bmw-r-1300-rs-gen-1,excel,moto,BMW,TOURING,Sport Touring grande,R 1300 RS,Gen 1,-,BMW R 1300 RS,,assets/vehicles/bmw/moto-bmw-r-1300-rs-gen-1/,assets/vehicles/_quick/moto-bmw-r-1300-rs-gen-1-1.webp,assets/vehicles/_quick/moto-bmw-r-1300-rs-gen-1-2.webp,,,,content/articles/bmw/moto-bmw-r-1300-rs-gen-1.md,no
ed256e29b98548dcbba5f63734cad9386838f2db,moto-bmw-r-850-r-gen-1-2005-2007,excel,moto,BMW,NAKED,Naked media,R 850 R,Gen 1,-,BMW R 850 R,2005 - 2007,assets/vehicles/bmw/moto-bmw-r-850-r-gen-1-2005-2007/,assets/vehicles/_quick/moto-bmw-r-850-r-gen-1-2005-2007-1.webp,assets/vehicles/_quick/moto-bmw-r-850-r-gen-1-2005-2007-2.webp,,,,content/articles/bmw/moto-bmw-r-850-r-gen-1-2005-2007.md,no
9363cead9f6d44de2491e20f1c0bb0777088b474,moto-bmw-s-1000-r-gen-1-2025,excel,moto,BMW,NAKED,Hyper Naked,S 1000 R,Gen 1,-,BMW S 1000 R,2025 -,assets/vehicles/bmw/moto-bmw-s-1000-r-gen-1-2025/,assets/vehicles/_quick/moto-bmw-s-1000-r-gen-1-2025-1.webp,assets/vehicles/_quick/moto-bmw-s-1000-r-gen-1-2025-2.webp,,,,content/articles/bmw/moto-bmw-s-1000-r-gen-1-2025.md,no
cfd5a31f03e1c9ca78aaf010f022d9774aa5456f,moto-bmw-s-1000-rr-gen-1,excel,moto,BMW,SPORT,Superbike,S 1000 RR,Gen 1,-,BMW S 1000 RR,,assets/vehicles/bmw/moto-bmw-s-1000-rr-gen-1/,assets/vehicles/_quick/moto-bmw-s-1000-rr-gen-1-1.webp,assets/vehicles/_quick/moto-bmw-s-1000-rr-gen-1-2.webp,,,,content/articles/bmw/moto-bmw-s-1000-rr-gen-1.md,no
612ff2650497597dd47819ad800412d34521b8dc,moto-cfmoto-300-cl-x-gen-1-2023-2024,excel,moto,CFMoto,NAKED,Retro-naked,300 CL-X,Gen 1,-,CFMoto 300 CL-X,2023 - 2024,assets/vehicles/cfmoto/moto-cfmoto-300-cl-x-gen-1-2023-2024/,assets/vehicles/_quick/moto-cfmoto-300-cl-x-gen-1-2023-2024-1.webp,assets/vehicles/_quick/moto-cfmoto-300-cl-x-gen-1-2023-2024-2.webp,,,,content/articles/cfmoto/moto-cfmoto-300-cl-x-gen-1-2023-2024.md,no
2d32564e2a685373f79bf1827e4cde4b98f47c0c,moto-cfmoto-300nk-gen-1-2020-2024,excel,moto,CFMoto,NAKED,Naked A2,300NK,Gen 1,-,CFMoto 300NK,2020 - 2024,assets/vehicles/cfmoto/moto-cfmoto-300nk-gen-1-2020-2024/,assets/vehicles/_quick/moto-cfmoto-300nk-gen-1-2020-2024-1.webp,assets/vehicles/_quick/moto-cfmoto-300nk-gen-1-2020-2024-2.webp,,,,content/articles/cfmoto/moto-cfmoto-300nk-gen-1-2020-2024.md,no
b0baf88f733ff20222207bb51a4d91a53d06d49a,moto-cfmoto-400nk-gen-1-2017-2020,excel,moto,CFMoto,NAKED,Naked A2,400NK,Gen 1,-,CFMoto 400NK,2017 - 2020,assets/vehicles/cfmoto/moto-cfmoto-400nk-gen-1-2017-2020/,assets/vehicles/_quick/moto-cfmoto-400nk-gen-1-2017-2020-1.webp,assets/vehicles/_quick/moto-cfmoto-400nk-gen-1-2017-2020-2.webp,,,,content/articles/cfmoto/moto-cfmoto-400nk-gen-1-2017-2020.md,no
251ad2bf9b7e6edd03286259ba89a706b8a64cac,moto-cfmoto-450nk-gen-1-2024,excel,moto,CFMoto,NAKED,Naked A2,450NK,Gen 1,-,CFMoto 450NK,2024 -,assets/vehicles/cfmoto/moto-cfmoto-450nk-gen-1-2024/,assets/vehicles/_quick/moto-cfmoto-450nk-gen-1-2024-1.webp,assets/vehicles/_quick/moto-cfmoto-450nk-gen-1-2024-2.webp,,,,content/articles/cfmoto/moto-cfmoto-450nk-gen-1-2024.md,no
f5db1ac4920551eb00693880c5f55ab53496f479,moto-cfmoto-650nk-gen-1-2015-2016,excel,moto,CFMoto,NAKED,Naked media,650NK,Gen 1,-,CFMoto 650NK,2015 - 2016,assets/vehicles/cfmoto/moto-cfmoto-650nk-gen-1-2015-2016/,assets/vehicles/_quick/moto-cfmoto-650nk-gen-1-2015-2016-1.webp,assets/vehicles/_quick/moto-cfmoto-650nk-gen-1-2015-2016-2.webp,,,,content/articles/cfmoto/moto-cfmoto-650nk-gen-1-2015-2016.md,no
d19efbb5b123d560a1164bec611522f0b96ace4c,moto-cfmoto-650nk-gen-2-2017-2021,excel,moto,CFMoto,NAKED,Naked media,650NK,Gen 2,-,CFMoto 650NK,2017 - 2021,assets/vehicles/cfmoto/moto-cfmoto-650nk-gen-2-2017-2021/,assets/vehicles/_quick/moto-cfmoto-650nk-gen-2-2017-2021-1.webp,assets/vehicles/_quick/moto-cfmoto-650nk-gen-2-2017-2021-2.webp,,,,content/articles/cfmoto/moto-cfmoto-650nk-gen-2-2017-2021.md,no
6d8d96122c522532d9fc89c0f93e4f6f6aecf78b,moto-cfmoto-650nk-gen-3-2022-2024,excel,moto,CFMoto,NAKED,Naked media,650NK,Gen 3,-,CFMoto 650NK,2022 - 2024,assets/vehicles/cfmoto/moto-cfmoto-650nk-gen-3-2022-2024/,assets/vehicles/_quick/moto-cfmoto-650nk-gen-3-2022-2024-1.webp,assets/vehicles/_quick/moto-cfmoto-650nk-gen-3-2022-2024-2.webp,,,,content/articles/cfmoto/moto-cfmoto-650nk-gen-3-2022-2024.md,no
ee4dfcd6ffaa86334374f6e24c8e0eea234f3f02,moto-cfmoto-675nk-gen-1-2025,excel,moto,CFMoto,NAKED,Naked media,675NK,Gen 1,-,CFMoto 675NK,2025 -,assets/vehicles/cfmoto/moto-cfmoto-675nk-gen-1-2025/,assets/vehicles/_quick/moto-cfmoto-675nk-gen-1-2025-1.webp,assets/vehicles/_quick/moto-cfmoto-675nk-gen-1-2025-2.webp,,,,content/articles/cfmoto/moto-cfmoto-675nk-gen-1-2025.md,no
82a8c9d707e24c04456e244d3144925ae0178212,moto-cfmoto-700-cl-x-gen-1-adventure-2023-2024,excel,moto,CFMoto,NAKED,Retro-naked,700 CL-X,Gen 1,Adventure,CFMoto 700 CL-X Adventure,2023 - 2024,assets/vehicles/cfmoto/moto-cfmoto-700-cl-x-gen-1-adventure-2023-2024/,assets/vehicles/_quick/moto-cfmoto-700-cl-x-gen-1-adventure-2023-2024-1.webp,assets/vehicles/_quick/moto-cfmoto-700-cl-x-gen-1-adventure-2023-2024-2.webp,,,,content/articles/cfmoto/moto-cfmoto-700-cl-x-gen-1-adventure-2023-2024.md,no
77bf1e7f9fd28b7269d8dddc063e38044fee0c1d,moto-cfmoto-700-cl-x-gen-1-heritage-2021-2024,excel,moto,CFMoto,NAKED,Retro-naked,700 CL-X,Gen 1,Heritage,CFMoto 700 CL-X Heritage,2021 - 2024,assets/vehicles/cfmoto/moto-cfmoto-700-cl-x-gen-1-heritage-2021-2024/,assets/vehicles/_quick/moto-cfmoto-700-cl-x-gen-1-heritage-2021-2024-1.webp,assets/vehicles/_quick/moto-cfmoto-700-cl-x-gen-1-heritage-2021-2024-2.webp,,,,content/articles/cfmoto/moto-cfmoto-700-cl-x-gen-1-heritage-2021-2024.md,no
9ef660eb26ae831fb9a3136a2f91331e00a4edf6,moto-cfmoto-700-cl-x-gen-1-sport-2022-2024,excel,moto,CFMoto,NAKED,Retro-naked,700 CL-X,Gen 1,Sport,CFMoto 700 CL-X Sport,2022 - 2024,assets/vehicles/cfmoto/moto-cfmoto-700-cl-x-gen-1-sport-2022-2024/,assets/vehicles/_quick/moto-cfmoto-700-cl-x-gen-1-sport-2022-2024-1.webp,assets/vehicles/_quick/moto-cfmoto-700-cl-x-gen-1-sport-2022-2024-2.webp,,,,content/articles/cfmoto/moto-cfmoto-700-cl-x-gen-1-sport-2022-2024.md,no
905d38bb74ca7aedd8b4276b216820dfbc272de9,moto-cfmoto-800nk-gen-1-2023-2024,excel,moto,CFMoto,NAKED,Sport-Naked,800NK,Gen 1,-,CFMoto 800NK,2023 - 2024,assets/vehicles/cfmoto/moto-cfmoto-800nk-gen-1-2023-2024/,assets/vehicles/_quick/moto-cfmoto-800nk-gen-1-2023-2024-1.webp,assets/vehicles/_quick/moto-cfmoto-800nk-gen-1-2023-2024-2.webp,,,,content/articles/cfmoto/moto-cfmoto-800nk-gen-1-2023-2024.md,no
ca6c691f898c06740009024abd420ae193de7d03,moto-ducati-916-gen-1-1994-1998,excel,moto,Ducati,SPORT,Superbike,916,Gen 1,-,Ducati 916,1994 - 1998,assets/vehicles/ducati/moto-ducati-916-gen-1-1994-1998/,assets/vehicles/_quick/moto-ducati-916-gen-1-1994-1998-1.webp,assets/vehicles/_quick/moto-ducati-916-gen-1-1994-1998-2.webp,,,,content/articles/ducati/moto-ducati-916-gen-1-1994-1998.md,no
87680fb421af645d1f3aec044b6e2cd479be01f7,moto-ducati-monster-696-696-2008-2014,excel,moto,Ducati,NAKED,Naked media,Monster,696,696,Ducati Monster 696,2008 - 2014,assets/vehicles/ducati/moto-ducati-monster-696-696-2008-2014/,assets/vehicles/_quick/moto-ducati-monster-696-696-2008-2014-1.webp,assets/vehicles/_quick/moto-ducati-monster-696-696-2008-2014-2.webp,,,,content/articles/ducati/moto-ducati-monster-696-696-2008-2014.md,no
04dc59e6d0e8fe4c1c236da43a39580e74c4db55,moto-ducati-monster-1100-1100-2009-2011,excel,moto,Ducati,NAKED,Naked media,Monster,1100,1100,Ducati Monster 1100,2009 - 2011,assets/vehicles/ducati/moto-ducati-monster-1100-1100-2009-2011/,assets/vehicles/_quick/moto-ducati-monster-1100-1100-2009-2011-1.webp,assets/vehicles/_quick/moto-ducati-monster-1100-1100-2009-2011-2.webp,,,,content/articles/ducati/moto-ducati-monster-1100-1100-2009-2011.md,no
76235c897369de2d60363f52cfd7e3194c9c3d45,moto-ducati-monster-1100-1100-evo-2011-2013,excel,moto,Ducati,NAKED,Sport-Naked,Monster,1100,1100 EVO,Ducati Monster 1100 EVO,2011 - 2013,assets/vehicles/ducati/moto-ducati-monster-1100-1100-evo-2011-2013/,assets/vehicles/_quick/moto-ducati-monster-1100-1100-evo-2011-2013-1.webp,assets/vehicles/_quick/moto-ducati-monster-1100-1100-evo-2011-2013-2.webp,,,,content/articles/ducati/moto-ducati-monster-1100-1100-evo-2011-2013.md,no
d37daa6ac05993efc32f716aec70a726f4083adb,moto-ducati-monster-1100-1100-s-2009-2011,excel,moto,Ducati,NAKED,Naked media,Monster,1100,1100 S,Ducati Monster 1100 S,2009 - 2011,assets/vehicles/ducati/moto-ducati-monster-1100-1100-s-2009-2011/,assets/vehicles/_quick/moto-ducati-monster-1100-1100-s-2009-2011-1.webp,assets/vehicles/_quick/moto-ducati-monster-1100-1100-s-2009-2011-2.webp,,,,content/articles/ducati/moto-ducati-monster-1100-1100-s-2009-2011.md,no
9744ff2a628e4a0604cacabe3b44f2e7656f6365,moto-ducati-monster-796-796-2010-2014,excel,moto,Ducati,NAKED,Naked media,Monster,796,796,Ducati Monster 796,2010 - 2014,assets/vehicles/ducati/moto-ducati-monster-796-796-2010-2014/,assets/vehicles/_quick/moto-ducati-monster-796-796-2010-2014-1.webp,assets/vehicles/_quick/moto-ducati-monster-796-796-2010-2014-2.webp,,,,content/articles/ducati/moto-ducati-monster-796-796-2010-2014.md,no
11ef30c6d81dd59150b016cf82677c5200812aae,moto-ducati-monster-797-797-2017-2020,excel,moto,Ducati,NAKED,Naked media,Monster,797,797,Ducati Monster 797,2017 - 2020,assets/vehicles/ducati/moto-ducati-monster-797-797-2017-2020/,assets/vehicles/_quick/moto-ducati-monster-797-797-2017-2020-1.webp,assets/vehicles/_quick/moto-ducati-monster-797-797-2017-2020-2.webp,,,,content/articles/ducati/moto-ducati-monster-797-797-2017-2020.md,no
efe72324a6815781d7587172c5dd862998f1ba67,moto-ducati-monster-1200-1200-2014-2021,excel,moto,Ducati,NAKED,Hyper Naked,Monster,1200,1200,Ducati Monster 1200,2014 - 2021,assets/vehicles/ducati/moto-ducati-monster-1200-1200-2014-2021/,assets/vehicles/_quick/moto-ducati-monster-1200-1200-2014-2021-1.webp,assets/vehicles/_quick/moto-ducati-monster-1200-1200-2014-2021-2.webp,,,,content/articles/ducati/moto-ducati-monster-1200-1200-2014-2021.md,no
6fa23a942fb6fcf0385c81b10fbd4c059c93f041,moto-ducati-monster-1200-1200-2017-2021,excel,moto,Ducati,NAKED,Hyper Naked,Monster,1200,1200,Ducati Monster 1200,2017 - 2021,assets/vehicles/ducati/moto-ducati-monster-1200-1200-2017-2021/,assets/vehicles/_quick/moto-ducati-monster-1200-1200-2017-2021-1.webp,assets/vehicles/_quick/moto-ducati-monster-1200-1200-2017-2021-2.webp,,,,content/articles/ducati/moto-ducati-monster-1200-1200-2017-2021.md,no
3ead12a3c59643a7c9da0541319f01f3ccede0ff,moto-ducati-monster-1200-1200-r-2016-2019,excel,moto,Ducati,NAKED,Hyper Naked,Monster,1200,1200 R,Ducati Monster 1200 R,2016 - 2019,assets/vehicles/ducati/moto-ducati-monster-1200-1200-r-2016-2019/,assets/vehicles/_quick/moto-ducati-monster-1200-1200-r-2016-2019-1.webp,assets/vehicles/_quick/moto-ducati-monster-1200-1200-r-2016-2019-2.webp,,,,content/articles/ducati/moto-ducati-monster-1200-1200-r-2016-2019.md,no
b9c394b44fd49e8fd2ce8b0c10cf86c64b4aaad2,moto-ducati-monster-1200-1200-s-2014-2017,excel,moto,Ducati,NAKED,Hyper Naked,Monster,1200,1200 S,Ducati Monster 1200 S,2014 - 2017,assets/vehicles/ducati/moto-ducati-monster-1200-1200-s-2014-2017/,assets/vehicles/_quick/moto-ducati-monster-1200-1200-s-2014-2017-1.webp,assets/vehicles/_quick/moto-ducati-monster-1200-1200-s-2014-2017-2.webp,,,,content/articles/ducati/moto-ducati-monster-1200-1200-s-2014-2017.md,no
ba1537b37df2a603a9e1b385997004935e6b43ed,moto-ducati-monster-1200-1200-s-2017-2021,excel,moto,Ducati,NAKED,Hyper Naked,Monster,1200,1200 S,Ducati Monster 1200 S,2017 - 2021,assets/vehicles/ducati/moto-ducati-monster-1200-1200-s-2017-2021/,assets/vehicles/_quick/moto-ducati-monster-1200-1200-s-2017-2021-1.webp,assets/vehicles/_quick/moto-ducati-monster-1200-1200-s-2017-2021-2.webp,,,,content/articles/ducati/moto-ducati-monster-1200-1200-s-2017-2021.md,no
e80e862da5950e3d7f89938e54ef46fd962fe19f,moto-ducati-monster-821-821-2014-2017,excel,moto,Ducati,NAKED,Sport-Naked,Monster,821,821,Ducati Monster 821,2014 - 2017,assets/vehicles/ducati/moto-ducati-monster-821-821-2014-2017/,assets/vehicles/_quick/moto-ducati-monster-821-821-2014-2017-1.webp,assets/vehicles/_quick/moto-ducati-monster-821-821-2014-2017-2.webp,,,,content/articles/ducati/moto-ducati-monster-821-821-2014-2017.md,no
9dea8bf24396eab29565fd1e5ef21ca965449c59,moto-ducati-monster-821-821-2018-2020,excel,moto,Ducati,NAKED,Sport-Naked,Monster,821,821,Ducati Monster 821,2018 - 2020,assets/vehicles/ducati/moto-ducati-monster-821-821-2018-2020/,assets/vehicles/_quick/moto-ducati-monster-821-821-2018-2020-1.webp,assets/vehicles/_quick/moto-ducati-monster-821-821-2018-2020-2.webp,,,,content/articles/ducati/moto-ducati-monster-821-821-2018-2020.md,no
97db5959d4e52e66ecb6927baf200cd55a31de95,moto-ducati-monster-937-937-2021-2025,excel,moto,Ducati,NAKED,Sport-Naked,Monster,937,937,Ducati Monster 937,2021 - 2025,assets/vehicles/ducati/moto-ducati-monster-937-937-2021-2025/,assets/vehicles/_quick/moto-ducati-monster-937-937-2021-2025-1.webp,assets/vehicles/_quick/moto-ducati-monster-937-937-2021-2025-2.webp,,,,content/articles/ducati/moto-ducati-monster-937-937-2021-2025.md,no
ba853bd320fe6fe607a20ef35ba6786439f0722a,moto-ducati-monster-classic-620-2001-2006,excel,moto,Ducati,NAKED,Naked media,Monster,Classic,620,Ducati Monster 620,2001 - 2006,assets/vehicles/ducati/moto-ducati-monster-classic-620-2001-2006/,assets/vehicles/_quick/moto-ducati-monster-classic-620-2001-2006-1.webp,assets/vehicles/_quick/moto-ducati-monster-classic-620-2001-2006-2.webp,,,,content/articles/ducati/moto-ducati-monster-classic-620-2001-2006.md,no
524ba6080076f22041835acc30a5f05e9fb6222b,moto-ducati-monster-s-series-695-2006-2008,excel,moto,Ducati,NAKED,Naked media,Monster,S-Series,695,Ducati Monster 695,2006 - 2008,assets/vehicles/ducati/moto-ducati-monster-s-series-695-2006-2008/,assets/vehicles/_quick/moto-ducati-monster-s-series-695-2006-2008-1.webp,assets/vehicles/_quick/moto-ducati-monster-s-series-695-2006-2008-2.webp,,,,content/articles/ducati/moto-ducati-monster-s-series-695-2006-2008.md,no
193506ee83750705a762ba290604003016d12556,moto-ducati-monster-s-series-s2r-1000-2006-2008,excel,moto,Ducati,NAKED,Naked media,Monster,S-Series,S2R 1000,Ducati Monster S2R 1000,2006 - 2008,assets/vehicles/ducati/moto-ducati-monster-s-series-s2r-1000-2006-2008/,assets/vehicles/_quick/moto-ducati-monster-s-series-s2r-1000-2006-2008-1.webp,assets/vehicles/_quick/moto-ducati-monster-s-series-s2r-1000-2006-2008-2.webp,,,,content/articles/ducati/moto-ducati-monster-s-series-s2r-1000-2006-2008.md,no
7a31b92ab4b3d25b316ff064cb6819a307590655,moto-ducati-monster-s-series-s4-2001-2003,excel,moto,Ducati,NAKED,Sport-Naked,Monster,S-Series,S4,Ducati Monster S4,2001 - 2003,assets/vehicles/ducati/moto-ducati-monster-s-series-s4-2001-2003/,assets/vehicles/_quick/moto-ducati-monster-s-series-s4-2001-2003-1.webp,assets/vehicles/_quick/moto-ducati-monster-s-series-s4-2001-2003-2.webp,,,,content/articles/ducati/moto-ducati-monster-s-series-s4-2001-2003.md,no
6ace6b8b615ea33486d6f192a487b7f39863d6ae,moto-ducati-monster-s-series-s4r-2003-2006,excel,moto,Ducati,NAKED,Sport-Naked,Monster,S-Series,S4R,Ducati Monster S4R,2003- 2006,assets/vehicles/ducati/moto-ducati-monster-s-series-s4r-2003-2006/,assets/vehicles/_quick/moto-ducati-monster-s-series-s4r-2003-2006-1.webp,assets/vehicles/_quick/moto-ducati-monster-s-series-s4r-2003-2006-2.webp,,,,content/articles/ducati/moto-ducati-monster-s-series-s4r-2003-2006.md,no
360dcee940d5dadb55629d55f5d490beb2e669ad,moto-ducati-monster-s-series-s4r-s-testastretta-2006-2008,excel,moto,Ducati,NAKED,Hyper Naked,Monster,S-Series,S4R S Testastretta,Ducati Monster S4R S Testastretta,2006 - 2008,assets/vehicles/ducati/moto-ducati-monster-s-series-s4r-s-testastretta-2006-2008/,assets/vehicles/_quick/moto-ducati-monster-s-series-s4r-s-testastretta-2006-2008-1.webp,assets/vehicles/_quick/moto-ducati-monster-s-series-s4r-s-testastretta-2006-2008-2.webp,,,,content/articles/ducati/moto-ducati-monster-s-series-s4r-s-testastretta-2006-2008.md,no
099f2a5daa583252482a628b9d6a266c8744aaa4,moto-ducati-monster-v2-v2-2026,excel,moto,Ducati,NAKED,Sport-Naked,Monster,V2,V2,Ducati Monster V2,2026 -,assets/vehicles/ducati/moto-ducati-monster-v2-v2-2026/,assets/vehicles/_quick/moto-ducati-monster-v2-v2-2026-1.webp,assets/vehicles/_quick/moto-ducati-monster-v2-v2-2026-2.webp,,,,content/articles/ducati/moto-ducati-monster-v2-v2-2026.md,no
a5411e441ee727c43c0c5e842cc7becd75587d3f,moto-ducati-panigale-v2-gen-1,excel,moto,Ducati,SPORT,Superbike,Panigale V2,Gen 1,-,Ducati Panigale V2,,assets/vehicles/ducati/moto-ducati-panigale-v2-gen-1/,assets/vehicles/_quick/moto-ducati-panigale-v2-gen-1-1.webp,assets/vehicles/_quick/moto-ducati-panigale-v2-gen-1-2.webp,,,,content/articles/ducati/moto-ducati-panigale-v2-gen-1.md,no
a426812bf89450f18a4ce13e5ed0816f8bbd260b,moto-ducati-panigale-v4-gen-1-2023-2024,excel,moto,Ducati,SPORT,Superbike,Panigale V4,Gen 1,-,Ducati Panigale V4,2023 - 2024,assets/vehicles/ducati/moto-ducati-panigale-v4-gen-1-2023-2024/,assets/vehicles/_quick/moto-ducati-panigale-v4-gen-1-2023-2024-1.webp,assets/vehicles/_quick/moto-ducati-panigale-v4-gen-1-2023-2024-2.webp,,,,content/articles/ducati/moto-ducati-panigale-v4-gen-1-2023-2024.md,no
d9a3444fad73dda393021ff3cd100973a477e7a4,moto-ducati-streetfighter-v4-gen-1,excel,moto,Ducati,NAKED,Hyper Naked,Streetfighter V4,Gen 1,-,Ducati Streetfighter V4,,assets/vehicles/ducati/moto-ducati-streetfighter-v4-gen-1/,assets/vehicles/_quick/moto-ducati-streetfighter-v4-gen-1-1.webp,assets/vehicles/_quick/moto-ducati-streetfighter-v4-gen-1-2.webp,,,,content/articles/ducati/moto-ducati-streetfighter-v4-gen-1.md,no
dde3db497c63664ccd697c83468a738e1c408a49,moto-honda-cb300r-gen-1-2018-2021,excel,moto,Honda,NAKED,Naked A2,CB300R,Gen 1,-,Honda CB300R,2018-2021,assets/vehicles/honda/moto-honda-cb300r-gen-1-2018-2021/,assets/vehicles/_quick/moto-honda-cb300r-gen-1-2018-2021-1.webp,assets/vehicles/_quick/moto-honda-cb300r-gen-1-2018-2021-2.webp,,,,content/articles/honda/moto-honda-cb300r-gen-1-2018-2021.md,no
444f4de6c97b50f9e17cb29c14caa944f336c9b9,moto-honda-cb300r-gen-2-2022,excel,moto,Honda,NAKED,Naked A2,CB300R,Gen 2,-,Honda CB300R,2022-,assets/vehicles/honda/moto-honda-cb300r-gen-2-2022/,assets/vehicles/_quick/moto-honda-cb300r-gen-2-2022-1.webp,assets/vehicles/_quick/moto-honda-cb300r-gen-2-2022-2.webp,,,,content/articles/honda/moto-honda-cb300r-gen-2-2022.md,no
8b2c8f9cb42fd3ceb47fe3a60486a4c66dfa1b77,moto-honda-cb500-cb500-hornet-2024,excel,moto,Honda,NAKED,Naked A2,CB500,CB500 Hornet,-,Honda CB500,2024 -,assets/vehicles/honda/moto-honda-cb500-cb500-hornet-2024/,assets/vehicles/_quick/moto-honda-cb500-cb500-hornet-2024-1.webp,assets/vehicles/_quick/moto-honda-cb500-cb500-hornet-2024-2.webp,,,,content/articles/honda/moto-honda-cb500-cb500-hornet-2024.md,no
727fa37f2374e216d8189d8cc02abe3cf9c38487,moto-honda-cb500-cb500f-i-2013-2015,excel,moto,Honda,NAKED,Naked A2,CB500,CB500F I,-,Honda CB500,2013 - 2015,assets/vehicles/honda/moto-honda-cb500-cb500f-i-2013-2015/,assets/vehicles/_quick/moto-honda-cb500-cb500f-i-2013-2015-1.webp,assets/vehicles/_quick/moto-honda-cb500-cb500f-i-2013-2015-2.webp,,,,content/articles/honda/moto-honda-cb500-cb500f-i-2013-2015.md,no
4a8f7dfadbbfe786d921f74949284c03b3af1803,moto-honda-cb500-cb500f-ii-2016-2018,excel,moto,Honda,NAKED,Naked A2,CB500,CB500F II,-,Honda CB500,2016-2018,assets/vehicles/honda/moto-honda-cb500-cb500f-ii-2016-2018/,assets/vehicles/_quick/moto-honda-cb500-cb500f-ii-2016-2018-1.webp,assets/vehicles/_quick/moto-honda-cb500-cb500f-ii-2016-2018-2.webp,,,,content/articles/honda/moto-honda-cb500-cb500f-ii-2016-2018.md,no
027139b06f1258c3227365886ba8ca13f94e6f9d,moto-honda-cb500-cb500f-iii-2019-2021,excel,moto,Honda,NAKED,Naked A2,CB500,CB500F III,-,Honda CB500,2019-2021,assets/vehicles/honda/moto-honda-cb500-cb500f-iii-2019-2021/,assets/vehicles/_quick/moto-honda-cb500-cb500f-iii-2019-2021-1.webp,assets/vehicles/_quick/moto-honda-cb500-cb500f-iii-2019-2021-2.webp,,,,content/articles/honda/moto-honda-cb500-cb500f-iii-2019-2021.md,no
3f56adc015aeb7104b3aa19e95fe99009ff10268,moto-honda-cb500-cb500f-iv-2021-2023,excel,moto,Honda,NAKED,Naked A2,CB500,CB500F IV,-,Honda CB500,2021-2023,assets/vehicles/honda/moto-honda-cb500-cb500f-iv-2021-2023/,assets/vehicles/_quick/moto-honda-cb500-cb500f-iv-2021-2023-1.webp,assets/vehicles/_quick/moto-honda-cb500-cb500f-iv-2021-2023-2.webp,,,,content/articles/honda/moto-honda-cb500-cb500f-iv-2021-2023.md,no
654c46ef516104b954f9720fe68afecabbe17c6c,moto-honda-cb650-cb650f-2014-2019,excel,moto,Honda,NAKED,Naked media,CB650,CB650F,-,Honda CB650,2014 - 2019,assets/vehicles/honda/moto-honda-cb650-cb650f-2014-2019/,assets/vehicles/_quick/moto-honda-cb650-cb650f-2014-2019-1.webp,assets/vehicles/_quick/moto-honda-cb650-cb650f-2014-2019-2.webp,,,,content/articles/honda/moto-honda-cb650-cb650f-2014-2019.md,no
396396b1cad40954d54dab2dadf3994afb848899,moto-honda-cb650-cb650r-i-2019-2024,excel,moto,Honda,NAKED,Naked media,CB650,CB650R I,-,Honda CB650,2019 - 2024,assets/vehicles/honda/moto-honda-cb650-cb650r-i-2019-2024/,assets/vehicles/_quick/moto-honda-cb650-cb650r-i-2019-2024-1.webp,assets/vehicles/_quick/moto-honda-cb650-cb650r-i-2019-2024-2.webp,,,,content/articles/honda/moto-honda-cb650-cb650r-i-2019-2024.md,no
fd5a5424b3e631dae91b61b55a4c9a2a4d22c1a7,moto-honda-cb650-cb650r-ii-2024,excel,moto,Honda,NAKED,Naked media,CB650,CB650R II,-,Honda CB650,2024 -,assets/vehicles/honda/moto-honda-cb650-cb650r-ii-2024/,assets/vehicles/_quick/moto-honda-cb650-cb650r-ii-2024-1.webp,assets/vehicles/_quick/moto-honda-cb650-cb650r-ii-2024-2.webp,,,,content/articles/honda/moto-honda-cb650-cb650r-ii-2024.md,no
414547ed5a63f6dcb39561cfa732f849769c1cfb,moto-honda-cb750-hornet-gen-1-2023,excel,moto,Honda,NAKED,Naked media,CB750 Hornet,Gen 1,-,Honda CB750 Hornet,2023-,assets/vehicles/honda/moto-honda-cb750-hornet-gen-1-2023/,assets/vehicles/_quick/moto-honda-cb750-hornet-gen-1-2023-1.webp,assets/vehicles/_quick/moto-honda-cb750-hornet-gen-1-2023-2.webp,,,,content/articles/honda/moto-honda-cb750-hornet-gen-1-2023.md,no
e995d33973d6eadb444695adc9e0c9f069c313c8,moto-honda-cbf250-gen-1-2004-2008,excel,moto,Honda,NAKED,Naked A2,CBF250,Gen 1,-,Honda CBF250,2004–2008,assets/vehicles/honda/moto-honda-cbf250-gen-1-2004-2008/,assets/vehicles/_quick/moto-honda-cbf250-gen-1-2004-2008-1.webp,assets/vehicles/_quick/moto-honda-cbf250-gen-1-2004-2008-2.webp,,,,content/articles/honda/moto-honda-cbf250-gen-1-2004-2008.md,no
9f6e15f14d20f56a8c6166b93186910922eeca66,moto-honda-cbf500-gen-1-abs-2004-2008,excel,moto,Honda,NAKED,Naked media,CBF500,Gen 1,ABS,Honda CBF500 ABS,2004 - 2008,assets/vehicles/honda/moto-honda-cbf500-gen-1-abs-2004-2008/,assets/vehicles/_quick/moto-honda-cbf500-gen-1-abs-2004-2008-1.webp,assets/vehicles/_quick/moto-honda-cbf500-gen-1-abs-2004-2008-2.webp,,,,content/articles/honda/moto-honda-cbf500-gen-1-abs-2004-2008.md,no
9ba759a87efd12bdcfdd4eb6ca854e1207850cf8,moto-honda-cbf600s-gen-1-2004-2007,excel,moto,Honda,TOURING,Sport Touring media,CBF600S,Gen 1,-,Honda CBF600S,2004 - 2007,assets/vehicles/honda/moto-honda-cbf600s-gen-1-2004-2007/,assets/vehicles/_quick/moto-honda-cbf600s-gen-1-2004-2007-1.webp,assets/vehicles/_quick/moto-honda-cbf600s-gen-1-2004-2007-2.webp,,,,content/articles/honda/moto-honda-cbf600s-gen-1-2004-2007.md,no
b758bb6fdf31c6a838ae751b49e73cf3840dfd6b,moto-honda-cbf600s-restyling-2008-2013,excel,moto,Honda,TOURING,Sport Touring media,CBF600S,Restyling,-,Honda CBF600S,2008 - 2013,assets/vehicles/honda/moto-honda-cbf600s-restyling-2008-2013/,assets/vehicles/_quick/moto-honda-cbf600s-restyling-2008-2013-1.webp,assets/vehicles/_quick/moto-honda-cbf600s-restyling-2008-2013-2.webp,,,,content/articles/honda/moto-honda-cbf600s-restyling-2008-2013.md,no
9312b6de77b3f3c0e565cf0feb15c6824c32067a,moto-honda-cbr500r-gen-1-2013-2015,excel,moto,Honda,SPORT,Sport A2,CBR500R,Gen 1,-,Honda CBR500R,2013 - 2015,assets/vehicles/honda/moto-honda-cbr500r-gen-1-2013-2015/,assets/vehicles/_quick/moto-honda-cbr500r-gen-1-2013-2015-1.webp,assets/vehicles/_quick/moto-honda-cbr500r-gen-1-2013-2015-2.webp,,,,content/articles/honda/moto-honda-cbr500r-gen-1-2013-2015.md,no
5460cb4ad0ab1e9af516c4cc7aab2dcc9c836475,moto-honda-cbr500r-gen-2-2016-2018,excel,moto,Honda,SPORT,Sport A2,CBR500R,Gen 2,-,Honda CBR500R,2016 - 2018,assets/vehicles/honda/moto-honda-cbr500r-gen-2-2016-2018/,assets/vehicles/_quick/moto-honda-cbr500r-gen-2-2016-2018-1.webp,assets/vehicles/_quick/moto-honda-cbr500r-gen-2-2016-2018-2.webp,,,,content/articles/honda/moto-honda-cbr500r-gen-2-2016-2018.md,no
2a1ac8d03cc406b9131e32095a15bb35feb24513,moto-honda-cbr500r-gen-3-2019-2021,excel,moto,Honda,SPORT,Sport A2,CBR500R,Gen 3,-,Honda CBR500R,2019 - 2021,assets/vehicles/honda/moto-honda-cbr500r-gen-3-2019-2021/,assets/vehicles/_quick/moto-honda-cbr500r-gen-3-2019-2021-1.webp,assets/vehicles/_quick/moto-honda-cbr500r-gen-3-2019-2021-2.webp,,,,content/articles/honda/moto-honda-cbr500r-gen-3-2019-2021.md,no
4e7f32895a7db8389024ca4f132e48c4c456a000,moto-honda-cbr500r-gen-4-2022-2023,excel,moto,Honda,SPORT,Sport A2,CBR500R,Gen 4,-,Honda CBR500R,2022 - 2023,assets/vehicles/honda/moto-honda-cbr500r-gen-4-2022-2023/,assets/vehicles/_quick/moto-honda-cbr500r-gen-4-2022-2023-1.webp,assets/vehicles/_quick/moto-honda-cbr500r-gen-4-2022-2023-2.webp,,,,content/articles/honda/moto-honda-cbr500r-gen-4-2022-2023.md,no
cb5ef074b9f5e3794532615af6cebe1f9b013864,moto-honda-cbr500r-gen-4-restyling-2024-2025,excel,moto,Honda,SPORT,Sport A2,CBR500R,Gen 4 - restyling,-,Honda CBR500R,2024 - 2025,assets/vehicles/honda/moto-honda-cbr500r-gen-4-restyling-2024-2025/,assets/vehicles/_quick/moto-honda-cbr500r-gen-4-restyling-2024-2025-1.webp,assets/vehicles/_quick/moto-honda-cbr500r-gen-4-restyling-2024-2025-2.webp,,,,content/articles/honda/moto-honda-cbr500r-gen-4-restyling-2024-2025.md,no
0016de6c0f2836520374f45009ac35095c97a192,moto-honda-cbr600rr-2009-2009,excel,moto,Honda,SPORT,Supersport,CBR600RR,2009,-,Honda CBR600RR,2009,assets/vehicles/honda/moto-honda-cbr600rr-2009-2009/,assets/vehicles/_quick/moto-honda-cbr600rr-2009-2009-1.webp,assets/vehicles/_quick/moto-honda-cbr600rr-2009-2009-2.webp,,,,content/articles/honda/moto-honda-cbr600rr-2009-2009.md,no
45a4094965a91503963fde9fcd337672db050248,moto-honda-cbr600rr-2012-2012,excel,moto,Honda,SPORT,Supersport,CBR600RR,2012,-,Honda CBR600RR,2012,assets/vehicles/honda/moto-honda-cbr600rr-2012-2012/,assets/vehicles/_quick/moto-honda-cbr600rr-2012-2012-1.webp,assets/vehicles/_quick/moto-honda-cbr600rr-2012-2012-2.webp,,,,content/articles/honda/moto-honda-cbr600rr-2012-2012.md,no
648ae27de602321d40d57004ba6fcc600e395e63,moto-honda-cbr600rr-2024-2024,excel,moto,Honda,SPORT,Supersport,CBR600RR,2024,-,Honda CBR600RR,2024 -,assets/vehicles/honda/moto-honda-cbr600rr-2024-2024/,assets/vehicles/_quick/moto-honda-cbr600rr-2024-2024-1.webp,assets/vehicles/_quick/moto-honda-cbr600rr-2024-2024-2.webp,,,,content/articles/honda/moto-honda-cbr600rr-2024-2024.md,no
e5170feb3fd0e6e20e315519d205c026781a7bc5,moto-honda-cbr650r-euro-5-2021-2023,excel,moto,Honda,SPORT,Sport F,CBR650R,Euro 5,-,Honda CBR650R,2021 - 2023,assets/vehicles/honda/moto-honda-cbr650r-euro-5-2021-2023/,assets/vehicles/_quick/moto-honda-cbr650r-euro-5-2021-2023-1.webp,assets/vehicles/_quick/moto-honda-cbr650r-euro-5-2021-2023-2.webp,,,,content/articles/honda/moto-honda-cbr650r-euro-5-2021-2023.md,no
e82e4ebe302e9b498cc246d84d140575b49bf84f,moto-honda-cbr650r-euro-5-restyling-2024-2025,excel,moto,Honda,SPORT,Sport F,CBR650R,Euro 5 - restyling,-,Honda CBR650R,2024 - 2025,assets/vehicles/honda/moto-honda-cbr650r-euro-5-restyling-2024-2025/,assets/vehicles/_quick/moto-honda-cbr650r-euro-5-restyling-2024-2025-1.webp,assets/vehicles/_quick/moto-honda-cbr650r-euro-5-restyling-2024-2025-2.webp,,,,content/articles/honda/moto-honda-cbr650r-euro-5-restyling-2024-2025.md,no
ac935d0d0e4cf5e72537b36ed24d9d27b2ecaa70,moto-honda-cbr650r-gen-1-2019-2020,excel,moto,Honda,SPORT,Sport F,CBR650R,Gen 1,-,Honda CBR650R,2019 - 2020,assets/vehicles/honda/moto-honda-cbr650r-gen-1-2019-2020/,assets/vehicles/_quick/moto-honda-cbr650r-gen-1-2019-2020-1.webp,assets/vehicles/_quick/moto-honda-cbr650r-gen-1-2019-2020-2.webp,,,,content/articles/honda/moto-honda-cbr650r-gen-1-2019-2020.md,no
e8fce108152694ba217bb9f4dddb07f0ae63fdfa,moto-honda-gold-wing-tour-gen-1-2025,excel,moto,Honda,TOURING,Gran Turismo,Gold Wing Tour,Gen 1,-,Honda Gold Wing Tour,2025 -,assets/vehicles/honda/moto-honda-gold-wing-tour-gen-1-2025/,assets/vehicles/_quick/moto-honda-gold-wing-tour-gen-1-2025-1.webp,assets/vehicles/_quick/moto-honda-gold-wing-tour-gen-1-2025-2.webp,,,,content/articles/honda/moto-honda-gold-wing-tour-gen-1-2025.md,no
9ae825f561c6131211254aac1e1c3ac39b19b985,moto-honda-hornet-600-gen-1,excel,moto,Honda,NAKED,Naked media,Hornet 600,Gen 1,-,Honda Hornet 600,,assets/vehicles/honda/moto-honda-hornet-600-gen-1/,assets/vehicles/_quick/moto-honda-hornet-600-gen-1-1.webp,assets/vehicles/_quick/moto-honda-hornet-600-gen-1-2.webp,,,,content/articles/honda/moto-honda-hornet-600-gen-1.md,no
9ae825f561c6131211254aac1e1c3ac39b19b985,moto-honda-hornet-600-gen-1-2,excel,moto,Honda,NAKED,Naked media,Hornet 600,Gen 1,-,Honda Hornet 600,,assets/vehicles/honda/moto-honda-hornet-600-gen-1-2/,assets/vehicles/_quick/moto-honda-hornet-600-gen-1-2-1.webp,assets/vehicles/_quick/moto-honda-hornet-600-gen-1-2-2.webp,,,,content/articles/honda/moto-honda-hornet-600-gen-1-2.md,no
6100d6b7a89566545f0efbb18ba7fb3bebe76afc,moto-honda-nc700s-gen-1-2012-2013,excel,moto,Honda,NAKED,Naked A2,NC700S,Gen 1,-,Honda NC700S,2012 - 2013,assets/vehicles/honda/moto-honda-nc700s-gen-1-2012-2013/,assets/vehicles/_quick/moto-honda-nc700s-gen-1-2012-2013-1.webp,assets/vehicles/_quick/moto-honda-nc700s-gen-1-2012-2013-2.webp,,,,content/articles/honda/moto-honda-nc700s-gen-1-2012-2013.md,no
f059c319043509ecc2d272ac4cb5e4b63f876c9e,moto-honda-nc750x-gen-1-2014-2016,excel,moto,Honda,ADVENTURE,Crossover,NC750X,Gen 1,-,Honda NC750X,2014 - 2016,assets/vehicles/honda/moto-honda-nc750x-gen-1-2014-2016/,assets/vehicles/_quick/moto-honda-nc750x-gen-1-2014-2016-1.webp,assets/vehicles/_quick/moto-honda-nc750x-gen-1-2014-2016-2.webp,,,,content/articles/honda/moto-honda-nc750x-gen-1-2014-2016.md,no
c3a21d7cf9d9e0339624e498af77a0b5c50d9303,moto-honda-vision-110-gen-1-2025,excel,moto,Honda,SCOOTER,Scooter urbano 125,Vision 110,Gen 1,-,Honda Vision 110,2025 -,assets/vehicles/honda/moto-honda-vision-110-gen-1-2025/,assets/vehicles/_quick/moto-honda-vision-110-gen-1-2025-1.webp,assets/vehicles/_quick/moto-honda-vision-110-gen-1-2025-2.webp,,,,content/articles/honda/moto-honda-vision-110-gen-1-2025.md,no
0536b4555972cce4d15fba6b31bc053db1d851eb,moto-husqvarna-vitpilen-401-gen-1-2024-2025,excel,moto,Husqvarna,NAKED,Café Racer,Vitpilen 401,Gen 1,-,Husqvarna Vitpilen 401,2024 - 2025,assets/vehicles/husqvarna/moto-husqvarna-vitpilen-401-gen-1-2024-2025/,assets/vehicles/_quick/moto-husqvarna-vitpilen-401-gen-1-2024-2025-1.webp,assets/vehicles/_quick/moto-husqvarna-vitpilen-401-gen-1-2024-2025-2.webp,,,,content/articles/husqvarna/moto-husqvarna-vitpilen-401-gen-1-2024-2025.md,no
e5ad057edfc2ac29b03dd0f81ce9fc101f97b84a,moto-husqvarna-vitpilen-801-gen-1-2024-2025,excel,moto,Husqvarna,NAKED,Café Racer,Vitpilen 801,Gen 1,-,Husqvarna Vitpilen 801,2024 - 2025,assets/vehicles/husqvarna/moto-husqvarna-vitpilen-801-gen-1-2024-2025/,assets/vehicles/_quick/moto-husqvarna-vitpilen-801-gen-1-2024-2025-1.webp,assets/vehicles/_quick/moto-husqvarna-vitpilen-801-gen-1-2024-2025-2.webp,,,,content/articles/husqvarna/moto-husqvarna-vitpilen-801-gen-1-2024-2025.md,no
1099612cbbc4d8cb212ce45b48432e10f5a95f20,moto-kawasaki-er-6-gen-1-f-2006-2008,excel,moto,Kawasaki,TOURING,Sport Touring media,ER-6,Gen 1,f,Kawasaki ER-6 f,2006 - 2008,assets/vehicles/kawasaki/moto-kawasaki-er-6-gen-1-f-2006-2008/,assets/vehicles/_quick/moto-kawasaki-er-6-gen-1-f-2006-2008-1.webp,assets/vehicles/_quick/moto-kawasaki-er-6-gen-1-f-2006-2008-2.webp,,,,content/articles/kawasaki/moto-kawasaki-er-6-gen-1-f-2006-2008.md,no
aa851a901ccf8f83fcbd542f8caa2b3699062ed5,moto-kawasaki-er-6-gen-1-n-2006-2008,excel,moto,Kawasaki,NAKED,Naked media,ER-6,Gen 1,n,Kawasaki ER-6 n,2006 - 2008,assets/vehicles/kawasaki/moto-kawasaki-er-6-gen-1-n-2006-2008/,assets/vehicles/_quick/moto-kawasaki-er-6-gen-1-n-2006-2008-1.webp,assets/vehicles/_quick/moto-kawasaki-er-6-gen-1-n-2006-2008-2.webp,,,,content/articles/kawasaki/moto-kawasaki-er-6-gen-1-n-2006-2008.md,no
aa87472e13fc94c659698a21cfa2e9b3fb4f7632,moto-kawasaki-er-6-gen-2-f-2012-2016,excel,moto,Kawasaki,TOURING,Sport Touring media,ER-6,Gen 2,f,Kawasaki ER-6 f,2012 - 2016,assets/vehicles/kawasaki/moto-kawasaki-er-6-gen-2-f-2012-2016/,assets/vehicles/_quick/moto-kawasaki-er-6-gen-2-f-2012-2016-1.webp,assets/vehicles/_quick/moto-kawasaki-er-6-gen-2-f-2012-2016-2.webp,,,,content/articles/kawasaki/moto-kawasaki-er-6-gen-2-f-2012-2016.md,no
d34550a0120cf43e830288b3bd5c92a9272c72ab,moto-kawasaki-er-6-gen-2-n-2012-2016,excel,moto,Kawasaki,NAKED,Naked media,ER-6,Gen 2,n,Kawasaki ER-6 n,2012 - 2016,assets/vehicles/kawasaki/moto-kawasaki-er-6-gen-2-n-2012-2016/,assets/vehicles/_quick/moto-kawasaki-er-6-gen-2-n-2012-2016-1.webp,assets/vehicles/_quick/moto-kawasaki-er-6-gen-2-n-2012-2016-2.webp,,,,content/articles/kawasaki/moto-kawasaki-er-6-gen-2-n-2012-2016.md,no
a05bd2d3f9d5da244f3bd2bff47f175c283bf3f1,moto-kawasaki-er-6-restyling-f-2009-2011,excel,moto,Kawasaki,TOURING,Sport Touring media,ER-6,Restyling,f,Kawasaki ER-6 f,2009 - 2011,assets/vehicles/kawasaki/moto-kawasaki-er-6-restyling-f-2009-2011/,assets/vehicles/_quick/moto-kawasaki-er-6-restyling-f-2009-2011-1.webp,assets/vehicles/_quick/moto-kawasaki-er-6-restyling-f-2009-2011-2.webp,,,,content/articles/kawasaki/moto-kawasaki-er-6-restyling-f-2009-2011.md,no
9a7537000553bdd17ef403ab361f7c06691554d1,moto-kawasaki-er-6-restyling-n-2009-2011,excel,moto,Kawasaki,NAKED,Naked media,ER-6,Restyling,n,Kawasaki ER-6 n,2009 - 2011,assets/vehicles/kawasaki/moto-kawasaki-er-6-restyling-n-2009-2011/,assets/vehicles/_quick/moto-kawasaki-er-6-restyling-n-2009-2011-1.webp,assets/vehicles/_quick/moto-kawasaki-er-6-restyling-n-2009-2011-2.webp,,,,content/articles/kawasaki/moto-kawasaki-er-6-restyling-n-2009-2011.md,no
05eddfad67d579140978a186151156186ed20a1f,moto-kawasaki-ninja-250-300-400-ninja-250r-2008-2012,excel,moto,Kawasaki,SPORT,Sport A2,Ninja 250 / 300 / 400,Ninja 250R,-,Kawasaki Ninja 250 / 300 / 400,2008–2012,assets/vehicles/kawasaki/moto-kawasaki-ninja-250-300-400-ninja-250r-2008-2012/,assets/vehicles/_quick/moto-kawasaki-ninja-250-300-400-ninja-250r-2008-2012-1.webp,assets/vehicles/_quick/moto-kawasaki-ninja-250-300-400-ninja-250r-2008-2012-2.webp,,,,content/articles/kawasaki/moto-kawasaki-ninja-250-300-400-ninja-250r-2008-2012.md,no
052be897f8dedfabf63306c0838ebca6b763f0cc,moto-kawasaki-ninja-250-300-400-ninja-300-2013-2016,excel,moto,Kawasaki,SPORT,Sport A2,Ninja 250 / 300 / 400,Ninja 300,-,Kawasaki Ninja 250 / 300 / 400,2013 - 2016,assets/vehicles/kawasaki/moto-kawasaki-ninja-250-300-400-ninja-300-2013-2016/,assets/vehicles/_quick/moto-kawasaki-ninja-250-300-400-ninja-300-2013-2016-1.webp,assets/vehicles/_quick/moto-kawasaki-ninja-250-300-400-ninja-300-2013-2016-2.webp,,,,content/articles/kawasaki/moto-kawasaki-ninja-250-300-400-ninja-300-2013-2016.md,no
5f49cf1f13c8499cb953ef63fdf7de11b30b22b0,moto-kawasaki-ninja-250-300-400-ninja-400-2019-2023,excel,moto,Kawasaki,SPORT,Sport A2,Ninja 250 / 300 / 400,Ninja 400,-,Kawasaki Ninja 250 / 300 / 400,2019 - 2023,assets/vehicles/kawasaki/moto-kawasaki-ninja-250-300-400-ninja-400-2019-2023/,assets/vehicles/_quick/moto-kawasaki-ninja-250-300-400-ninja-400-2019-2023-1.webp,assets/vehicles/_quick/moto-kawasaki-ninja-250-300-400-ninja-400-2019-2023-2.webp,,,,content/articles/kawasaki/moto-kawasaki-ninja-250-300-400-ninja-400-2019-2023.md,no
4f9b2e82c9b6121d7db3bfde4fb629aac1c6f368,moto-kawasaki-ninja-zx-4r-gen-1-2024,excel,moto,Kawasaki,SPORT,Supersport,Ninja ZX-4R,Gen 1,-,Kawasaki Ninja ZX-4R,2024 -,assets/vehicles/kawasaki/moto-kawasaki-ninja-zx-4r-gen-1-2024/,assets/vehicles/_quick/moto-kawasaki-ninja-zx-4r-gen-1-2024-1.webp,assets/vehicles/_quick/moto-kawasaki-ninja-zx-4r-gen-1-2024-2.webp,,,,content/articles/kawasaki/moto-kawasaki-ninja-zx-4r-gen-1-2024.md,no
7152099aae3db62adc3f8d3b9b65e05998a661ee,moto-kawasaki-ninja-zx-4r-gen-1-r-2024,excel,moto,Kawasaki,SPORT,Supersport,Ninja ZX-4R,Gen 1,R,Kawasaki Ninja ZX-4R R,2024 -,assets/vehicles/kawasaki/moto-kawasaki-ninja-zx-4r-gen-1-r-2024/,assets/vehicles/_quick/moto-kawasaki-ninja-zx-4r-gen-1-r-2024-1.webp,assets/vehicles/_quick/moto-kawasaki-ninja-zx-4r-gen-1-r-2024-2.webp,,,,content/articles/kawasaki/moto-kawasaki-ninja-zx-4r-gen-1-r-2024.md,no
ab71ace70c58ac1b7ea891b0b900f5094a1137cf,moto-kawasaki-ninja-zx-6r-1998-1999-1998-1999,excel,moto,Kawasaki,SPORT,Supersport,Ninja ZX-6R,1998–1999,-,Kawasaki Ninja ZX-6R,1998–1999,assets/vehicles/kawasaki/moto-kawasaki-ninja-zx-6r-1998-1999-1998-1999/,assets/vehicles/_quick/moto-kawasaki-ninja-zx-6r-1998-1999-1998-1999-1.webp,assets/vehicles/_quick/moto-kawasaki-ninja-zx-6r-1998-1999-1998-1999-2.webp,,,,content/articles/kawasaki/moto-kawasaki-ninja-zx-6r-1998-1999-1998-1999.md,no
76ad41709aca95e7ac1472e194c4e9f14e7544d3,moto-kawasaki-ninja-zx-6r-2000-2002-2000-2002,excel,moto,Kawasaki,SPORT,Supersport,Ninja ZX-6R,2000–2002,-,Kawasaki Ninja ZX-6R,2000–2002,assets/vehicles/kawasaki/moto-kawasaki-ninja-zx-6r-2000-2002-2000-2002/,assets/vehicles/_quick/moto-kawasaki-ninja-zx-6r-2000-2002-2000-2002-1.webp,assets/vehicles/_quick/moto-kawasaki-ninja-zx-6r-2000-2002-2000-2002-2.webp,,,,content/articles/kawasaki/moto-kawasaki-ninja-zx-6r-2000-2002-2000-2002.md,no
f6257f64a1dc16cc2646ed8ae4790b258c12ba9e,moto-kawasaki-ninja-zx-6r-2003-2004-2003-2004,excel,moto,Kawasaki,SPORT,Supersport,Ninja ZX-6R,2003–2004,-,Kawasaki Ninja ZX-6R,2003–2004,assets/vehicles/kawasaki/moto-kawasaki-ninja-zx-6r-2003-2004-2003-2004/,assets/vehicles/_quick/moto-kawasaki-ninja-zx-6r-2003-2004-2003-2004-1.webp,assets/vehicles/_quick/moto-kawasaki-ninja-zx-6r-2003-2004-2003-2004-2.webp,,,,content/articles/kawasaki/moto-kawasaki-ninja-zx-6r-2003-2004-2003-2004.md,no
7f2cc7b4a2ec228c4dd2b014120834b13f1be3cb,moto-kawasaki-ninja-zx-6r-2005-2006-2005-2006,excel,moto,Kawasaki,SPORT,Supersport,Ninja ZX-6R,2005–2006,-,Kawasaki Ninja ZX-6R,2005–2006,assets/vehicles/kawasaki/moto-kawasaki-ninja-zx-6r-2005-2006-2005-2006/,assets/vehicles/_quick/moto-kawasaki-ninja-zx-6r-2005-2006-2005-2006-1.webp,assets/vehicles/_quick/moto-kawasaki-ninja-zx-6r-2005-2006-2005-2006-2.webp,,,,content/articles/kawasaki/moto-kawasaki-ninja-zx-6r-2005-2006-2005-2006.md,no
ba9ae4cebc727584da15832c65015d52d85d6051,moto-kawasaki-ninja-zx-6r-2007-2008-2007-2008,excel,moto,Kawasaki,SPORT,Supersport,Ninja ZX-6R,2007–2008,-,Kawasaki Ninja ZX-6R,2007–2008,assets/vehicles/kawasaki/moto-kawasaki-ninja-zx-6r-2007-2008-2007-2008/,assets/vehicles/_quick/moto-kawasaki-ninja-zx-6r-2007-2008-2007-2008-1.webp,assets/vehicles/_quick/moto-kawasaki-ninja-zx-6r-2007-2008-2007-2008-2.webp,,,,content/articles/kawasaki/moto-kawasaki-ninja-zx-6r-2007-2008-2007-2008.md,no
ddf4549a086e71c2e8ee6f5ecf60ce8046d131e2,moto-kawasaki-ninja-zx-6r-2009-2012-2009-2012,excel,moto,Kawasaki,SPORT,Supersport,Ninja ZX-6R,2009–2012,-,Kawasaki Ninja ZX-6R,2009–2012,assets/vehicles/kawasaki/moto-kawasaki-ninja-zx-6r-2009-2012-2009-2012/,assets/vehicles/_quick/moto-kawasaki-ninja-zx-6r-2009-2012-2009-2012-1.webp,assets/vehicles/_quick/moto-kawasaki-ninja-zx-6r-2009-2012-2009-2012-2.webp,,,,content/articles/kawasaki/moto-kawasaki-ninja-zx-6r-2009-2012-2009-2012.md,no
3f451dcb01070a6ade5a9e2e2f73d648371413f5,moto-kawasaki-ninja-zx-6r-2013-2016-2013-2016,excel,moto,Kawasaki,SPORT,Supersport,Ninja ZX-6R,2013–2016,-,Kawasaki Ninja ZX-6R,2013–2016,assets/vehicles/kawasaki/moto-kawasaki-ninja-zx-6r-2013-2016-2013-2016/,assets/vehicles/_quick/moto-kawasaki-ninja-zx-6r-2013-2016-2013-2016-1.webp,assets/vehicles/_quick/moto-kawasaki-ninja-zx-6r-2013-2016-2013-2016-2.webp,,,,content/articles/kawasaki/moto-kawasaki-ninja-zx-6r-2013-2016-2013-2016.md,no
eaf903e78850f159a625e8ea776442eb8f1f97f3,moto-kawasaki-ninja-zx-6r-2019-2023-2019-2023,excel,moto,Kawasaki,SPORT,Supersport,Ninja ZX-6R,2019–2023,-,Kawasaki Ninja ZX-6R,2019–2023,assets/vehicles/kawasaki/moto-kawasaki-ninja-zx-6r-2019-2023-2019-2023/,assets/vehicles/_quick/moto-kawasaki-ninja-zx-6r-2019-2023-2019-2023-1.webp,assets/vehicles/_quick/moto-kawasaki-ninja-zx-6r-2019-2023-2019-2023-2.webp,,,,content/articles/kawasaki/moto-kawasaki-ninja-zx-6r-2019-2023-2019-2023.md,no
33b1b8edbfcd5a89d4c4984371bd4e30810abb16,moto-kawasaki-ninja-zx-6r-2024-2024,excel,moto,Kawasaki,SPORT,Supersport,Ninja ZX-6R,2024–,-,Kawasaki Ninja ZX-6R,2024 -,assets/vehicles/kawasaki/moto-kawasaki-ninja-zx-6r-2024-2024/,assets/vehicles/_quick/moto-kawasaki-ninja-zx-6r-2024-2024-1.webp,assets/vehicles/_quick/moto-kawasaki-ninja-zx-6r-2024-2024-2.webp,,,,content/articles/kawasaki/moto-kawasaki-ninja-zx-6r-2024-2024.md,no
d48db3480dcff53620a6cf3e4251a220bcfdc56e,moto-kawasaki-z300-z400-z500-z300-2015-2017,excel,moto,Kawasaki,NAKED,Naked A2,Z300 / Z400 / Z500,Z300,-,Kawasaki Z300 / Z400 / Z500,2015–2017,assets/vehicles/kawasaki/moto-kawasaki-z300-z400-z500-z300-2015-2017/,assets/vehicles/_quick/moto-kawasaki-z300-z400-z500-z300-2015-2017-1.webp,assets/vehicles/_quick/moto-kawasaki-z300-z400-z500-z300-2015-2017-2.webp,,,,content/articles/kawasaki/moto-kawasaki-z300-z400-z500-z300-2015-2017.md,no
ebf618b2df88b30a6c381e7b53a463566afee1df,moto-kawasaki-z300-z400-z500-z400-2019-2023,excel,moto,Kawasaki,NAKED,Naked A2,Z300 / Z400 / Z500,Z400,-,Kawasaki Z300 / Z400 / Z500,2019 - 2023,assets/vehicles/kawasaki/moto-kawasaki-z300-z400-z500-z400-2019-2023/,assets/vehicles/_quick/moto-kawasaki-z300-z400-z500-z400-2019-2023-1.webp,assets/vehicles/_quick/moto-kawasaki-z300-z400-z500-z400-2019-2023-2.webp,,,,content/articles/kawasaki/moto-kawasaki-z300-z400-z500-z400-2019-2023.md,no
1256d8443cd15e0e175d76e7d438ed1fab01cb57,moto-kawasaki-z300-z400-z500-z500-2024,excel,moto,Kawasaki,NAKED,Naked A2,Z300 / Z400 / Z500,Z500,-,Kawasaki Z300 / Z400 / Z500,2024 -,assets/vehicles/kawasaki/moto-kawasaki-z300-z400-z500-z500-2024/,assets/vehicles/_quick/moto-kawasaki-z300-z400-z500-z500-2024-1.webp,assets/vehicles/_quick/moto-kawasaki-z300-z400-z500-z500-2024-2.webp,,,,content/articles/kawasaki/moto-kawasaki-z300-z400-z500-z500-2024.md,no
722f126602a2b13bf5d34b3f396771595a43e151,moto-kawasaki-z650-gen-1-2025,excel,moto,Kawasaki,NAKED,Naked media,Z650,Gen 1,-,Kawasaki Z650,2025 -,assets/vehicles/kawasaki/moto-kawasaki-z650-gen-1-2025/,assets/vehicles/_quick/moto-kawasaki-z650-gen-1-2025-1.webp,assets/vehicles/_quick/moto-kawasaki-z650-gen-1-2025-2.webp,,,,content/articles/kawasaki/moto-kawasaki-z650-gen-1-2025.md,no
68e157fae76897776e5c8175fc88bc5107cc1dfb,moto-kawasaki-z900-gen-1-2025-2025-dec,excel,moto,Kawasaki,NAKED,Hyper Naked,Z900,Gen 1,-,Kawasaki Z900,2025 - 2025 dec,assets/vehicles/kawasaki/moto-kawasaki-z900-gen-1-2025-2025-dec/,assets/vehicles/_quick/moto-kawasaki-z900-gen-1-2025-2025-dec-1.webp,assets/vehicles/_quick/moto-kawasaki-z900-gen-1-2025-2025-dec-2.webp,,,,content/articles/kawasaki/moto-kawasaki-z900-gen-1-2025-2025-dec.md,no
d55d4e74c574359251486a8fe1978755601242c4,moto-ktm-1290-super-duke-rr-gen-1-2023-2025,excel,moto,KTM,NAKED,Hyper Naked,1290 Super Duke RR,Gen 1,-,KTM 1290 Super Duke RR,2023 - 2025,assets/vehicles/ktm/moto-ktm-1290-super-duke-rr-gen-1-2023-2025/,assets/vehicles/_quick/moto-ktm-1290-super-duke-rr-gen-1-2023-2025-1.webp,assets/vehicles/_quick/moto-ktm-1290-super-duke-rr-gen-1-2023-2025-2.webp,,,,content/articles/ktm/moto-ktm-1290-super-duke-rr-gen-1-2023-2025.md,no
9e08260feb6321c5a91b73780415840eb006e521,moto-ktm-390-duke-gen-1-2013-2016,excel,moto,KTM,NAKED,Naked A2,390 Duke,Gen 1,-,KTM 390 Duke,2013 - 2016,assets/vehicles/ktm/moto-ktm-390-duke-gen-1-2013-2016/,assets/vehicles/_quick/moto-ktm-390-duke-gen-1-2013-2016-1.webp,assets/vehicles/_quick/moto-ktm-390-duke-gen-1-2013-2016-2.webp,,,,content/articles/ktm/moto-ktm-390-duke-gen-1-2013-2016.md,no
d96c60aff9eb8e7dab06a7f5c1f2e536ebfa5daa,moto-ktm-390-duke-gen-2-2017-2020,excel,moto,KTM,NAKED,Naked A2,390 Duke,Gen 2,-,KTM 390 Duke,2017 - 2020,assets/vehicles/ktm/moto-ktm-390-duke-gen-2-2017-2020/,assets/vehicles/_quick/moto-ktm-390-duke-gen-2-2017-2020-1.webp,assets/vehicles/_quick/moto-ktm-390-duke-gen-2-2017-2020-2.webp,,,,content/articles/ktm/moto-ktm-390-duke-gen-2-2017-2020.md,no
5af45c0b57da5f3c3561eb15adf79964645834a0,moto-ktm-390-duke-gen-2-restyling-2021-2023,excel,moto,KTM,NAKED,Naked A2,390 Duke,Gen 2 - restyling,-,KTM 390 Duke,2021 - 2023,assets/vehicles/ktm/moto-ktm-390-duke-gen-2-restyling-2021-2023/,assets/vehicles/_quick/moto-ktm-390-duke-gen-2-restyling-2021-2023-1.webp,assets/vehicles/_quick/moto-ktm-390-duke-gen-2-restyling-2021-2023-2.webp,,,,content/articles/ktm/moto-ktm-390-duke-gen-2-restyling-2021-2023.md,no
f504522f99385ec57e57fb9bea3d00abff9e7f07,moto-ktm-390-duke-gen-3-2024,excel,moto,KTM,NAKED,Naked A2,390 Duke,Gen 3,-,KTM 390 Duke,2024 -,assets/vehicles/ktm/moto-ktm-390-duke-gen-3-2024/,assets/vehicles/_quick/moto-ktm-390-duke-gen-3-2024-1.webp,assets/vehicles/_quick/moto-ktm-390-duke-gen-3-2024-2.webp,,,,content/articles/ktm/moto-ktm-390-duke-gen-3-2024.md,no
b625b29cf8372acc29c4bfdec9622b888d367392,moto-ktm-450-exc-f-gen-1-2025,excel,moto,KTM,OFF-ROAD COMPETICIÓN,Enduro,450 EXC-F,Gen 1,-,KTM 450 EXC-F,2025 -,assets/vehicles/ktm/moto-ktm-450-exc-f-gen-1-2025/,assets/vehicles/_quick/moto-ktm-450-exc-f-gen-1-2025-1.webp,assets/vehicles/_quick/moto-ktm-450-exc-f-gen-1-2025-2.webp,,,,content/articles/ktm/moto-ktm-450-exc-f-gen-1-2025.md,no
a3f2fdd2d49ad274178ab48cd143c6acc2857e6f,moto-ktm-rc-8c-gen-1-2024,excel,moto,KTM,SPORT,Superbike,RC 8C,Gen 1,-,KTM RC 8C,2024,assets/vehicles/ktm/moto-ktm-rc-8c-gen-1-2024/,assets/vehicles/_quick/moto-ktm-rc-8c-gen-1-2024-1.webp,assets/vehicles/_quick/moto-ktm-rc-8c-gen-1-2024-2.webp,,,,content/articles/ktm/moto-ktm-rc-8c-gen-1-2024.md,no
153a17e5839255d284584dc6412e0bb7c0662a0c,moto-ktm-smt-990-gen1-990-supermoto-t-2009-2010,excel,moto,KTM,TOURING,Sport Touring grande,SMT,990 Gen1,990 Supermoto T,KTM SMT 990 Supermoto T,2009 - 2010,assets/vehicles/ktm/moto-ktm-smt-990-gen1-990-supermoto-t-2009-2010/,assets/vehicles/_quick/moto-ktm-smt-990-gen1-990-supermoto-t-2009-2010-1.webp,assets/vehicles/_quick/moto-ktm-smt-990-gen1-990-supermoto-t-2009-2010-2.webp,,,,content/articles/ktm/moto-ktm-smt-990-gen1-990-supermoto-t-2009-2010.md,no
c0b0574a018fa731b01193f5239ae15099299e16,moto-ktm-smt-990-gen-1-2-990-supermoto-t-2011-2013,excel,moto,KTM,TOURING,Sport Touring grande,SMT,990 Gen 1.2,990 Supermoto T,KTM SMT 990 Supermoto T,2011 - 2013,assets/vehicles/ktm/moto-ktm-smt-990-gen-1-2-990-supermoto-t-2011-2013/,assets/vehicles/_quick/moto-ktm-smt-990-gen-1-2-990-supermoto-t-2011-2013-1.webp,assets/vehicles/_quick/moto-ktm-smt-990-gen-1-2-990-supermoto-t-2011-2013-2.webp,,,,content/articles/ktm/moto-ktm-smt-990-gen-1-2-990-supermoto-t-2011-2013.md,no
87f0acf26ac997cf5624908604a37c326c4e84a8,moto-ktm-smt-990-gen-2-990-smt-2026,excel,moto,KTM,TOURING,Sport Touring media,SMT,990 Gen 2,990 SMT,KTM SMT 990 SMT,2026 -,assets/vehicles/ktm/moto-ktm-smt-990-gen-2-990-smt-2026/,assets/vehicles/_quick/moto-ktm-smt-990-gen-2-990-smt-2026-1.webp,assets/vehicles/_quick/moto-ktm-smt-990-gen-2-990-smt-2026-2.webp,,,,content/articles/ktm/moto-ktm-smt-990-gen-2-990-smt-2026.md,no
7f8961bd14bcb0862b608ed518eca434b47b7297,moto-ktm-smt-890-gen1-890-smt-2023-2025,excel,moto,KTM,TOURING,Sport Touring media,SMT,890 Gen1,890 SMT,KTM SMT 890 SMT,2023 - 2025,assets/vehicles/ktm/moto-ktm-smt-890-gen1-890-smt-2023-2025/,assets/vehicles/_quick/moto-ktm-smt-890-gen1-890-smt-2023-2025-1.webp,assets/vehicles/_quick/moto-ktm-smt-890-gen1-890-smt-2023-2025-2.webp,,,,content/articles/ktm/moto-ktm-smt-890-gen1-890-smt-2023-2025.md,no
25f9f7d5dc553f66d68d3cea5baf973205829a09,moto-ktm-smt-890-gen1-2-890-smt-2026-2026,excel,moto,KTM,TOURING,Sport Touring media,SMT,890 Gen1.2,890 SMT,KTM SMT 890 SMT,2026 - 2026,assets/vehicles/ktm/moto-ktm-smt-890-gen1-2-890-smt-2026-2026/,assets/vehicles/_quick/moto-ktm-smt-890-gen1-2-890-smt-2026-2026-1.webp,assets/vehicles/_quick/moto-ktm-smt-890-gen1-2-890-smt-2026-2026-2.webp,,,,content/articles/ktm/moto-ktm-smt-890-gen1-2-890-smt-2026-2026.md,no
81ef8f623b38fb4a8404cad8ed8dcad644c911c4,moto-mondial-piega-452-gen-1-2024-2025-dec,excel,moto,Mondial,SPORT,Sport A2,Piega 452,Gen 1,-,Mondial Piega 452,2024 - 2025 dec,assets/vehicles/mondial/moto-mondial-piega-452-gen-1-2024-2025-dec/,assets/vehicles/_quick/moto-mondial-piega-452-gen-1-2024-2025-dec-1.webp,assets/vehicles/_quick/moto-mondial-piega-452-gen-1-2024-2025-dec-2.webp,,,,content/articles/mondial/moto-mondial-piega-452-gen-1-2024-2025-dec.md,no
08dcdc2cfc12c164d14f8ab26e7d90f16a1fef72,moto-morbidelli-mbp-f352-gen-1-2026,excel,moto,Morbidelli,NAKED,Naked A2,MBP F352,Gen 1,-,Morbidelli MBP F352,2026 -,assets/vehicles/morbidelli/moto-morbidelli-mbp-f352-gen-1-2026/,assets/vehicles/_quick/moto-morbidelli-mbp-f352-gen-1-2026-1.webp,assets/vehicles/_quick/moto-morbidelli-mbp-f352-gen-1-2026-2.webp,,,,content/articles/morbidelli/moto-morbidelli-mbp-f352-gen-1-2026.md,no
568de21aca98f934ef0bea64fe360c954b9d03e4,moto-morbidelli-mbp-m502n-gen-1-2024-2025-dec,excel,moto,Morbidelli,NAKED,Naked A2,MBP M502N,Gen 1,-,Morbidelli MBP M502N,2024 - 2025 dec,assets/vehicles/morbidelli/moto-morbidelli-mbp-m502n-gen-1-2024-2025-dec/,assets/vehicles/_quick/moto-morbidelli-mbp-m502n-gen-1-2024-2025-dec-1.webp,assets/vehicles/_quick/moto-morbidelli-mbp-m502n-gen-1-2024-2025-dec-2.webp,,,,content/articles/morbidelli/moto-morbidelli-mbp-m502n-gen-1-2024-2025-dec.md,no
cdcfd185990f60a044db3495f7eb5faac18d05d0,moto-norton-commando-961-mk1-2013-2016,excel,moto,Norton,NAKED,Retro-naked,Commando 961,Mk1,-,Norton Commando 961,2013 - 2016,assets/vehicles/norton/moto-norton-commando-961-mk1-2013-2016/,assets/vehicles/_quick/moto-norton-commando-961-mk1-2013-2016-1.webp,assets/vehicles/_quick/moto-norton-commando-961-mk1-2013-2016-2.webp,,,,content/articles/norton/moto-norton-commando-961-mk1-2013-2016.md,no
452549946657e3e544f97565e92170a480d2f42c,moto-qjmotor-srk-125-gen-1-r-2024,excel,moto,QJMotor,SPORT,Sport 125,SRK 125,Gen 1,R,QJMotor SRK 125 R,2024 -,assets/vehicles/qjmotor/moto-qjmotor-srk-125-gen-1-r-2024/,assets/vehicles/_quick/moto-qjmotor-srk-125-gen-1-r-2024-1.webp,assets/vehicles/_quick/moto-qjmotor-srk-125-gen-1-r-2024-2.webp,,,,content/articles/qjmotor/moto-qjmotor-srk-125-gen-1-r-2024.md,no
b1ea8d2ad40a48e4d8b2c90b8196220c98e7538a,moto-qjmotor-srk-125-gen-1-s-2023,excel,moto,QJMotor,NAKED,Naked 125,SRK 125,Gen 1,S,QJMotor SRK 125 S,2023 -,assets/vehicles/qjmotor/moto-qjmotor-srk-125-gen-1-s-2023/,assets/vehicles/_quick/moto-qjmotor-srk-125-gen-1-s-2023-1.webp,assets/vehicles/_quick/moto-qjmotor-srk-125-gen-1-s-2023-2.webp,,,,content/articles/qjmotor/moto-qjmotor-srk-125-gen-1-s-2023.md,no
42991831616af848f5208810a8a04a742bffbf72,moto-qjmotor-srk-400-gen-1-2022-2024,excel,moto,QJMotor,NAKED,Naked A2,SRK 400,Gen 1,-,QJMotor SRK 400,2022 - 2024,assets/vehicles/qjmotor/moto-qjmotor-srk-400-gen-1-2022-2024/,assets/vehicles/_quick/moto-qjmotor-srk-400-gen-1-2022-2024-1.webp,assets/vehicles/_quick/moto-qjmotor-srk-400-gen-1-2022-2024-2.webp,,,,content/articles/qjmotor/moto-qjmotor-srk-400-gen-1-2022-2024.md,no
055cece0d2cfeff3c4f75b122f9bf6a832dd88b3,moto-qjmotor-srk-600-gen-1-2025-2025-dec,excel,moto,QJMotor,NAKED,Naked A2,SRK 600,Gen 1,-,QJMotor SRK 600,2025 - 2025 dec,assets/vehicles/qjmotor/moto-qjmotor-srk-600-gen-1-2025-2025-dec/,assets/vehicles/_quick/moto-qjmotor-srk-600-gen-1-2025-2025-dec-1.webp,assets/vehicles/_quick/moto-qjmotor-srk-600-gen-1-2025-2025-dec-2.webp,,,,content/articles/qjmotor/moto-qjmotor-srk-600-gen-1-2025-2025-dec.md,no
e0b96cf185f2c186a366bea9ae41adca6ac8f421,moto-qjmotor-srk-600-gen-1-2025,excel,moto,QJMotor,NAKED,Naked media,SRK 600,Gen 1,-,QJMotor SRK 600,2025 -,assets/vehicles/qjmotor/moto-qjmotor-srk-600-gen-1-2025/,assets/vehicles/_quick/moto-qjmotor-srk-600-gen-1-2025-1.webp,assets/vehicles/_quick/moto-qjmotor-srk-600-gen-1-2025-2.webp,,,,content/articles/qjmotor/moto-qjmotor-srk-600-gen-1-2025.md,no
a11883dcc4a23bfe060e7c4961b1163310c7ffb0,moto-qjmotor-srk-700-gen-1-2023-2024,excel,moto,QJMotor,NAKED,Naked media,SRK 700,Gen 1,-,QJMotor SRK 700,2023 - 2024,assets/vehicles/qjmotor/moto-qjmotor-srk-700-gen-1-2023-2024/,assets/vehicles/_quick/moto-qjmotor-srk-700-gen-1-2023-2024-1.webp,assets/vehicles/_quick/moto-qjmotor-srk-700-gen-1-2023-2024-2.webp,,,,content/articles/qjmotor/moto-qjmotor-srk-700-gen-1-2023-2024.md,no
0bbf764218597bfa308b5873d2dd198912b2a27a,moto-qjmotor-srk-700-gen-1-2023,excel,moto,QJMotor,NAKED,Naked media,SRK 700,Gen 1,-,QJMotor SRK 700,2023 -,assets/vehicles/qjmotor/moto-qjmotor-srk-700-gen-1-2023/,assets/vehicles/_quick/moto-qjmotor-srk-700-gen-1-2023-1.webp,assets/vehicles/_quick/moto-qjmotor-srk-700-gen-1-2023-2.webp,,,,content/articles/qjmotor/moto-qjmotor-srk-700-gen-1-2023.md,no
3eafa8ad79b94a44855e7e53b53ccb9c09e73851,moto-qjmotor-srt-300dx-gen-1-2026,excel,moto,QJMotor,ADVENTURE,Trail A2,SRT 300DX,Gen 1,-,QJMotor SRT 300DX,2026 -,assets/vehicles/qjmotor/moto-qjmotor-srt-300dx-gen-1-2026/,assets/vehicles/_quick/moto-qjmotor-srt-300dx-gen-1-2026-1.webp,assets/vehicles/_quick/moto-qjmotor-srt-300dx-gen-1-2026-2.webp,,,,content/articles/qjmotor/moto-qjmotor-srt-300dx-gen-1-2026.md,no
50d30d8a8d8255ae7ed796f4fdc32aca1481726e,moto-qjmotor-srt-550-gen-1-2022-2024,excel,moto,QJMotor,ADVENTURE,Trail A2,SRT 550,Gen 1,-,QJMotor SRT 550,2022 - 2024,assets/vehicles/qjmotor/moto-qjmotor-srt-550-gen-1-2022-2024/,assets/vehicles/_quick/moto-qjmotor-srt-550-gen-1-2022-2024-1.webp,assets/vehicles/_quick/moto-qjmotor-srt-550-gen-1-2022-2024-2.webp,,,,content/articles/qjmotor/moto-qjmotor-srt-550-gen-1-2022-2024.md,no
75e9220c9e597f9b28cd7c139b244d37836272bd,moto-qjmotor-srt-550-gen-1-x-2023-2024,excel,moto,QJMotor,ADVENTURE,Trail A2,SRT 550,Gen 1,X,QJMotor SRT 550 X,2023 - 2024,assets/vehicles/qjmotor/moto-qjmotor-srt-550-gen-1-x-2023-2024/,assets/vehicles/_quick/moto-qjmotor-srt-550-gen-1-x-2023-2024-1.webp,assets/vehicles/_quick/moto-qjmotor-srt-550-gen-1-x-2023-2024-2.webp,,,,content/articles/qjmotor/moto-qjmotor-srt-550-gen-1-x-2023-2024.md,no
9b6ab703ffb2b663eb7ffa297ea8df7dd90145c1,moto-qjmotor-srt-600sx-trail-gen-1-2025,excel,moto,QJMotor,ADVENTURE,Trail media,SRT 600SX Trail,Gen 1,-,QJMotor SRT 600SX Trail,2025 -,assets/vehicles/qjmotor/moto-qjmotor-srt-600sx-trail-gen-1-2025/,assets/vehicles/_quick/moto-qjmotor-srt-600sx-trail-gen-1-2025-1.webp,assets/vehicles/_quick/moto-qjmotor-srt-600sx-trail-gen-1-2025-2.webp,,,,content/articles/qjmotor/moto-qjmotor-srt-600sx-trail-gen-1-2025.md,no
5789fe51a3ef5a63f5a4821b84c6f73311d7312a,moto-qjmotor-srt-700-gen-1-on-road-2023,excel,moto,QJMotor,ADVENTURE,Crossover,SRT 700,Gen 1,On Road,QJMotor SRT 700 On Road,2023 -,assets/vehicles/qjmotor/moto-qjmotor-srt-700-gen-1-on-road-2023/,assets/vehicles/_quick/moto-qjmotor-srt-700-gen-1-on-road-2023-1.webp,assets/vehicles/_quick/moto-qjmotor-srt-700-gen-1-on-road-2023-2.webp,,,,content/articles/qjmotor/moto-qjmotor-srt-700-gen-1-on-road-2023.md,no
86d64684f05ebbecddc0d97309d150ee83c65c8c,moto-qjmotor-srt-700-gen-1-x-trail-2023,excel,moto,QJMotor,ADVENTURE,Trail media,SRT 700,Gen 1,X Trail,QJMotor SRT 700 X Trail,2023 -,assets/vehicles/qjmotor/moto-qjmotor-srt-700-gen-1-x-trail-2023/,assets/vehicles/_quick/moto-qjmotor-srt-700-gen-1-x-trail-2023-1.webp,assets/vehicles/_quick/moto-qjmotor-srt-700-gen-1-x-trail-2023-2.webp,,,,content/articles/qjmotor/moto-qjmotor-srt-700-gen-1-x-trail-2023.md,no
8093e728b87682886be932f220754f6c5a475178,moto-qjmotor-srt-800-gen-1-2022-2024,excel,moto,QJMotor,ADVENTURE,Trail media,SRT 800,Gen 1,-,QJMotor SRT 800,2022 - 2024,assets/vehicles/qjmotor/moto-qjmotor-srt-800-gen-1-2022-2024/,assets/vehicles/_quick/moto-qjmotor-srt-800-gen-1-2022-2024-1.webp,assets/vehicles/_quick/moto-qjmotor-srt-800-gen-1-2022-2024-2.webp,,,,content/articles/qjmotor/moto-qjmotor-srt-800-gen-1-2022-2024.md,no
3f21c418f2025e69e2803750d5f9c11d31200d2e,moto-qjmotor-srt-800-gen-1-x-2022-2024,excel,moto,QJMotor,ADVENTURE,Trail media,SRT 800,Gen 1,X,QJMotor SRT 800 X,2022 - 2024,assets/vehicles/qjmotor/moto-qjmotor-srt-800-gen-1-x-2022-2024/,assets/vehicles/_quick/moto-qjmotor-srt-800-gen-1-x-2022-2024-1.webp,assets/vehicles/_quick/moto-qjmotor-srt-800-gen-1-x-2022-2024-2.webp,,,,content/articles/qjmotor/moto-qjmotor-srt-800-gen-1-x-2022-2024.md,no
90ee3acee2ee9fb96015109d709736aa8f8a27f3,moto-qjmotor-srt-900-gen-1-on-road-2025,excel,moto,QJMotor,ADVENTURE,Crossover,SRT 900,Gen 1,On Road,QJMotor SRT 900 On Road,2025 -,assets/vehicles/qjmotor/moto-qjmotor-srt-900-gen-1-on-road-2025/,assets/vehicles/_quick/moto-qjmotor-srt-900-gen-1-on-road-2025-1.webp,assets/vehicles/_quick/moto-qjmotor-srt-900-gen-1-on-road-2025-2.webp,,,,content/articles/qjmotor/moto-qjmotor-srt-900-gen-1-on-road-2025.md,no
88512117b484f0e329b70ccd6474561e10d7c7f9,moto-qjmotor-srt-900-gen-1-x-trail-2025,excel,moto,QJMotor,ADVENTURE,Gran Adventure,SRT 900,Gen 1,X Trail,QJMotor SRT 900 X Trail,2025 -,assets/vehicles/qjmotor/moto-qjmotor-srt-900-gen-1-x-trail-2025/,assets/vehicles/_quick/moto-qjmotor-srt-900-gen-1-x-trail-2025-1.webp,assets/vehicles/_quick/moto-qjmotor-srt-900-gen-1-x-trail-2025-2.webp,,,,content/articles/qjmotor/moto-qjmotor-srt-900-gen-1-x-trail-2025.md,no
6fbd5179b24367234bab45f1ff066f60b8fd86fb,moto-qjmotor-srv-300-gen-1-2023,excel,moto,QJMotor,CUSTOM,Custom A2,SRV 300,Gen 1,-,QJMotor SRV 300,2023 -,assets/vehicles/qjmotor/moto-qjmotor-srv-300-gen-1-2023/,assets/vehicles/_quick/moto-qjmotor-srv-300-gen-1-2023-1.webp,assets/vehicles/_quick/moto-qjmotor-srv-300-gen-1-2023-2.webp,,,,content/articles/qjmotor/moto-qjmotor-srv-300-gen-1-2023.md,no
6a7b1a491f64e6091ac8324f697c5ba1fb46be58,moto-qjmotor-srv-550-gen-1-2023,excel,moto,QJMotor,NAKED,Retro-naked,SRV 550,Gen 1,-,QJMotor SRV 550,2023 -,assets/vehicles/qjmotor/moto-qjmotor-srv-550-gen-1-2023/,assets/vehicles/_quick/moto-qjmotor-srv-550-gen-1-2023-1.webp,assets/vehicles/_quick/moto-qjmotor-srv-550-gen-1-2023-2.webp,,,,content/articles/qjmotor/moto-qjmotor-srv-550-gen-1-2023.md,no
96636f91b633d0fc68ceef42d2cfeb8a5bc3801c,moto-suzuki-bandit-600-650-600-i-bandit-n-1995-1999,excel,moto,Suzuki,NAKED,Naked media,Bandit 600 / 650,600 I,Bandit N,Suzuki Bandit 600 / 650 Bandit N,1995 - 1999,assets/vehicles/suzuki/moto-suzuki-bandit-600-650-600-i-bandit-n-1995-1999/,assets/vehicles/_quick/moto-suzuki-bandit-600-650-600-i-bandit-n-1995-1999-1.webp,assets/vehicles/_quick/moto-suzuki-bandit-600-650-600-i-bandit-n-1995-1999-2.webp,,,,content/articles/suzuki/moto-suzuki-bandit-600-650-600-i-bandit-n-1995-1999.md,no
695f8454b5cd0598e728ef853ad2f3b715543735,moto-suzuki-bandit-600-650-600-i-s-bandit-1995-1999,excel,moto,Suzuki,TOURING,Sport Touring media,Bandit 600 / 650,600 I,S Bandit,Suzuki Bandit 600 / 650 S Bandit,1995 - 1999,assets/vehicles/suzuki/moto-suzuki-bandit-600-650-600-i-s-bandit-1995-1999/,assets/vehicles/_quick/moto-suzuki-bandit-600-650-600-i-s-bandit-1995-1999-1.webp,assets/vehicles/_quick/moto-suzuki-bandit-600-650-600-i-s-bandit-1995-1999-2.webp,,,,content/articles/suzuki/moto-suzuki-bandit-600-650-600-i-s-bandit-1995-1999.md,no
3a6bc541d5ce84cca6634b538fabfb0f65427681,moto-suzuki-bandit-600-650-600-ii-bandit-n-2000-2004,excel,moto,Suzuki,NAKED,Naked media,Bandit 600 / 650,600 II,Bandit N,Suzuki Bandit 600 / 650 Bandit N,2000 - 2004,assets/vehicles/suzuki/moto-suzuki-bandit-600-650-600-ii-bandit-n-2000-2004/,assets/vehicles/_quick/moto-suzuki-bandit-600-650-600-ii-bandit-n-2000-2004-1.webp,assets/vehicles/_quick/moto-suzuki-bandit-600-650-600-ii-bandit-n-2000-2004-2.webp,,,,content/articles/suzuki/moto-suzuki-bandit-600-650-600-ii-bandit-n-2000-2004.md,no
037a321cc8d71a86068538fd7a604ebd7b756978,moto-suzuki-bandit-600-650-600-ii-s-bandit-2000-2004,excel,moto,Suzuki,TOURING,Sport Touring media,Bandit 600 / 650,600 II,S Bandit,Suzuki Bandit 600 / 650 S Bandit,2000 - 2004,assets/vehicles/suzuki/moto-suzuki-bandit-600-650-600-ii-s-bandit-2000-2004/,assets/vehicles/_quick/moto-suzuki-bandit-600-650-600-ii-s-bandit-2000-2004-1.webp,assets/vehicles/_quick/moto-suzuki-bandit-600-650-600-ii-s-bandit-2000-2004-2.webp,,,,content/articles/suzuki/moto-suzuki-bandit-600-650-600-ii-s-bandit-2000-2004.md,no
6eeb5edfc0f4d7e3eeaefa796ef6d53f89cbc474,moto-suzuki-bandit-600-650-650-i-bandit-n-2005-2006,excel,moto,Suzuki,NAKED,Naked media,Bandit 600 / 650,650 I,Bandit N,Suzuki Bandit 600 / 650 Bandit N,2005 - 2006,assets/vehicles/suzuki/moto-suzuki-bandit-600-650-650-i-bandit-n-2005-2006/,assets/vehicles/_quick/moto-suzuki-bandit-600-650-650-i-bandit-n-2005-2006-1.webp,assets/vehicles/_quick/moto-suzuki-bandit-600-650-650-i-bandit-n-2005-2006-2.webp,,,,content/articles/suzuki/moto-suzuki-bandit-600-650-650-i-bandit-n-2005-2006.md,no
155d45f9abedac8f4a73928e73708f28c96e0723,moto-suzuki-bandit-600-650-650-i-s-bandit-2005-2006,excel,moto,Suzuki,TOURING,Sport Touring media,Bandit 600 / 650,650 I,S Bandit,Suzuki Bandit 600 / 650 S Bandit,2005 - 2006,assets/vehicles/suzuki/moto-suzuki-bandit-600-650-650-i-s-bandit-2005-2006/,assets/vehicles/_quick/moto-suzuki-bandit-600-650-650-i-s-bandit-2005-2006-1.webp,assets/vehicles/_quick/moto-suzuki-bandit-600-650-650-i-s-bandit-2005-2006-2.webp,,,,content/articles/suzuki/moto-suzuki-bandit-600-650-650-i-s-bandit-2005-2006.md,no
c076dde7713f3f0cb52f30d9136134521be4faba,moto-suzuki-bandit-600-650-650-ii-bandit-n-2007-2016,excel,moto,Suzuki,NAKED,Naked media,Bandit 600 / 650,650 II,Bandit N,Suzuki Bandit 600 / 650 Bandit N,2007 - 2016,assets/vehicles/suzuki/moto-suzuki-bandit-600-650-650-ii-bandit-n-2007-2016/,assets/vehicles/_quick/moto-suzuki-bandit-600-650-650-ii-bandit-n-2007-2016-1.webp,assets/vehicles/_quick/moto-suzuki-bandit-600-650-650-ii-bandit-n-2007-2016-2.webp,,,,content/articles/suzuki/moto-suzuki-bandit-600-650-650-ii-bandit-n-2007-2016.md,no
a5cbb6422d1f8c6d0c9e7ff49ac01badfdf873ee,moto-suzuki-bandit-600-650-650-ii-s-bandit-2007-2016,excel,moto,Suzuki,TOURING,Sport Touring media,Bandit 600 / 650,650 II,S Bandit,Suzuki Bandit 600 / 650 S Bandit,2007 - 2016,assets/vehicles/suzuki/moto-suzuki-bandit-600-650-650-ii-s-bandit-2007-2016/,assets/vehicles/_quick/moto-suzuki-bandit-600-650-650-ii-s-bandit-2007-2016-1.webp,assets/vehicles/_quick/moto-suzuki-bandit-600-650-650-ii-s-bandit-2007-2016-2.webp,,,,content/articles/suzuki/moto-suzuki-bandit-600-650-650-ii-s-bandit-2007-2016.md,no
52a3ad954a1cf9afcefb69c363e26db97cdca7bd,moto-suzuki-gs500-gen-1-2004-2009,excel,moto,Suzuki,NAKED,Naked A2,GS500,Gen 1,-,Suzuki GS500,2004–2009,assets/vehicles/suzuki/moto-suzuki-gs500-gen-1-2004-2009/,assets/vehicles/_quick/moto-suzuki-gs500-gen-1-2004-2009-1.webp,assets/vehicles/_quick/moto-suzuki-gs500-gen-1-2004-2009-2.webp,,,,content/articles/suzuki/moto-suzuki-gs500-gen-1-2004-2009.md,no
ad5f371eac5bc1d9e8016459c4cc4842548bde23,moto-suzuki-gs500-gen-1-f-2004-2009,excel,moto,Suzuki,TOURING,Sport Touring media,GS500,Gen 1,F,Suzuki GS500 F,2004–2009,assets/vehicles/suzuki/moto-suzuki-gs500-gen-1-f-2004-2009/,assets/vehicles/_quick/moto-suzuki-gs500-gen-1-f-2004-2009-1.webp,assets/vehicles/_quick/moto-suzuki-gs500-gen-1-f-2004-2009-2.webp,,,,content/articles/suzuki/moto-suzuki-gs500-gen-1-f-2004-2009.md,no
ba7a193b4ebe0d0b26391071465bf2ea7892ab35,moto-suzuki-gsx-8r-gen-1-2025-2025-dec,excel,moto,Suzuki,SPORT,Sport F,GSX-8R,Gen 1,-,Suzuki GSX-8R,2025 - 2025 dec,assets/vehicles/suzuki/moto-suzuki-gsx-8r-gen-1-2025-2025-dec/,assets/vehicles/_quick/moto-suzuki-gsx-8r-gen-1-2025-2025-dec-1.webp,assets/vehicles/_quick/moto-suzuki-gsx-8r-gen-1-2025-2025-dec-2.webp,,,,content/articles/suzuki/moto-suzuki-gsx-8r-gen-1-2025-2025-dec.md,no
aa63d66dfc415d9d2f5e978dbb0c184460476a49,moto-suzuki-gsx-8s-gen-1-2025-2026,excel,moto,Suzuki,NAKED,Naked media,GSX-8S,Gen 1,-,Suzuki GSX-8S,2025 - 2026,assets/vehicles/suzuki/moto-suzuki-gsx-8s-gen-1-2025-2026/,assets/vehicles/_quick/moto-suzuki-gsx-8s-gen-1-2025-2026-1.webp,assets/vehicles/_quick/moto-suzuki-gsx-8s-gen-1-2025-2026-2.webp,,,,content/articles/suzuki/moto-suzuki-gsx-8s-gen-1-2025-2026.md,no
f5a035ac1b00c3a2a20020b484f166f7b13c3de7,moto-suzuki-gsx-s1000-gen-1-2021-2026,excel,moto,Suzuki,NAKED,Hyper Naked,GSX-S1000,Gen 1,-,Suzuki GSX-S1000,2021 - 2026,assets/vehicles/suzuki/moto-suzuki-gsx-s1000-gen-1-2021-2026/,assets/vehicles/_quick/moto-suzuki-gsx-s1000-gen-1-2021-2026-1.webp,assets/vehicles/_quick/moto-suzuki-gsx-s1000-gen-1-2021-2026-2.webp,,,,content/articles/suzuki/moto-suzuki-gsx-s1000-gen-1-2021-2026.md,no
4ee656e2715de583b50702c698eeb3be87eeb550,moto-suzuki-inazuma-250-gw250-gen-1-2013-2017,excel,moto,Suzuki,NAKED,Naked A2,Inazuma 250 / GW250,Gen 1,-,Suzuki Inazuma 250 / GW250,2013 - 2017,assets/vehicles/suzuki/moto-suzuki-inazuma-250-gw250-gen-1-2013-2017/,assets/vehicles/_quick/moto-suzuki-inazuma-250-gw250-gen-1-2013-2017-1.webp,assets/vehicles/_quick/moto-suzuki-inazuma-250-gw250-gen-1-2013-2017-2.webp,,,,content/articles/suzuki/moto-suzuki-inazuma-250-gw250-gen-1-2013-2017.md,no
b26e1819475e3f82ebc42c010b0656195f0ae966,moto-suzuki-sv650-gladius-gladius-2009-2015,excel,moto,Suzuki,NAKED,Naked media,SV650 / Gladius,Gladius,-,Suzuki SV650 / Gladius,2009 - 2015,assets/vehicles/suzuki/moto-suzuki-sv650-gladius-gladius-2009-2015/,assets/vehicles/_quick/moto-suzuki-sv650-gladius-gladius-2009-2015-1.webp,assets/vehicles/_quick/moto-suzuki-sv650-gladius-gladius-2009-2015-2.webp,,,,content/articles/suzuki/moto-suzuki-sv650-gladius-gladius-2009-2015.md,no
69bc1351e88471d23529af4c7df75a2663d206e4,moto-suzuki-sv650-gladius-sv650-euro-4-2017-2020,excel,moto,Suzuki,NAKED,Naked media,SV650 / Gladius,SV650 Euro 4,-,Suzuki SV650 / Gladius,2017 - 2020,assets/vehicles/suzuki/moto-suzuki-sv650-gladius-sv650-euro-4-2017-2020/,assets/vehicles/_quick/moto-suzuki-sv650-gladius-sv650-euro-4-2017-2020-1.webp,assets/vehicles/_quick/moto-suzuki-sv650-gladius-sv650-euro-4-2017-2020-2.webp,,,,content/articles/suzuki/moto-suzuki-sv650-gladius-sv650-euro-4-2017-2020.md,no
0e0fce8a88988f7ec1aac554fee9f4f637de923a,moto-suzuki-sv650-gladius-sv650-euro-5-2021,excel,moto,Suzuki,NAKED,Naked media,SV650 / Gladius,SV650 Euro 5,-,Suzuki SV650 / Gladius,2021 -,assets/vehicles/suzuki/moto-suzuki-sv650-gladius-sv650-euro-5-2021/,assets/vehicles/_quick/moto-suzuki-sv650-gladius-sv650-euro-5-2021-1.webp,assets/vehicles/_quick/moto-suzuki-sv650-gladius-sv650-euro-5-2021-2.webp,,,,content/articles/suzuki/moto-suzuki-sv650-gladius-sv650-euro-5-2021.md,no
d0c7d85499b6959db43ae7e8bb5249d09ce92b18,moto-suzuki-sv650-gladius-sv650-i-1999-2002,excel,moto,Suzuki,TOURING,Sport Touring media,SV650 / Gladius,SV650 I,-,Suzuki SV650 / Gladius,1999 - 2002,assets/vehicles/suzuki/moto-suzuki-sv650-gladius-sv650-i-1999-2002/,assets/vehicles/_quick/moto-suzuki-sv650-gladius-sv650-i-1999-2002-1.webp,assets/vehicles/_quick/moto-suzuki-sv650-gladius-sv650-i-1999-2002-2.webp,,,,content/articles/suzuki/moto-suzuki-sv650-gladius-sv650-i-1999-2002.md,no
724c3e1695749344f7a1a262fabf58e6e9ae87dc,moto-suzuki-sv650-gladius-sv650-ii-2003-2008,excel,moto,Suzuki,NAKED,Naked media,SV650 / Gladius,SV650 II,-,Suzuki SV650 / Gladius,2003 - 2008,assets/vehicles/suzuki/moto-suzuki-sv650-gladius-sv650-ii-2003-2008/,assets/vehicles/_quick/moto-suzuki-sv650-gladius-sv650-ii-2003-2008-1.webp,assets/vehicles/_quick/moto-suzuki-sv650-gladius-sv650-ii-2003-2008-2.webp,,,,content/articles/suzuki/moto-suzuki-sv650-gladius-sv650-ii-2003-2008.md,no
daaeec17ad30a3743af8ecf3736c158f1aff067f,moto-suzuki-sv650-gladius-sv650-ii-s-2003-2008,excel,moto,Suzuki,TOURING,Sport Touring media,SV650 / Gladius,SV650 II,S,Suzuki SV650 / Gladius S,2003 - 2008,assets/vehicles/suzuki/moto-suzuki-sv650-gladius-sv650-ii-s-2003-2008/,assets/vehicles/_quick/moto-suzuki-sv650-gladius-sv650-ii-s-2003-2008-1.webp,assets/vehicles/_quick/moto-suzuki-sv650-gladius-sv650-ii-s-2003-2008-2.webp,,,,content/articles/suzuki/moto-suzuki-sv650-gladius-sv650-ii-s-2003-2008.md,no
73c232c98ddcecf1aad912787473107ef11d854b,moto-suzuki-v-strom-650-gen-1-2004-2007,excel,moto,Suzuki,ADVENTURE,Trail media,V-Strom 650,Gen 1,-,Suzuki V-Strom 650,2004 - 2007,assets/vehicles/suzuki/moto-suzuki-v-strom-650-gen-1-2004-2007/,assets/vehicles/_quick/moto-suzuki-v-strom-650-gen-1-2004-2007-1.webp,assets/vehicles/_quick/moto-suzuki-v-strom-650-gen-1-2004-2007-2.webp,,,,content/articles/suzuki/moto-suzuki-v-strom-650-gen-1-2004-2007.md,no
c97f4f3bff96349954a8f79743aa62e5ed0dee10,moto-suzuki-v-strom-650-gen-1-restyling-2007-2011,excel,moto,Suzuki,ADVENTURE,Trail media,V-Strom 650,Gen 1 - restyling,-,Suzuki V-Strom 650,2007 - 2011,assets/vehicles/suzuki/moto-suzuki-v-strom-650-gen-1-restyling-2007-2011/,assets/vehicles/_quick/moto-suzuki-v-strom-650-gen-1-restyling-2007-2011-1.webp,assets/vehicles/_quick/moto-suzuki-v-strom-650-gen-1-restyling-2007-2011-2.webp,,,,content/articles/suzuki/moto-suzuki-v-strom-650-gen-1-restyling-2007-2011.md,no
80f2a68cc7c8fe80d3df5b2f6ee8993af01f8e04,moto-suzuki-v-strom-650-gen-2-2012-2017,excel,moto,Suzuki,ADVENTURE,Trail media,V-Strom 650,Gen 2,-,Suzuki V-Strom 650,2012 - 2017,assets/vehicles/suzuki/moto-suzuki-v-strom-650-gen-2-2012-2017/,assets/vehicles/_quick/moto-suzuki-v-strom-650-gen-2-2012-2017-1.webp,assets/vehicles/_quick/moto-suzuki-v-strom-650-gen-2-2012-2017-2.webp,,,,content/articles/suzuki/moto-suzuki-v-strom-650-gen-2-2012-2017.md,no
f2001acf8ab39470aa147c960acc24cd3f875eb3,moto-suzuki-v-strom-650-gen-3-2017-2020,excel,moto,Suzuki,ADVENTURE,Trail media,V-Strom 650,Gen 3,-,Suzuki V-Strom 650,2017 - 2020,assets/vehicles/suzuki/moto-suzuki-v-strom-650-gen-3-2017-2020/,assets/vehicles/_quick/moto-suzuki-v-strom-650-gen-3-2017-2020-1.webp,assets/vehicles/_quick/moto-suzuki-v-strom-650-gen-3-2017-2020-2.webp,,,,content/articles/suzuki/moto-suzuki-v-strom-650-gen-3-2017-2020.md,no
1024282284efb89f608a15cee552ef7a66d873a2,moto-suzuki-v-strom-650-gen-3-euro-5-2021,excel,moto,Suzuki,ADVENTURE,Trail media,V-Strom 650,Gen 3 - Euro 5,-,Suzuki V-Strom 650,2021 -,assets/vehicles/suzuki/moto-suzuki-v-strom-650-gen-3-euro-5-2021/,assets/vehicles/_quick/moto-suzuki-v-strom-650-gen-3-euro-5-2021-1.webp,assets/vehicles/_quick/moto-suzuki-v-strom-650-gen-3-euro-5-2021-2.webp,,,,content/articles/suzuki/moto-suzuki-v-strom-650-gen-3-euro-5-2021.md,no
7e7a8ef033e1b59a131cbb6d2ec023bdf5929144,moto-triumph-speed-400-gen-1-2024,excel,moto,Triumph,NAKED,Retro-naked,Speed 400,Gen 1,-,Triumph Speed 400,2024 -,assets/vehicles/triumph/moto-triumph-speed-400-gen-1-2024/,assets/vehicles/_quick/moto-triumph-speed-400-gen-1-2024-1.webp,assets/vehicles/_quick/moto-triumph-speed-400-gen-1-2024-2.webp,,,,content/articles/triumph/moto-triumph-speed-400-gen-1-2024.md,no
219d1b4b6915c8f136addf930d9695a4b3b4a24c,moto-triumph-speed-twin-900-gen-1-2025,excel,moto,Triumph,NAKED,Retro-naked,Speed Twin 900,Gen 1,-,Triumph Speed Twin 900,2025 -,assets/vehicles/triumph/moto-triumph-speed-twin-900-gen-1-2025/,assets/vehicles/_quick/moto-triumph-speed-twin-900-gen-1-2025-1.webp,assets/vehicles/_quick/moto-triumph-speed-twin-900-gen-1-2025-2.webp,,,,content/articles/triumph/moto-triumph-speed-twin-900-gen-1-2025.md,no
329f3ea6ff27e40c9dfe1088700068557aff105e,moto-triumph-street-triple-675-i-2007-2012,excel,moto,Triumph,NAKED,Sport-Naked,Street Triple,675 I,-,Triumph Street Triple,2007 - 2012,assets/vehicles/triumph/moto-triumph-street-triple-675-i-2007-2012/,assets/vehicles/_quick/moto-triumph-street-triple-675-i-2007-2012-1.webp,assets/vehicles/_quick/moto-triumph-street-triple-675-i-2007-2012-2.webp,,,,content/articles/triumph/moto-triumph-street-triple-675-i-2007-2012.md,no
aec5932bb45353121b2f18e117f03f345cc07254,moto-triumph-street-triple-675-i-r-2009-2012,excel,moto,Triumph,NAKED,Sport-Naked,Street Triple,675 I,R,Triumph Street Triple R,2009 - 2012,assets/vehicles/triumph/moto-triumph-street-triple-675-i-r-2009-2012/,assets/vehicles/_quick/moto-triumph-street-triple-675-i-r-2009-2012-1.webp,assets/vehicles/_quick/moto-triumph-street-triple-675-i-r-2009-2012-2.webp,,,,content/articles/triumph/moto-triumph-street-triple-675-i-r-2009-2012.md,no
92e09bf1509e1a27d3ba12de742fe9a9ec597191,moto-triumph-street-triple-675-ii-2013-2016,excel,moto,Triumph,NAKED,Sport-Naked,Street Triple,675 II,-,Triumph Street Triple,2013 - 2016,assets/vehicles/triumph/moto-triumph-street-triple-675-ii-2013-2016/,assets/vehicles/_quick/moto-triumph-street-triple-675-ii-2013-2016-1.webp,assets/vehicles/_quick/moto-triumph-street-triple-675-ii-2013-2016-2.webp,,,,content/articles/triumph/moto-triumph-street-triple-675-ii-2013-2016.md,no
0576262f70353c0e3da0bd7668db6fa065e26f74,moto-triumph-street-triple-675-ii-r-2013-2016,excel,moto,Triumph,NAKED,Sport-Naked,Street Triple,675 II,R,Triumph Street Triple R,2013 - 2016,assets/vehicles/triumph/moto-triumph-street-triple-675-ii-r-2013-2016/,assets/vehicles/_quick/moto-triumph-street-triple-675-ii-r-2013-2016-1.webp,assets/vehicles/_quick/moto-triumph-street-triple-675-ii-r-2013-2016-2.webp,,,,content/articles/triumph/moto-triumph-street-triple-675-ii-r-2013-2016.md,no
2823706654c1b2dfa14dc38195e314deb812f6c6,moto-triumph-street-triple-675-ii-rx-2015-2016,excel,moto,Triumph,NAKED,Sport-Naked,Street Triple,675 II,RX,Triumph Street Triple RX,2015 - 2016,assets/vehicles/triumph/moto-triumph-street-triple-675-ii-rx-2015-2016/,assets/vehicles/_quick/moto-triumph-street-triple-675-ii-rx-2015-2016-1.webp,assets/vehicles/_quick/moto-triumph-street-triple-675-ii-rx-2015-2016-2.webp,,,,content/articles/triumph/moto-triumph-street-triple-675-ii-rx-2015-2016.md,no
e280c7832b47ad8b01cd0226d992fff10a25da4f,moto-triumph-street-triple-765-i-r-2017-2019,excel,moto,Triumph,NAKED,Sport-Naked,Street Triple,765 I,R,Triumph Street Triple R,2017 - 2019,assets/vehicles/triumph/moto-triumph-street-triple-765-i-r-2017-2019/,assets/vehicles/_quick/moto-triumph-street-triple-765-i-r-2017-2019-1.webp,assets/vehicles/_quick/moto-triumph-street-triple-765-i-r-2017-2019-2.webp,,,,content/articles/triumph/moto-triumph-street-triple-765-i-r-2017-2019.md,no
1fe1f0a365a29a7caaccb0ed2a3aa92f3e70091b,moto-triumph-street-triple-765-i-r-lrh-2017-2019,excel,moto,Triumph,NAKED,Sport-Naked,Street Triple,765 I,R LRH,Triumph Street Triple R LRH,2017 - 2019,assets/vehicles/triumph/moto-triumph-street-triple-765-i-r-lrh-2017-2019/,assets/vehicles/_quick/moto-triumph-street-triple-765-i-r-lrh-2017-2019-1.webp,assets/vehicles/_quick/moto-triumph-street-triple-765-i-r-lrh-2017-2019-2.webp,,,,content/articles/triumph/moto-triumph-street-triple-765-i-r-lrh-2017-2019.md,no
7465ed30162a6f6036b2b3aa7e9d26584fd013a8,moto-triumph-street-triple-765-i-rs-2017-2019,excel,moto,Triumph,NAKED,Sport-Naked,Street Triple,765 I,RS,Triumph Street Triple RS,2017 - 2019,assets/vehicles/triumph/moto-triumph-street-triple-765-i-rs-2017-2019/,assets/vehicles/_quick/moto-triumph-street-triple-765-i-rs-2017-2019-1.webp,assets/vehicles/_quick/moto-triumph-street-triple-765-i-rs-2017-2019-2.webp,,,,content/articles/triumph/moto-triumph-street-triple-765-i-rs-2017-2019.md,no
cb7b75c52af99fbce52c36dd8c7c13141046a782,moto-triumph-street-triple-765-i-s-2017-2019,excel,moto,Triumph,NAKED,Sport-Naked,Street Triple,765 I,S,Triumph Street Triple S,2017 - 2019,assets/vehicles/triumph/moto-triumph-street-triple-765-i-s-2017-2019/,assets/vehicles/_quick/moto-triumph-street-triple-765-i-s-2017-2019-1.webp,assets/vehicles/_quick/moto-triumph-street-triple-765-i-s-2017-2019-2.webp,,,,content/articles/triumph/moto-triumph-street-triple-765-i-s-2017-2019.md,no
bbbe11db10c7bbec7b53080833836e98663a6cc3,moto-triumph-street-triple-765-i-s-a2-2017-2019,excel,moto,Triumph,NAKED,Sport-Naked,Street Triple,765 I,S A2,Triumph Street Triple S A2,2017 - 2019,assets/vehicles/triumph/moto-triumph-street-triple-765-i-s-a2-2017-2019/,assets/vehicles/_quick/moto-triumph-street-triple-765-i-s-a2-2017-2019-1.webp,assets/vehicles/_quick/moto-triumph-street-triple-765-i-s-a2-2017-2019-2.webp,,,,content/articles/triumph/moto-triumph-street-triple-765-i-s-a2-2017-2019.md,no
20c5390bf3a91970b3b3d2836eb159e121354282,moto-triumph-street-triple-765-i-euro-5-r-2020-2022,excel,moto,Triumph,NAKED,Sport-Naked,Street Triple,765 I - Euro 5,R,Triumph Street Triple R,2020 - 2022,assets/vehicles/triumph/moto-triumph-street-triple-765-i-euro-5-r-2020-2022/,assets/vehicles/_quick/moto-triumph-street-triple-765-i-euro-5-r-2020-2022-1.webp,assets/vehicles/_quick/moto-triumph-street-triple-765-i-euro-5-r-2020-2022-2.webp,,,,content/articles/triumph/moto-triumph-street-triple-765-i-euro-5-r-2020-2022.md,no
49a1fd5d08abc6a7108ca35e3d8034ad633b472d,moto-triumph-street-triple-765-i-euro-5-r-lrh-2020-2022,excel,moto,Triumph,NAKED,Sport-Naked,Street Triple,765 I - Euro 5,R LRH,Triumph Street Triple R LRH,2020 - 2022,assets/vehicles/triumph/moto-triumph-street-triple-765-i-euro-5-r-lrh-2020-2022/,assets/vehicles/_quick/moto-triumph-street-triple-765-i-euro-5-r-lrh-2020-2022-1.webp,assets/vehicles/_quick/moto-triumph-street-triple-765-i-euro-5-r-lrh-2020-2022-2.webp,,,,content/articles/triumph/moto-triumph-street-triple-765-i-euro-5-r-lrh-2020-2022.md,no
35a07cae147aeba009a711f488ac4d5ca34b489d,moto-triumph-street-triple-765-i-euro-5-rs-2020-2022,excel,moto,Triumph,NAKED,Sport-Naked,Street Triple,765 I - Euro 5,RS,Triumph Street Triple RS,2020 - 2022,assets/vehicles/triumph/moto-triumph-street-triple-765-i-euro-5-rs-2020-2022/,assets/vehicles/_quick/moto-triumph-street-triple-765-i-euro-5-rs-2020-2022-1.webp,assets/vehicles/_quick/moto-triumph-street-triple-765-i-euro-5-rs-2020-2022-2.webp,,,,content/articles/triumph/moto-triumph-street-triple-765-i-euro-5-rs-2020-2022.md,no
2cb79ba15d7d31b7aec14cd4c1326fba89aa1ccb,moto-triumph-street-triple-765-i-euro-5-s-a2-2020-2022,excel,moto,Triumph,NAKED,Sport-Naked,Street Triple,765 I - Euro 5,S A2,Triumph Street Triple S A2,2020 - 2022,assets/vehicles/triumph/moto-triumph-street-triple-765-i-euro-5-s-a2-2020-2022/,assets/vehicles/_quick/moto-triumph-street-triple-765-i-euro-5-s-a2-2020-2022-1.webp,assets/vehicles/_quick/moto-triumph-street-triple-765-i-euro-5-s-a2-2020-2022-2.webp,,,,content/articles/triumph/moto-triumph-street-triple-765-i-euro-5-s-a2-2020-2022.md,no
06e5f3764569a85faf9474cdd3987bfeb3274082,moto-triumph-street-triple-765-ii-moto2-edition-2023-2024,excel,moto,Triumph,NAKED,Sport-Naked,Street Triple,765 II,Moto2 Edition,Triumph Street Triple Moto2 Edition,2023 - 2024,assets/vehicles/triumph/moto-triumph-street-triple-765-ii-moto2-edition-2023-2024/,assets/vehicles/_quick/moto-triumph-street-triple-765-ii-moto2-edition-2023-2024-1.webp,assets/vehicles/_quick/moto-triumph-street-triple-765-ii-moto2-edition-2023-2024-2.webp,,,,content/articles/triumph/moto-triumph-street-triple-765-ii-moto2-edition-2023-2024.md,no
0cc9cccfb8456cec36ec189264a2b3121d9565d2,moto-triumph-street-triple-765-ii-r-2023,excel,moto,Triumph,NAKED,Sport-Naked,Street Triple,765 II,R,Triumph Street Triple R,2023 -,assets/vehicles/triumph/moto-triumph-street-triple-765-ii-r-2023/,assets/vehicles/_quick/moto-triumph-street-triple-765-ii-r-2023-1.webp,assets/vehicles/_quick/moto-triumph-street-triple-765-ii-r-2023-2.webp,,,,content/articles/triumph/moto-triumph-street-triple-765-ii-r-2023.md,no
836f890c136d4993713f465c1aa711977001de8f,moto-triumph-street-triple-765-ii-r-a2-2024,excel,moto,Triumph,NAKED,Sport-Naked,Street Triple,765 II,R A2,Triumph Street Triple R A2,2024 -,assets/vehicles/triumph/moto-triumph-street-triple-765-ii-r-a2-2024/,assets/vehicles/_quick/moto-triumph-street-triple-765-ii-r-a2-2024-1.webp,assets/vehicles/_quick/moto-triumph-street-triple-765-ii-r-a2-2024-2.webp,,,,content/articles/triumph/moto-triumph-street-triple-765-ii-r-a2-2024.md,no
e4edecde05d926a8e04274fe91a31e00f8e4e087,moto-triumph-street-triple-765-ii-rs-2023,excel,moto,Triumph,NAKED,Sport-Naked,Street Triple,765 II,RS,Triumph Street Triple RS,2023 -,assets/vehicles/triumph/moto-triumph-street-triple-765-ii-rs-2023/,assets/vehicles/_quick/moto-triumph-street-triple-765-ii-rs-2023-1.webp,assets/vehicles/_quick/moto-triumph-street-triple-765-ii-rs-2023-2.webp,,,,content/articles/triumph/moto-triumph-street-triple-765-ii-rs-2023.md,no
0832bce79df2eb36c4e27ae7ffd5cc3336ba5865,moto-triumph-trident-660-gen-1-2021-2025,excel,moto,Triumph,NAKED,Naked media,Trident 660,Gen 1,-,Triumph Trident 660,2021 - 2025,assets/vehicles/triumph/moto-triumph-trident-660-gen-1-2021-2025/,assets/vehicles/_quick/moto-triumph-trident-660-gen-1-2021-2025-1.webp,assets/vehicles/_quick/moto-triumph-trident-660-gen-1-2021-2025-2.webp,,,,content/articles/triumph/moto-triumph-trident-660-gen-1-2021-2025.md,no
32cd752a2ba084dc12f9b8046511d997c2b115d7,moto-triumph-trident-660-gen-2-2026,excel,moto,Triumph,NAKED,Naked media,Trident 660,Gen 2,-,Triumph Trident 660,2026 -,assets/vehicles/triumph/moto-triumph-trident-660-gen-2-2026/,assets/vehicles/_quick/moto-triumph-trident-660-gen-2-2026-1.webp,assets/vehicles/_quick/moto-triumph-trident-660-gen-2-2026-2.webp,,,,content/articles/triumph/moto-triumph-trident-660-gen-2-2026.md,no
2d8491341df38c506ef01bedf574822935f3edcd,moto-voge-r-500-gen1-500r-2019-2020,excel,moto,Voge,NAKED,Naked A2,R,500 Gen1,500R,Voge R 500R,2019 - 2020,assets/vehicles/voge/moto-voge-r-500-gen1-500r-2019-2020/,assets/vehicles/_quick/moto-voge-r-500-gen1-500r-2019-2020-1.webp,assets/vehicles/_quick/moto-voge-r-500-gen1-500r-2019-2020-2.webp,,,,content/articles/voge/moto-voge-r-500-gen1-500r-2019-2020.md,no
bd5085943233ee2fff709721bce20000a7679d6f,moto-voge-r-500-gen1-2-500r-2020-2023,excel,moto,Voge,NAKED,Naked A2,R,500 Gen1.2,500R,Voge R 500R,2020 - 2023,assets/vehicles/voge/moto-voge-r-500-gen1-2-500r-2020-2023/,assets/vehicles/_quick/moto-voge-r-500-gen1-2-500r-2020-2023-1.webp,assets/vehicles/_quick/moto-voge-r-500-gen1-2-500r-2020-2023-2.webp,,,,content/articles/voge/moto-voge-r-500-gen1-2-500r-2020-2023.md,no
a8010de5a57e93868f991d4381473ef160fb8fe4,moto-voge-r-525-525r-2023-2024,excel,moto,Voge,NAKED,Naked A2,R,525,525R,Voge R 525R,2023 - 2024,assets/vehicles/voge/moto-voge-r-525-525r-2023-2024/,assets/vehicles/_quick/moto-voge-r-525-525r-2023-2024-1.webp,assets/vehicles/_quick/moto-voge-r-525-525r-2023-2024-2.webp,,,,content/articles/voge/moto-voge-r-525-525r-2023-2024.md,no
cf0e0b04e856cf0b5d4cee8b02baa8c2dc6a89cc,moto-voge-r-625-625r-2025,excel,moto,Voge,NAKED,Naked media,R,625,625R,Voge R 625R,2025 -,assets/vehicles/voge/moto-voge-r-625-625r-2025/,assets/vehicles/_quick/moto-voge-r-625-625r-2025-1.webp,assets/vehicles/_quick/moto-voge-r-625-625r-2025-2.webp,,,,content/articles/voge/moto-voge-r-625-625r-2025.md,no
80447cb4cc5517df2ca7f58bcf28780c1c15eb64,moto-voge-r-300-300r-2019-2023,excel,moto,Voge,NAKED,Naked A2,R,300,300R,Voge R 300R,2019 - 2023,assets/vehicles/voge/moto-voge-r-300-300r-2019-2023/,assets/vehicles/_quick/moto-voge-r-300-300r-2019-2023-1.webp,assets/vehicles/_quick/moto-voge-r-300-300r-2019-2023-2.webp,,,,content/articles/voge/moto-voge-r-300-300r-2019-2023.md,no
98cf6f2eec57a1b52b20ea72d1e40b78f8e4b550,moto-voge-rr-300-300rr-2019-2023,excel,moto,Voge,SPORT,Sport A2,RR,300,300RR,Voge RR 300RR,2019 - 2023,assets/vehicles/voge/moto-voge-rr-300-300rr-2019-2023/,assets/vehicles/_quick/moto-voge-rr-300-300rr-2019-2023-1.webp,assets/vehicles/_quick/moto-voge-rr-300-300rr-2019-2023-2.webp,,,,content/articles/voge/moto-voge-rr-300-300rr-2019-2023.md,no
1a85a6650cf7725a5a36b542a3eb764a1f932e5e,moto-voge-rr-660-rr660s-2026,excel,moto,Voge,SPORT,Sport F,RR,660,RR660S,Voge RR RR660S,2026 -,assets/vehicles/voge/moto-voge-rr-660-rr660s-2026/,assets/vehicles/_quick/moto-voge-rr-660-rr660s-2026-1.webp,assets/vehicles/_quick/moto-voge-rr-660-rr660s-2026-2.webp,,,,content/articles/voge/moto-voge-rr-660-rr660s-2026.md,no
2e09ff2ec79858f14a4c4ef1fc52419ade6a4c02,moto-voge-ds-500-500ds-2020-2023,excel,moto,Voge,ADVENTURE,Crossover,DS,500,500DS,Voge DS 500DS,2020 - 2023,assets/vehicles/voge/moto-voge-ds-500-500ds-2020-2023/,assets/vehicles/_quick/moto-voge-ds-500-500ds-2020-2023-1.webp,assets/vehicles/_quick/moto-voge-ds-500-500ds-2020-2023-2.webp,,,,content/articles/voge/moto-voge-ds-500-500ds-2020-2023.md,no
7f50db72693061ba73e4e461c5894481d20d6ce5,moto-voge-ds-500-500dsx-2021-2023,excel,moto,Voge,ADVENTURE,Trail A2,DS,500,500DSX,Voge DS 500DSX,2021 - 2023,assets/vehicles/voge/moto-voge-ds-500-500dsx-2021-2023/,assets/vehicles/_quick/moto-voge-ds-500-500dsx-2021-2023-1.webp,assets/vehicles/_quick/moto-voge-ds-500-500dsx-2021-2023-2.webp,,,,content/articles/voge/moto-voge-ds-500-500dsx-2021-2023.md,no
671efb285d361924bda0d70df067801eb8f3e4c8,moto-voge-ds-650-650ds-2021-2022,excel,moto,Voge,ADVENTURE,Crossover,DS,650,650DS,Voge DS 650DS,2021 - 2022,assets/vehicles/voge/moto-voge-ds-650-650ds-2021-2022/,assets/vehicles/_quick/moto-voge-ds-650-650ds-2021-2022-1.webp,assets/vehicles/_quick/moto-voge-ds-650-650ds-2021-2022-2.webp,,,,content/articles/voge/moto-voge-ds-650-650ds-2021-2022.md,no
8619be36f392c1e0cecd921a5e2f2882e617a09f,moto-voge-ds-650-650dsx-2021-2022,excel,moto,Voge,ADVENTURE,Trail A2,DS,650,650DSX,Voge DS 650DSX,2021 - 2022,assets/vehicles/voge/moto-voge-ds-650-650dsx-2021-2022/,assets/vehicles/_quick/moto-voge-ds-650-650dsx-2021-2022-1.webp,assets/vehicles/_quick/moto-voge-ds-650-650dsx-2021-2022-2.webp,,,,content/articles/voge/moto-voge-ds-650-650dsx-2021-2022.md,no
3932d5ef1f5d27b1ee39414b5b29b967e6c80608,moto-voge-ds-525-525dsx-2023-2025,excel,moto,Voge,ADVENTURE,Trail A2,DS,525,525DSX,Voge DS 525DSX,2023 - 2025,assets/vehicles/voge/moto-voge-ds-525-525dsx-2023-2025/,assets/vehicles/_quick/moto-voge-ds-525-525dsx-2023-2025-1.webp,assets/vehicles/_quick/moto-voge-ds-525-525dsx-2023-2025-2.webp,,,,content/articles/voge/moto-voge-ds-525-525dsx-2023-2025.md,no
1537c67db3ee7f0c5e7664650619628473b96e22,moto-voge-ds-625-625dsx-2025,excel,moto,Voge,ADVENTURE,Trail media,DS,625,625DSX,Voge DS 625DSX,2025 -,assets/vehicles/voge/moto-voge-ds-625-625dsx-2025/,assets/vehicles/_quick/moto-voge-ds-625-625dsx-2025-1.webp,assets/vehicles/_quick/moto-voge-ds-625-625dsx-2025-2.webp,,,,content/articles/voge/moto-voge-ds-625-625dsx-2025.md,no
15eeafcb4a414d44a0a579152fa5847f63358dcd,moto-voge-ds-900-900dsx-2024,excel,moto,Voge,ADVENTURE,Gran Adventure,DS,900,900DSX,Voge DS 900DSX,2024 -,assets/vehicles/voge/moto-voge-ds-900-900dsx-2024/,assets/vehicles/_quick/moto-voge-ds-900-900dsx-2024-1.webp,assets/vehicles/_quick/moto-voge-ds-900-900dsx-2024-2.webp,,,,content/articles/voge/moto-voge-ds-900-900dsx-2024.md,no
8440aa2d849d887bc27859cf1c307530e25d06b7,moto-voge-ds-300-gen1-300ds-2020-2023,excel,moto,Voge,ADVENTURE,Crossover,DS,300 Gen1,300DS,Voge DS 300DS,2020 - 2023,assets/vehicles/voge/moto-voge-ds-300-gen1-300ds-2020-2023/,assets/vehicles/_quick/moto-voge-ds-300-gen1-300ds-2020-2023-1.webp,assets/vehicles/_quick/moto-voge-ds-300-gen1-300ds-2020-2023-2.webp,,,,content/articles/voge/moto-voge-ds-300-gen1-300ds-2020-2023.md,no
1cdadeef2182cb4a61a3b89d8a33f7a2f437adff,moto-voge-ds-300-gen2-300-rally-2023,excel,moto,Voge,ADVENTURE,Rally-Raid,DS,300 Gen2,300 Rally,Voge DS 300 Rally,2023 -,assets/vehicles/voge/moto-voge-ds-300-gen2-300-rally-2023/,assets/vehicles/_quick/moto-voge-ds-300-gen2-300-rally-2023-1.webp,assets/vehicles/_quick/moto-voge-ds-300-gen2-300-rally-2023-2.webp,,,,content/articles/voge/moto-voge-ds-300-gen2-300-rally-2023.md,no
bb61ec50808861e1a68d018890bc0b53da49d20a,moto-voge-ds-800-ds800-rally-2025,excel,moto,Voge,ADVENTURE,Rally-Raid,DS,800,DS800 Rally,Voge DS DS800 Rally,2025 -,assets/vehicles/voge/moto-voge-ds-800-ds800-rally-2025/,assets/vehicles/_quick/moto-voge-ds-800-ds800-rally-2025-1.webp,assets/vehicles/_quick/moto-voge-ds-800-ds800-rally-2025-2.webp,,,,content/articles/voge/moto-voge-ds-800-ds800-rally-2025.md,no
503d3eaeb880b085c66cb6623f31c8fa0ba44f8f,moto-yamaha-fazer-1000-fz1-2006-2014,excel,moto,Yamaha,TOURING,Sport Touring grande,Fazer 1000,FZ1,-,Yamaha Fazer 1000,2006 - 2014,assets/vehicles/yamaha/moto-yamaha-fazer-1000-fz1-2006-2014/,assets/vehicles/_quick/moto-yamaha-fazer-1000-fz1-2006-2014-1.webp,assets/vehicles/_quick/moto-yamaha-fazer-1000-fz1-2006-2014-2.webp,,,,content/articles/yamaha/moto-yamaha-fazer-1000-fz1-2006-2014.md,no
a9a32d4f77aaea05ae125c4b617a103de55f86d2,moto-yamaha-fazer-1000-fzs1000-2001-2005,excel,moto,Yamaha,TOURING,Sport Touring grande,Fazer 1000,FZS1000,-,Yamaha Fazer 1000,2001 - 2005,assets/vehicles/yamaha/moto-yamaha-fazer-1000-fzs1000-2001-2005/,assets/vehicles/_quick/moto-yamaha-fazer-1000-fzs1000-2001-2005-1.webp,assets/vehicles/_quick/moto-yamaha-fazer-1000-fzs1000-2001-2005-2.webp,,,,content/articles/yamaha/moto-yamaha-fazer-1000-fzs1000-2001-2005.md,no
93df696fd93044c33fe0ec1bcba7d395d338d79f,moto-yamaha-fazer-600-fz6-s1-2004-2006,excel,moto,Yamaha,TOURING,Sport Touring media,Fazer 600,FZ6 S1,-,Yamaha Fazer 600,2004 - 2006,assets/vehicles/yamaha/moto-yamaha-fazer-600-fz6-s1-2004-2006/,assets/vehicles/_quick/moto-yamaha-fazer-600-fz6-s1-2004-2006-1.webp,assets/vehicles/_quick/moto-yamaha-fazer-600-fz6-s1-2004-2006-2.webp,,,,content/articles/yamaha/moto-yamaha-fazer-600-fz6-s1-2004-2006.md,no
704f32226ec28cc9580aa6773b7fd3bf0d9b1586,moto-yamaha-fazer-600-fz6-s2-2007-2010,excel,moto,Yamaha,TOURING,Sport Touring media,Fazer 600,FZ6 S2,-,Yamaha Fazer 600,2007 - 2010,assets/vehicles/yamaha/moto-yamaha-fazer-600-fz6-s2-2007-2010/,assets/vehicles/_quick/moto-yamaha-fazer-600-fz6-s2-2007-2010-1.webp,assets/vehicles/_quick/moto-yamaha-fazer-600-fz6-s2-2007-2010-2.webp,,,,content/articles/yamaha/moto-yamaha-fazer-600-fz6-s2-2007-2010.md,no
4a6172ce29af31db38279ce981f3cfcfa4a02bf5,moto-yamaha-fazer-600-fzs600-restyling-2002-2003,excel,moto,Yamaha,TOURING,Sport Touring media,Fazer 600,FZS600 - restyling,-,Yamaha Fazer 600,2002 - 2003,assets/vehicles/yamaha/moto-yamaha-fazer-600-fzs600-restyling-2002-2003/,assets/vehicles/_quick/moto-yamaha-fazer-600-fzs600-restyling-2002-2003-1.webp,assets/vehicles/_quick/moto-yamaha-fazer-600-fzs600-restyling-2002-2003-2.webp,,,,content/articles/yamaha/moto-yamaha-fazer-600-fzs600-restyling-2002-2003.md,no
0e9611bac58cbcdb9ec71085359e2781bd35faff,moto-yamaha-fazer-600-fzs600-i-1998-2001,excel,moto,Yamaha,TOURING,Sport Touring media,Fazer 600,FZS600 I,-,Yamaha Fazer 600,1998 - 2001,assets/vehicles/yamaha/moto-yamaha-fazer-600-fzs600-i-1998-2001/,assets/vehicles/_quick/moto-yamaha-fazer-600-fzs600-i-1998-2001-1.webp,assets/vehicles/_quick/moto-yamaha-fazer-600-fzs600-i-1998-2001-2.webp,,,,content/articles/yamaha/moto-yamaha-fazer-600-fzs600-i-1998-2001.md,no
88a5f4026d9c77c50b0be67c500f457ec68eade7,moto-yamaha-fazer8-gen-1-2010-2014,excel,moto,Yamaha,TOURING,Sport Touring media,Fazer8,Gen 1,-,Yamaha Fazer8,2010 - 2014,assets/vehicles/yamaha/moto-yamaha-fazer8-gen-1-2010-2014/,assets/vehicles/_quick/moto-yamaha-fazer8-gen-1-2010-2014-1.webp,assets/vehicles/_quick/moto-yamaha-fazer8-gen-1-2010-2014-2.webp,,,,content/articles/yamaha/moto-yamaha-fazer8-gen-1-2010-2014.md,no
bc9c3994f32f01675b07a175dd1bd347ea235b15,moto-yamaha-mt-03-gen-1-2016-2019,excel,moto,Yamaha,NAKED,Naked A2,MT-03,Gen 1,-,Yamaha MT-03,2016-2019,assets/vehicles/yamaha/moto-yamaha-mt-03-gen-1-2016-2019/,assets/vehicles/_quick/moto-yamaha-mt-03-gen-1-2016-2019-1.webp,assets/vehicles/_quick/moto-yamaha-mt-03-gen-1-2016-2019-2.webp,,,,content/articles/yamaha/moto-yamaha-mt-03-gen-1-2016-2019.md,no
cbd5741df9a56fbdc32844f4348caabaf2ca9f38,moto-yamaha-mt-03-gen-2-2020-2024,excel,moto,Yamaha,NAKED,Naked A2,MT-03,Gen 2,-,Yamaha MT-03,2020-2024,assets/vehicles/yamaha/moto-yamaha-mt-03-gen-2-2020-2024/,assets/vehicles/_quick/moto-yamaha-mt-03-gen-2-2020-2024-1.webp,assets/vehicles/_quick/moto-yamaha-mt-03-gen-2-2020-2024-2.webp,,,,content/articles/yamaha/moto-yamaha-mt-03-gen-2-2020-2024.md,no
ac9559fad42c820a4a4d87174d4a55ef2d5f520a,moto-yamaha-mt-03-gen-3-2024,excel,moto,Yamaha,NAKED,Naked A2,MT-03,Gen 3,-,Yamaha MT-03,2024-,assets/vehicles/yamaha/moto-yamaha-mt-03-gen-3-2024/,assets/vehicles/_quick/moto-yamaha-mt-03-gen-3-2024-1.webp,assets/vehicles/_quick/moto-yamaha-mt-03-gen-3-2024-2.webp,,,,content/articles/yamaha/moto-yamaha-mt-03-gen-3-2024.md,no
2f89088c72e2df9d568c5196eb016ee0f610b61a,moto-yamaha-mt-07-gen-1-2014-2017,excel,moto,Yamaha,NAKED,Naked media,MT-07,Gen 1,-,Yamaha MT-07,2014-2017,assets/vehicles/yamaha/moto-yamaha-mt-07-gen-1-2014-2017/,assets/vehicles/_quick/moto-yamaha-mt-07-gen-1-2014-2017-1.webp,assets/vehicles/_quick/moto-yamaha-mt-07-gen-1-2014-2017-2.webp,,,,content/articles/yamaha/moto-yamaha-mt-07-gen-1-2014-2017.md,no
a1de92328137a3086ee4a9b09851f65f86827cce,moto-yamaha-mt-07-gen-1-2-2018-2020,excel,moto,Yamaha,NAKED,Naked media,MT-07,Gen 1.2,-,Yamaha MT-07,2018-2020,assets/vehicles/yamaha/moto-yamaha-mt-07-gen-1-2-2018-2020/,assets/vehicles/_quick/moto-yamaha-mt-07-gen-1-2-2018-2020-1.webp,assets/vehicles/_quick/moto-yamaha-mt-07-gen-1-2-2018-2020-2.webp,,,,content/articles/yamaha/moto-yamaha-mt-07-gen-1-2-2018-2020.md,no
0c911982e99304c3709fc353965d4c5cbded3834,moto-yamaha-mt-07-gen-2-1-rm33-rm34-2021-2024,excel,moto,Yamaha,NAKED,Naked media,MT-07,Gen 2.1 (RM33/RM34),-,Yamaha MT-07,2021-2024,assets/vehicles/yamaha/moto-yamaha-mt-07-gen-2-1-rm33-rm34-2021-2024/,assets/vehicles/_quick/moto-yamaha-mt-07-gen-2-1-rm33-rm34-2021-2024-1.webp,assets/vehicles/_quick/moto-yamaha-mt-07-gen-2-1-rm33-rm34-2021-2024-2.webp,,,,content/articles/yamaha/moto-yamaha-mt-07-gen-2-1-rm33-rm34-2021-2024.md,no
bd3bdb089c238d57eda082dca705fa60dc14a49c,moto-yamaha-mt-07-gen-2-2-rm46-rm47-2021-2024,excel,moto,Yamaha,NAKED,Naked media,MT-07,Gen 2.2 (RM46/RM47),-,Yamaha MT-07,2021-2024,assets/vehicles/yamaha/moto-yamaha-mt-07-gen-2-2-rm46-rm47-2021-2024/,assets/vehicles/_quick/moto-yamaha-mt-07-gen-2-2-rm46-rm47-2021-2024-1.webp,assets/vehicles/_quick/moto-yamaha-mt-07-gen-2-2-rm46-rm47-2021-2024-2.webp,,,,content/articles/yamaha/moto-yamaha-mt-07-gen-2-2-rm46-rm47-2021-2024.md,no
6691884e6e74d576744c671550255110de872213,moto-yamaha-mt-07-gen-3-rm53-rm54-2025,excel,moto,Yamaha,NAKED,Naked media,MT-07,Gen 3 (RM53/RM54),-,Yamaha MT-07,2025 -,assets/vehicles/yamaha/moto-yamaha-mt-07-gen-3-rm53-rm54-2025/,assets/vehicles/_quick/moto-yamaha-mt-07-gen-3-rm53-rm54-2025-1.webp,assets/vehicles/_quick/moto-yamaha-mt-07-gen-3-rm53-rm54-2025-2.webp,,,,content/articles/yamaha/moto-yamaha-mt-07-gen-3-rm53-rm54-2025.md,no
2ec37fd652b82467e3c4c0d1ef54753b5a9ebea5,moto-yamaha-r3-gen-1-2015-2018,excel,moto,Yamaha,SPORT,Sport A2,R3,Gen 1,-,Yamaha R3,2015 - 2018,assets/vehicles/yamaha/moto-yamaha-r3-gen-1-2015-2018/,assets/vehicles/_quick/moto-yamaha-r3-gen-1-2015-2018-1.webp,assets/vehicles/_quick/moto-yamaha-r3-gen-1-2015-2018-2.webp,,,,content/articles/yamaha/moto-yamaha-r3-gen-1-2015-2018.md,no
2df44e3e640712449d22bc01c92b244d31e094d9,moto-yamaha-r3-gen-2-2019-2024,excel,moto,Yamaha,SPORT,Sport A2,R3,Gen 2,-,Yamaha R3,2019 - 2024,assets/vehicles/yamaha/moto-yamaha-r3-gen-2-2019-2024/,assets/vehicles/_quick/moto-yamaha-r3-gen-2-2019-2024-1.webp,assets/vehicles/_quick/moto-yamaha-r3-gen-2-2019-2024-2.webp,,,,content/articles/yamaha/moto-yamaha-r3-gen-2-2019-2024.md,no
1abe2cdbd7051e06f04f6e5bd3824e49c21c7cea,moto-yamaha-r3-gen-3-2025,excel,moto,Yamaha,SPORT,Sport A2,R3,Gen 3,-,Yamaha R3,2025 -,assets/vehicles/yamaha/moto-yamaha-r3-gen-3-2025/,assets/vehicles/_quick/moto-yamaha-r3-gen-3-2025-1.webp,assets/vehicles/_quick/moto-yamaha-r3-gen-3-2025-2.webp,,,,content/articles/yamaha/moto-yamaha-r3-gen-3-2025.md,no
7c2c0221e3fc7d570483966bef4c22a6fea656ee,moto-yamaha-r6-gen-1,excel,moto,Yamaha,SPORT,Supersport,R6,Gen 1,-,Yamaha R6,,assets/vehicles/yamaha/moto-yamaha-r6-gen-1/,assets/vehicles/_quick/moto-yamaha-r6-gen-1-1.webp,assets/vehicles/_quick/moto-yamaha-r6-gen-1-2.webp,,,,content/articles/yamaha/moto-yamaha-r6-gen-1.md,no
0864d949de041f27bb9b9577aba7bc0771fc254b,moto-yamaha-tenere-700-gen-1-2025,excel,moto,Yamaha,ADVENTURE,Trail media,Ténéré 700,Gen 1,-,Yamaha Ténéré 700,2025 -,assets/vehicles/yamaha/moto-yamaha-tenere-700-gen-1-2025/,assets/vehicles/_quick/moto-yamaha-tenere-700-gen-1-2025-1.webp,assets/vehicles/_quick/moto-yamaha-tenere-700-gen-1-2025-2.webp,,,,content/articles/yamaha/moto-yamaha-tenere-700-gen-1-2025.md,no
54f643e61eb04e473c4c40fe3da5f7bf7cf7ac62,moto-yamaha-tracer-7-gt-gen-1,excel,moto,Yamaha,TOURING,Sport Touring media,Tracer 7 GT,Gen 1,-,Yamaha Tracer 7 GT,,assets/vehicles/yamaha/moto-yamaha-tracer-7-gt-gen-1/,assets/vehicles/_quick/moto-yamaha-tracer-7-gt-gen-1-1.webp,assets/vehicles/_quick/moto-yamaha-tracer-7-gt-gen-1-2.webp,,,,content/articles/yamaha/moto-yamaha-tracer-7-gt-gen-1.md,no
c0caeddb09df4fd2437eab7341678464d9883653,moto-yamaha-xj6-diversion-gen-1-f-abs-2010-2016,excel,moto,Yamaha,TOURING,Sport Touring media,XJ6 Diversion,Gen 1,F ABS,Yamaha XJ6 Diversion F ABS,2010 - 2016,assets/vehicles/yamaha/moto-yamaha-xj6-diversion-gen-1-f-abs-2010-2016/,assets/vehicles/_quick/moto-yamaha-xj6-diversion-gen-1-f-abs-2010-2016-1.webp,assets/vehicles/_quick/moto-yamaha-xj6-diversion-gen-1-f-abs-2010-2016-2.webp,,,,content/articles/yamaha/moto-yamaha-xj6-diversion-gen-1-f-abs-2010-2016.md,no
d45a6c6fc8db28648fe2517aa93688eac163b3cd,moto-yamaha-xj6-diversion-gen-1-n-abs-2006-2016,excel,moto,Yamaha,NAKED,Naked media,XJ6 Diversion,Gen 1,N ABS,Yamaha XJ6 Diversion N ABS,2006 - 2016,assets/vehicles/yamaha/moto-yamaha-xj6-diversion-gen-1-n-abs-2006-2016/,assets/vehicles/_quick/moto-yamaha-xj6-diversion-gen-1-n-abs-2006-2016-1.webp,assets/vehicles/_quick/moto-yamaha-xj6-diversion-gen-1-n-abs-2006-2016-2.webp,,,,content/articles/yamaha/moto-yamaha-xj6-diversion-gen-1-n-abs-2006-2016.md,no
d947418517188481fb0f80503a64952cac581600,moto-yamaha-xj6-diversion-gen-1-s-abs-2009-2016,excel,moto,Yamaha,NAKED,Sport-Naked,XJ6 Diversion,Gen 1,S ABS,Yamaha XJ6 Diversion S ABS,2009 - 2016,assets/vehicles/yamaha/moto-yamaha-xj6-diversion-gen-1-s-abs-2009-2016/,assets/vehicles/_quick/moto-yamaha-xj6-diversion-gen-1-s-abs-2009-2016-1.webp,assets/vehicles/_quick/moto-yamaha-xj6-diversion-gen-1-s-abs-2009-2016-2.webp,,,,content/articles/yamaha/moto-yamaha-xj6-diversion-gen-1-s-abs-2009-2016.md,no
7373ba8cbe3f9b799e039fdea606f189eaaeeff0,moto-yamaha-xsr700-gen-1-2016-2021,excel,moto,Yamaha,NAKED,Retro-naked,XSR700,Gen 1,-,Yamaha XSR700,2016-2021,assets/vehicles/yamaha/moto-yamaha-xsr700-gen-1-2016-2021/,assets/vehicles/_quick/moto-yamaha-xsr700-gen-1-2016-2021-1.webp,assets/vehicles/_quick/moto-yamaha-xsr700-gen-1-2016-2021-2.webp,,,,content/articles/yamaha/moto-yamaha-xsr700-gen-1-2016-2021.md,no
051c6b29e8eaefa626bd9dc0c67eba6c81927c0e,moto-yamaha-xsr700-gen-2-2022-2024,excel,moto,Yamaha,NAKED,Retro-naked,XSR700,Gen 2,-,Yamaha XSR700,2022 - 2024,assets/vehicles/yamaha/moto-yamaha-xsr700-gen-2-2022-2024/,assets/vehicles/_quick/moto-yamaha-xsr700-gen-2-2022-2024-1.webp,assets/vehicles/_quick/moto-yamaha-xsr700-gen-2-2022-2024-2.webp,,,,content/articles/yamaha/moto-yamaha-xsr700-gen-2-2022-2024.md,no
821e6cb3d7e8d00401df81a197026e4536ec9216,moto-yamaha-ybr250-gen-1-2007-2013,excel,moto,Yamaha,NAKED,Naked A2,YBR250,Gen 1,-,Yamaha YBR250,2007–2013,assets/vehicles/yamaha/moto-yamaha-ybr250-gen-1-2007-2013/,assets/vehicles/_quick/moto-yamaha-ybr250-gen-1-2007-2013-1.webp,assets/vehicles/_quick/moto-yamaha-ybr250-gen-1-2007-2013-2.webp,,,,content/articles/yamaha/moto-yamaha-ybr250-gen-1-2007-2013.md,no
d0b8d2ea61fb8a7550932ea12a7f3589f7c1efb3,moto-zontes-350r-gen-1-2025,excel,moto,Zontes,NAKED,Naked A2,350R,Gen 1,-,Zontes 350R,2025 -,assets/vehicles/zontes/moto-zontes-350r-gen-1-2025/,assets/vehicles/_quick/moto-zontes-350r-gen-1-2025-1.webp,assets/vehicles/_quick/moto-zontes-350r-gen-1-2025-2.webp,,,,content/articles/zontes/moto-zontes-350r-gen-1-2025.md,no
4a84f9b53232049af55df737f53ab2757da55e1b,moto-zontes-703-gen-1-r-2026,excel,moto,Zontes,NAKED,Naked media,703,Gen 1,R,Zontes 703 R,2026 -,assets/vehicles/zontes/moto-zontes-703-gen-1-r-2026/,assets/vehicles/_quick/moto-zontes-703-gen-1-r-2026-1.webp,assets/vehicles/_quick/moto-zontes-703-gen-1-r-2026-2.webp,,,,content/articles/zontes/moto-zontes-703-gen-1-r-2026.md,no
b89e2fe58d50ad08e5a54674f3fae666391655ef,moto-zontes-703-gen-1-rr-2025,excel,moto,Zontes,SPORT,Sport F,703,Gen 1,RR,Zontes 703 RR,2025 -,assets/vehicles/zontes/moto-zontes-703-gen-1-rr-2025/,assets/vehicles/_quick/moto-zontes-703-gen-1-rr-2025-1.webp,assets/vehicles/_quick/moto-zontes-703-gen-1-rr-2025-2.webp,,,,content/articles/zontes/moto-zontes-703-gen-1-rr-2025.md,no
